{
  "name": "English Premier League 2010/11",
  "rounds": [
    {
      "name": "Round 1",
      "matches": [
        {
          "date": "2010-08-16",
          "team1": {
            "key": "manutd",
            "name": "Manchester United",
            "code": "MUN"
          },
          "team2": {
            "key": "newcastle",
            "name": "Newcastle United",
            "code": "NEW"
          },
          "score1": 3,
          "score2": 0
        },
        {
          "date": "2010-08-15",
          "team1": {
            "key": "liverpool",
            "name": "Liverpool",
            "code": "LIV"
          },
          "team2": {
            "key": "arsenal",
            "name": "Arsenal",
            "code": "ARS"
          },
          "score1": 1,
          "score2": 1
        },
        {
          "date": "2010-08-14",
          "team1": {
            "key": "chelsea",
            "name": "Chelsea",
            "code": "CHE"
          },
          "team2": {
            "key": "westbrom",
            "name": "West Bromwich Albion",
            "code": "WBA"
          },
          "score1": 6,
          "score2": 0
        },
        {
          "date": "2010-08-14",
          "team1": {
            "key": "astonvilla",
            "name": "Aston Villa",
            "code": "AVL"
          },
          "team2": {
            "key": "westham",
            "name": "West Ham United",
            "code": "WHU"
          },
          "score1": 3,
          "score2": 0
        },
        {
          "date": "2010-08-14",
          "team1": {
            "key": "wigan",
            "name": "Wigan Athletic",
            "code": "WIG"
          },
          "team2": {
            "key": "blackpool",
            "name": "Blackpool",
            "code": null
          },
          "score1": 0,
          "score2": 4
        },
        {
          "date": "2010-08-14",
          "team1": {
            "key": "tottenham",
            "name": "Tottenham Hotspur",
            "code": "TOT"
          },
          "team2": {
            "key": "mancity",
            "name": "Manchester City",
            "code": "MCI"
          },
          "score1": 0,
          "score2": 0
        }
      ]
    },
    {
      "name": "Round 2",
      "matches": [
        {
          "date": "2010-08-23",
          "team1": {
            "key": "mancity",
            "name": "Manchester City",
            "code": "MCI"
          },
          "team2": {
            "key": "liverpool",
            "name": "Liverpool",
            "code": "LIV"
          },
          "score1": 3,
          "score2": 0
        },
        {
          "date": "2010-08-22",
          "team1": {
            "key": "fulham",
            "name": "Fulham",
            "code": "FUL"
          },
          "team2": {
            "key": "manutd",
            "name": "Manchester United",
            "code": "MUN"
          },
          "score1": 2,
          "score2": 2
        },
        {
          "date": "2010-08-22",
          "team1": {
            "key": "newcastle",
            "name": "Newcastle United",
            "code": "NEW"
          },
          "team2": {
            "key": "astonvilla",
            "name": "Aston Villa",
            "code": "AVL"
          },
          "score1": 6,
          "score2": 0
        },
        {
          "date": "2010-08-21",
          "team1": {
            "key": "wigan",
            "name": "Wigan Athletic",
            "code": "WIG"
          },
          "team2": {
            "key": "chelsea",
            "name": "Chelsea",
            "code": "CHE"
          },
          "score1": 0,
          "score2": 6
        },
        {
          "date": "2010-08-21",
          "team1": {
            "key": "arsenal",
            "name": "Arsenal",
            "code": "ARS"
          },
          "team2": {
            "key": "blackpool",
            "name": "Blackpool",
            "code": null
          },
          "score1": 6,
          "score2": 0
        },
        {
          "date": "2010-08-21",
          "team1": {
            "key": "stoke",
            "name": "Stoke City",
            "code": "STK"
          },
          "team2": {
            "key": "tottenham",
            "name": "Tottenham Hotspur",
            "code": "TOT"
          },
          "score1": 1,
          "score2": 2
        },
        {
          "date": "2010-08-21",
          "team1": {
            "key": "westbrom",
            "name": "West Bromwich Albion",
            "code": "WBA"
          },
          "team2": {
            "key": "sunderland",
            "name": "Sunderland",
            "code": "SUN"
          },
          "score1": 1,
          "score2": 0
        }
      ]
    },
    {
      "name": "Round 3",
      "matches": [
        {
          "date": "2010-08-29",
          "team1": {
            "key": "astonvilla",
            "name": "Aston Villa",
            "code": "AVL"
          },
          "team2": {
            "key": "everton",
            "name": "Everton",
            "code": "EVE"
          },
          "score1": 1,
          "score2": 0
        },
        {
          "date": "2010-08-29",
          "team1": {
            "key": "liverpool",
            "name": "Liverpool",
            "code": "LIV"
          },
          "team2": {
            "key": "westbrom",
            "name": "West Bromwich Albion",
            "code": "WBA"
          },
          "score1": 1,
          "score2": 0
        },
        {
          "date": "2010-08-29",
          "team1": {
            "key": "sunderland",
            "name": "Sunderland",
            "code": "SUN"
          },
          "team2": {
            "key": "mancity",
            "name": "Manchester City",
            "code": "MCI"
          },
          "score1": 1,
          "score2": 0
        },
        {
          "date": "2010-08-28",
          "team1": {
            "key": "manutd",
            "name": "Manchester United",
            "code": "MUN"
          },
          "team2": {
            "key": "westham",
            "name": "West Ham United",
            "code": "WHU"
          },
          "score1": 3,
          "score2": 0
        },
        {
          "date": "2010-08-28",
          "team1": {
            "key": "blackpool",
            "name": "Blackpool",
            "code": null
          },
          "team2": {
            "key": "fulham",
            "name": "Fulham",
            "code": "FUL"
          },
          "score1": 2,
          "score2": 2
        },
        {
          "date": "2010-08-28",
          "team1": {
            "key": "chelsea",
            "name": "Chelsea",
            "code": "CHE"
          },
          "team2": {
            "key": "stoke",
            "name": "Stoke City",
            "code": "STK"
          },
          "score1": 2,
          "score2": 0
        },
        {
          "date": "2010-08-28",
          "team1": {
            "key": "tottenham",
            "name": "Tottenham Hotspur",
            "code": "TOT"
          },
          "team2": {
            "key": "wigan",
            "name": "Wigan Athletic",
            "code": "WIG"
          },
          "score1": 0,
          "score2": 1
        }
      ]
    },
    {
      "name": "Round 4",
      "matches": [
        {
          "date": "2010-09-13",
          "team1": {
            "key": "stoke",
            "name": "Stoke City",
            "code": "STK"
          },
          "team2": {
            "key": "astonvilla",
            "name": "Aston Villa",
            "code": "AVL"
          },
          "score1": 2,
          "score2": 1
        },
        {
          "date": "2010-09-11",
          "team1": {
            "key": "newcastle",
            "name": "Newcastle United",
            "code": "NEW"
          },
          "team2": {
            "key": "blackpool",
            "name": "Blackpool",
            "code": null
          },
          "score1": 0,
          "score2": 2
        },
        {
          "date": "2010-09-11",
          "team1": {
            "key": "westbrom",
            "name": "West Bromwich Albion",
            "code": "WBA"
          },
          "team2": {
            "key": "tottenham",
            "name": "Tottenham Hotspur",
            "code": "TOT"
          },
          "score1": 1,
          "score2": 1
        },
        {
          "date": "2010-09-11",
          "team1": {
            "key": "westham",
            "name": "West Ham United",
            "code": "WHU"
          },
          "team2": {
            "key": "chelsea",
            "name": "Chelsea",
            "code": "CHE"
          },
          "score1": 1,
          "score2": 3
        },
        {
          "date": "2010-09-11",
          "team1": {
            "key": "wigan",
            "name": "Wigan Athletic",
            "code": "WIG"
          },
          "team2": {
            "key": "sunderland",
            "name": "Sunderland",
            "code": "SUN"
          },
          "score1": 1,
          "score2": 1
        },
        {
          "date": "2010-09-11",
          "team1": {
            "key": "everton",
            "name": "Everton",
            "code": "EVE"
          },
          "team2": {
            "key": "manutd",
            "name": "Manchester United",
            "code": "MUN"
          },
          "score1": 3,
          "score2": 3
        }
      ]
    },
    {
      "name": "Round 5",
      "matches": [
        {
          "date": "2010-09-19",
          "team1": {
            "key": "chelsea",
            "name": "Chelsea",
            "code": "CHE"
          },
          "team2": {
            "key": "blackpool",
            "name": "Blackpool",
            "code": null
          },
          "score1": 4,
          "score2": 0
        },
        {
          "date": "2010-09-19",
          "team1": {
            "key": "wigan",
            "name": "Wigan Athletic",
            "code": "WIG"
          },
          "team2": {
            "key": "mancity",
            "name": "Manchester City",
            "code": "MCI"
          },
          "score1": 0,
          "score2": 2
        },
        {
          "date": "2010-09-19",
          "team1": {
            "key": "manutd",
            "name": "Manchester United",
            "code": "MUN"
          },
          "team2": {
            "key": "liverpool",
            "name": "Liverpool",
            "code": "LIV"
          },
          "score1": 3,
          "score2": 2
        },
        {
          "date": "2010-09-18",
          "team1": {
            "key": "sunderland",
            "name": "Sunderland",
            "code": "SUN"
          },
          "team2": {
            "key": "arsenal",
            "name": "Arsenal",
            "code": "ARS"
          },
          "score1": 1,
          "score2": 1
        },
        {
          "date": "2010-09-18",
          "team1": {
            "key": "everton",
            "name": "Everton",
            "code": "EVE"
          },
          "team2": {
            "key": "newcastle",
            "name": "Newcastle United",
            "code": "NEW"
          },
          "score1": 0,
          "score2": 1
        },
        {
          "date": "2010-09-18",
          "team1": {
            "key": "stoke",
            "name": "Stoke City",
            "code": "STK"
          },
          "team2": {
            "key": "westham",
            "name": "West Ham United",
            "code": "WHU"
          },
          "score1": 1,
          "score2": 1
        }
      ]
    },
    {
      "name": "Round 6",
      "matches": [
        {
          "date": "2010-09-26",
          "team1": {
            "key": "newcastle",
            "name": "Newcastle United",
            "code": "NEW"
          },
          "team2": {
            "key": "stoke",
            "name": "Stoke City",
            "code": "STK"
          },
          "score1": 1,
          "score2": 2
        },
        {
          "date": "2010-09-25",
          "team1": {
            "key": "arsenal",
            "name": "Arsenal",
            "code": "ARS"
          },
          "team2": {
            "key": "westbrom",
            "name": "West Bromwich Albion",
            "code": "WBA"
          },
          "score1": 2,
          "score2": 3
        },
        {
          "date": "2010-09-25",
          "team1": {
            "key": "fulham",
            "name": "Fulham",
            "code": "FUL"
          },
          "team2": {
            "key": "everton",
            "name": "Everton",
            "code": "EVE"
          },
          "score1": 0,
          "score2": 0
        },
        {
          "date": "2010-09-25",
          "team1": {
            "key": "liverpool",
            "name": "Liverpool",
            "code": "LIV"
          },
          "team2": {
            "key": "sunderland",
            "name": "Sunderland",
            "code": "SUN"
          },
          "score1": 2,
          "score2": 2
        },
        {
          "date": "2010-09-25",
          "team1": {
            "key": "westham",
            "name": "West Ham United",
            "code": "WHU"
          },
          "team2": {
            "key": "tottenham",
            "name": "Tottenham Hotspur",
            "code": "TOT"
          },
          "score1": 1,
          "score2": 0
        },
        {
          "date": "2010-09-25",
          "team1": {
            "key": "mancity",
            "name": "Manchester City",
            "code": "MCI"
          },
          "team2": {
            "key": "chelsea",
            "name": "Chelsea",
            "code": "CHE"
          },
          "score1": 1,
          "score2": 0
        }
      ]
    },
    {
      "name": "Round 7",
      "matches": [
        {
          "date": "2010-10-03",
          "team1": {
            "key": "chelsea",
            "name": "Chelsea",
            "code": "CHE"
          },
          "team2": {
            "key": "arsenal",
            "name": "Arsenal",
            "code": "ARS"
          },
          "score1": 2,
          "score2": 0
        },
        {
          "date": "2010-10-03",
          "team1": {
            "key": "liverpool",
            "name": "Liverpool",
            "code": "LIV"
          },
          "team2": {
            "key": "blackpool",
            "name": "Blackpool",
            "code": null
          },
          "score1": 1,
          "score2": 2
        },
        {
          "date": "2010-10-03",
          "team1": {
            "key": "mancity",
            "name": "Manchester City",
            "code": "MCI"
          },
          "team2": {
            "key": "newcastle",
            "name": "Newcastle United",
            "code": "NEW"
          },
          "score1": 2,
          "score2": 1
        },
        {
          "date": "2010-10-02",
          "team1": {
            "key": "sunderland",
            "name": "Sunderland",
            "code": "SUN"
          },
          "team2": {
            "key": "manutd",
            "name": "Manchester United",
            "code": "MUN"
          },
          "score1": 0,
          "score2": 0
        },
        {
          "date": "2010-10-02",
          "team1": {
            "key": "tottenham",
            "name": "Tottenham Hotspur",
            "code": "TOT"
          },
          "team2": {
            "key": "astonvilla",
            "name": "Aston Villa",
            "code": "AVL"
          },
          "score1": 2,
          "score2": 1
        },
        {
          "date": "2010-10-02",
          "team1": {
            "key": "westham",
            "name": "West Ham United",
            "code": "WHU"
          },
          "team2": {
            "key": "fulham",
            "name": "Fulham",
            "code": "FUL"
          },
          "score1": 1,
          "score2": 1
        }
      ]
    },
    {
      "name": "Round 8",
      "matches": [
        {
          "date": "2010-10-17",
          "team1": {
            "key": "blackpool",
            "name": "Blackpool",
            "code": null
          },
          "team2": {
            "key": "mancity",
            "name": "Manchester City",
            "code": "MCI"
          },
          "score1": 2,
          "score2": 3
        },
        {
          "date": "2010-10-17",
          "team1": {
            "key": "everton",
            "name": "Everton",
            "code": "EVE"
          },
          "team2": {
            "key": "liverpool",
            "name": "Liverpool",
            "code": "LIV"
          },
          "score1": 2,
          "score2": 0
        },
        {
          "date": "2010-10-16",
          "team1": {
            "key": "astonvilla",
            "name": "Aston Villa",
            "code": "AVL"
          },
          "team2": {
            "key": "chelsea",
            "name": "Chelsea",
            "code": "CHE"
          },
          "score1": 0,
          "score2": 0
        },
        {
          "date": "2010-10-16",
          "team1": {
            "key": "fulham",
            "name": "Fulham",
            "code": "FUL"
          },
          "team2": {
            "key": "tottenham",
            "name": "Tottenham Hotspur",
            "code": "TOT"
          },
          "score1": 1,
          "score2": 2
        },
        {
          "date": "2010-10-16",
          "team1": {
            "key": "manutd",
            "name": "Manchester United",
            "code": "MUN"
          },
          "team2": {
            "key": "westbrom",
            "name": "West Bromwich Albion",
            "code": "WBA"
          },
          "score1": 2,
          "score2": 2
        },
        {
          "date": "2010-10-16",
          "team1": {
            "key": "newcastle",
            "name": "Newcastle United",
            "code": "NEW"
          },
          "team2": {
            "key": "wigan",
            "name": "Wigan Athletic",
            "code": "WIG"
          },
          "score1": 2,
          "score2": 2
        }
      ]
    },
    {
      "name": "Round 9",
      "matches": [
        {
          "date": "2010-10-24",
          "team1": {
            "key": "mancity",
            "name": "Manchester City",
            "code": "MCI"
          },
          "team2": {
            "key": "arsenal",
            "name": "Arsenal",
            "code": "ARS"
          },
          "score1": 0,
          "score2": 3
        },
        {
          "date": "2010-10-24",
          "team1": {
            "key": "stoke",
            "name": "Stoke City",
            "code": "STK"
          },
          "team2": {
            "key": "manutd",
            "name": "Manchester United",
            "code": "MUN"
          },
          "score1": 1,
          "score2": 2
        },
        {
          "date": "2010-10-23",
          "team1": {
            "key": "westham",
            "name": "West Ham United",
            "code": "WHU"
          },
          "team2": {
            "key": "newcastle",
            "name": "Newcastle United",
            "code": "NEW"
          },
          "score1": 1,
          "score2": 2
        },
        {
          "date": "2010-10-23",
          "team1": {
            "key": "sunderland",
            "name": "Sunderland",
            "code": "SUN"
          },
          "team2": {
            "key": "astonvilla",
            "name": "Aston Villa",
            "code": "AVL"
          },
          "score1": 1,
          "score2": 0
        },
        {
          "date": "2010-10-23",
          "team1": {
            "key": "westbrom",
            "name": "West Bromwich Albion",
            "code": "WBA"
          },
          "team2": {
            "key": "fulham",
            "name": "Fulham",
            "code": "FUL"
          },
          "score1": 2,
          "score2": 1
        },
        {
          "date": "2010-10-23",
          "team1": {
            "key": "tottenham",
            "name": "Tottenham Hotspur",
            "code": "TOT"
          },
          "team2": {
            "key": "everton",
            "name": "Everton",
            "code": "EVE"
          },
          "score1": 1,
          "score2": 1
        }
      ]
    },
    {
      "name": "Round 10",
      "matches": [
        {
          "date": "2010-11-01",
          "team1": {
            "key": "blackpool",
            "name": "Blackpool",
            "code": null
          },
          "team2": {
            "key": "westbrom",
            "name": "West Bromwich Albion",
            "code": "WBA"
          },
          "score1": 2,
          "score2": 1
        },
        {
          "date": "2010-10-31",
          "team1": {
            "key": "newcastle",
            "name": "Newcastle United",
            "code": "NEW"
          },
          "team2": {
            "key": "sunderland",
            "name": "Sunderland",
            "code": "SUN"
          },
          "score1": 5,
          "score2": 1
        },
        {
          "date": "2010-10-30",
          "team1": {
            "key": "manutd",
            "name": "Manchester United",
            "code": "MUN"
          },
          "team2": {
            "key": "tottenham",
            "name": "Tottenham Hotspur",
            "code": "TOT"
          },
          "score1": 2,
          "score2": 0
        },
        {
          "date": "2010-10-30",
          "team1": {
            "key": "arsenal",
            "name": "Arsenal",
            "code": "ARS"
          },
          "team2": {
            "key": "westham",
            "name": "West Ham United",
            "code": "WHU"
          },
          "score1": 1,
          "score2": 0
        },
        {
          "date": "2010-10-30",
          "team1": {
            "key": "everton",
            "name": "Everton",
            "code": "EVE"
          },
          "team2": {
            "key": "stoke",
            "name": "Stoke City",
            "code": "STK"
          },
          "score1": 1,
          "score2": 0
        },
        {
          "date": "2010-10-30",
          "team1": {
            "key": "fulham",
            "name": "Fulham",
            "code": "FUL"
          },
          "team2": {
            "key": "wigan",
            "name": "Wigan Athletic",
            "code": "WIG"
          },
          "score1": 2,
          "score2": 0
        }
      ]
    },
    {
      "name": "Round 11",
      "matches": [
        {
          "date": "2010-11-07",
          "team1": {
            "key": "liverpool",
            "name": "Liverpool",
            "code": "LIV"
          },
          "team2": {
            "key": "chelsea",
            "name": "Chelsea",
            "code": "CHE"
          },
          "score1": 2,
          "score2": 0
        },
        {
          "date": "2010-11-07",
          "team1": {
            "key": "westbrom",
            "name": "West Bromwich Albion",
            "code": "WBA"
          },
          "team2": {
            "key": "mancity",
            "name": "Manchester City",
            "code": "MCI"
          },
          "score1": 0,
          "score2": 2
        },
        {
          "date": "2010-11-07",
          "team1": {
            "key": "arsenal",
            "name": "Arsenal",
            "code": "ARS"
          },
          "team2": {
            "key": "newcastle",
            "name": "Newcastle United",
            "code": "NEW"
          },
          "score1": 0,
          "score2": 1
        },
        {
          "date": "2010-11-06",
          "team1": {
            "key": "blackpool",
            "name": "Blackpool",
            "code": null
          },
          "team2": {
            "key": "everton",
            "name": "Everton",
            "code": "EVE"
          },
          "score1": 2,
          "score2": 2
        },
        {
          "date": "2010-11-06",
          "team1": {
            "key": "fulham",
            "name": "Fulham",
            "code": "FUL"
          },
          "team2": {
            "key": "astonvilla",
            "name": "Aston Villa",
            "code": "AVL"
          },
          "score1": 1,
          "score2": 1
        },
        {
          "date": "2010-11-06",
          "team1": {
            "key": "sunderland",
            "name": "Sunderland",
            "code": "SUN"
          },
          "team2": {
            "key": "stoke",
            "name": "Stoke City",
            "code": "STK"
          },
          "score1": 2,
          "score2": 0
        }
      ]
    },
    {
      "name": "Round 12",
      "matches": [
        {
          "date": "2010-11-10",
          "team1": {
            "key": "mancity",
            "name": "Manchester City",
            "code": "MCI"
          },
          "team2": {
            "key": "manutd",
            "name": "Manchester United",
            "code": "MUN"
          },
          "score1": 0,
          "score2": 0
        },
        {
          "date": "2010-11-10",
          "team1": {
            "key": "astonvilla",
            "name": "Aston Villa",
            "code": "AVL"
          },
          "team2": {
            "key": "blackpool",
            "name": "Blackpool",
            "code": null
          },
          "score1": 3,
          "score2": 2
        },
        {
          "date": "2010-11-10",
          "team1": {
            "key": "chelsea",
            "name": "Chelsea",
            "code": "CHE"
          },
          "team2": {
            "key": "fulham",
            "name": "Fulham",
            "code": "FUL"
          },
          "score1": 1,
          "score2": 0
        },
        {
          "date": "2010-11-10",
          "team1": {
            "key": "westham",
            "name": "West Ham United",
            "code": "WHU"
          },
          "team2": {
            "key": "westbrom",
            "name": "West Bromwich Albion",
            "code": "WBA"
          },
          "score1": 2,
          "score2": 2
        },
        {
          "date": "2010-11-10",
          "team1": {
            "key": "wigan",
            "name": "Wigan Athletic",
            "code": "WIG"
          },
          "team2": {
            "key": "liverpool",
            "name": "Liverpool",
            "code": "LIV"
          },
          "score1": 1,
          "score2": 1
        },
        {
          "date": "2010-11-09",
          "team1": {
            "key": "tottenham",
            "name": "Tottenham Hotspur",
            "code": "TOT"
          },
          "team2": {
            "key": "sunderland",
            "name": "Sunderland",
            "code": "SUN"
          },
          "score1": 1,
          "score2": 1
        }
      ]
    },
    {
      "name": "Round 13",
      "matches": [
        {
          "date": "2010-11-14",
          "team1": {
            "key": "chelsea",
            "name": "Chelsea",
            "code": "CHE"
          },
          "team2": {
            "key": "sunderland",
            "name": "Sunderland",
            "code": "SUN"
          },
          "score1": 0,
          "score2": 3
        },
        {
          "date": "2010-11-14",
          "team1": {
            "key": "everton",
            "name": "Everton",
            "code": "EVE"
          },
          "team2": {
            "key": "arsenal",
            "name": "Arsenal",
            "code": "ARS"
          },
          "score1": 1,
          "score2": 2
        },
        {
          "date": "2010-11-13",
          "team1": {
            "key": "stoke",
            "name": "Stoke City",
            "code": "STK"
          },
          "team2": {
            "key": "liverpool",
            "name": "Liverpool",
            "code": "LIV"
          },
          "score1": 2,
          "score2": 0
        },
        {
          "date": "2010-11-13",
          "team1": {
            "key": "newcastle",
            "name": "Newcastle United",
            "code": "NEW"
          },
          "team2": {
            "key": "fulham",
            "name": "Fulham",
            "code": "FUL"
          },
          "score1": 0,
          "score2": 0
        },
        {
          "date": "2010-11-13",
          "team1": {
            "key": "westham",
            "name": "West Ham United",
            "code": "WHU"
          },
          "team2": {
            "key": "blackpool",
            "name": "Blackpool",
            "code": null
          },
          "score1": 0,
          "score2": 0
        },
        {
          "date": "2010-11-13",
          "team1": {
            "key": "wigan",
            "name": "Wigan Athletic",
            "code": "WIG"
          },
          "team2": {
            "key": "westbrom",
            "name": "West Bromwich Albion",
            "code": "WBA"
          },
          "score1": 1,
          "score2": 0
        },
        {
          "date": "2010-11-13",
          "team1": {
            "key": "astonvilla",
            "name": "Aston Villa",
            "code": "AVL"
          },
          "team2": {
            "key": "manutd",
            "name": "Manchester United",
            "code": "MUN"
          },
          "score1": 2,
          "score2": 2
        }
      ]
    },
    {
      "name": "Round 14",
      "matches": [
        {
          "date": "2010-11-22",
          "team1": {
            "key": "sunderland",
            "name": "Sunderland",
            "code": "SUN"
          },
          "team2": {
            "key": "everton",
            "name": "Everton",
            "code": "EVE"
          },
          "score1": 2,
          "score2": 2
        },
        {
          "date": "2010-11-21",
          "team1": {
            "key": "fulham",
            "name": "Fulham",
            "code": "FUL"
          },
          "team2": {
            "key": "mancity",
            "name": "Manchester City",
            "code": "MCI"
          },
          "score1": 1,
          "score2": 4
        },
        {
          "date": "2010-11-20",
          "team1": {
            "key": "liverpool",
            "name": "Liverpool",
            "code": "LIV"
          },
          "team2": {
            "key": "westham",
            "name": "West Ham United",
            "code": "WHU"
          },
          "score1": 3,
          "score2": 0
        },
        {
          "date": "2010-11-20",
          "team1": {
            "key": "manutd",
            "name": "Manchester United",
            "code": "MUN"
          },
          "team2": {
            "key": "wigan",
            "name": "Wigan Athletic",
            "code": "WIG"
          },
          "score1": 2,
          "score2": 0
        },
        {
          "date": "2010-11-20",
          "team1": {
            "key": "westbrom",
            "name": "West Bromwich Albion",
            "code": "WBA"
          },
          "team2": {
            "key": "stoke",
            "name": "Stoke City",
            "code": "STK"
          },
          "score1": 0,
          "score2": 3
        },
        {
          "date": "2010-11-20",
          "team1": {
            "key": "arsenal",
            "name": "Arsenal",
            "code": "ARS"
          },
          "team2": {
            "key": "tottenham",
            "name": "Tottenham Hotspur",
            "code": "TOT"
          },
          "score1": 2,
          "score2": 3
        }
      ]
    },
    {
      "name": "Round 15",
      "matches": [
        {
          "date": "2010-11-28",
          "team1": {
            "key": "tottenham",
            "name": "Tottenham Hotspur",
            "code": "TOT"
          },
          "team2": {
            "key": "liverpool",
            "name": "Liverpool",
            "code": "LIV"
          },
          "score1": 2,
          "score2": 1
        },
        {
          "date": "2010-11-28",
          "team1": {
            "key": "newcastle",
            "name": "Newcastle United",
            "code": "NEW"
          },
          "team2": {
            "key": "chelsea",
            "name": "Chelsea",
            "code": "CHE"
          },
          "score1": 1,
          "score2": 1
        },
        {
          "date": "2010-11-27",
          "team1": {
            "key": "everton",
            "name": "Everton",
            "code": "EVE"
          },
          "team2": {
            "key": "westbrom",
            "name": "West Bromwich Albion",
            "code": "WBA"
          },
          "score1": 1,
          "score2": 4
        },
        {
          "date": "2010-11-27",
          "team1": {
            "key": "stoke",
            "name": "Stoke City",
            "code": "STK"
          },
          "team2": {
            "key": "mancity",
            "name": "Manchester City",
            "code": "MCI"
          },
          "score1": 1,
          "score2": 1
        },
        {
          "date": "2010-11-27",
          "team1": {
            "key": "westham",
            "name": "West Ham United",
            "code": "WHU"
          },
          "team2": {
            "key": "wigan",
            "name": "Wigan Athletic",
            "code": "WIG"
          },
          "score1": 3,
          "score2": 1
        },
        {
          "date": "2010-11-27",
          "team1": {
            "key": "astonvilla",
            "name": "Aston Villa",
            "code": "AVL"
          },
          "team2": {
            "key": "arsenal",
            "name": "Arsenal",
            "code": "ARS"
          },
          "score1": 2,
          "score2": 4
        }
      ]
    },
    {
      "name": "Round 16",
      "matches": [
        {
          "date": "2011-01-25",
          "team1": {
            "key": "blackpool",
            "name": "Blackpool",
            "code": null
          },
          "team2": {
            "key": "manutd",
            "name": "Manchester United",
            "code": "MUN"
          },
          "score1": 2,
          "score2": 3
        },
        {
          "date": "2010-12-06",
          "team1": {
            "key": "liverpool",
            "name": "Liverpool",
            "code": "LIV"
          },
          "team2": {
            "key": "astonvilla",
            "name": "Aston Villa",
            "code": "AVL"
          },
          "score1": 3,
          "score2": 0
        },
        {
          "date": "2010-12-05",
          "team1": {
            "key": "sunderland",
            "name": "Sunderland",
            "code": "SUN"
          },
          "team2": {
            "key": "westham",
            "name": "West Ham United",
            "code": "WHU"
          },
          "score1": 1,
          "score2": 0
        },
        {
          "date": "2010-12-05",
          "team1": {
            "key": "westbrom",
            "name": "West Bromwich Albion",
            "code": "WBA"
          },
          "team2": {
            "key": "newcastle",
            "name": "Newcastle United",
            "code": "NEW"
          },
          "score1": 3,
          "score2": 1
        },
        {
          "date": "2010-12-04",
          "team1": {
            "key": "arsenal",
            "name": "Arsenal",
            "code": "ARS"
          },
          "team2": {
            "key": "fulham",
            "name": "Fulham",
            "code": "FUL"
          },
          "score1": 2,
          "score2": 1
        },
        {
          "date": "2010-12-04",
          "team1": {
            "key": "chelsea",
            "name": "Chelsea",
            "code": "CHE"
          },
          "team2": {
            "key": "everton",
            "name": "Everton",
            "code": "EVE"
          },
          "score1": 1,
          "score2": 1
        },
        {
          "date": "2010-12-04",
          "team1": {
            "key": "wigan",
            "name": "Wigan Athletic",
            "code": "WIG"
          },
          "team2": {
            "key": "stoke",
            "name": "Stoke City",
            "code": "STK"
          },
          "score1": 2,
          "score2": 2
        }
      ]
    },
    {
      "name": "Round 17",
      "matches": [
        {
          "date": "2010-12-13",
          "team1": {
            "key": "manutd",
            "name": "Manchester United",
            "code": "MUN"
          },
          "team2": {
            "key": "arsenal",
            "name": "Arsenal",
            "code": "ARS"
          },
          "score1": 1,
          "score2": 0
        },
        {
          "date": "2010-12-12",
          "team1": {
            "key": "tottenham",
            "name": "Tottenham Hotspur",
            "code": "TOT"
          },
          "team2": {
            "key": "chelsea",
            "name": "Chelsea",
            "code": "CHE"
          },
          "score1": 1,
          "score2": 1
        },
        {
          "date": "2010-12-11",
          "team1": {
            "key": "newcastle",
            "name": "Newcastle United",
            "code": "NEW"
          },
          "team2": {
            "key": "liverpool",
            "name": "Liverpool",
            "code": "LIV"
          },
          "score1": 3,
          "score2": 1
        },
        {
          "date": "2010-12-11",
          "team1": {
            "key": "astonvilla",
            "name": "Aston Villa",
            "code": "AVL"
          },
          "team2": {
            "key": "westbrom",
            "name": "West Bromwich Albion",
            "code": "WBA"
          },
          "score1": 2,
          "score2": 1
        },
        {
          "date": "2010-12-11",
          "team1": {
            "key": "everton",
            "name": "Everton",
            "code": "EVE"
          },
          "team2": {
            "key": "wigan",
            "name": "Wigan Athletic",
            "code": "WIG"
          },
          "score1": 0,
          "score2": 0
        },
        {
          "date": "2010-12-11",
          "team1": {
            "key": "fulham",
            "name": "Fulham",
            "code": "FUL"
          },
          "team2": {
            "key": "sunderland",
            "name": "Sunderland",
            "code": "SUN"
          },
          "score1": 0,
          "score2": 0
        },
        {
          "date": "2010-12-11",
          "team1": {
            "key": "stoke",
            "name": "Stoke City",
            "code": "STK"
          },
          "team2": {
            "key": "blackpool",
            "name": "Blackpool",
            "code": null
          },
          "score1": 0,
          "score2": 1
        },
        {
          "date": "2010-12-11",
          "team1": {
            "key": "westham",
            "name": "West Ham United",
            "code": "WHU"
          },
          "team2": {
            "key": "mancity",
            "name": "Manchester City",
            "code": "MCI"
          },
          "score1": 1,
          "score2": 3
        }
      ]
    },
    {
      "name": "Round 18",
      "matches": [
        {
          "date": "2011-03-01",
          "team1": {
            "key": "chelsea",
            "name": "Chelsea",
            "code": "CHE"
          },
          "team2": {
            "key": "manutd",
            "name": "Manchester United",
            "code": "MUN"
          },
          "score1": 2,
          "score2": 1
        },
        {
          "date": "2011-02-23",
          "team1": {
            "key": "arsenal",
            "name": "Arsenal",
            "code": "ARS"
          },
          "team2": {
            "key": "stoke",
            "name": "Stoke City",
            "code": "STK"
          },
          "score1": 1,
          "score2": 0
        },
        {
          "date": "2011-02-22",
          "team1": {
            "key": "blackpool",
            "name": "Blackpool",
            "code": null
          },
          "team2": {
            "key": "tottenham",
            "name": "Tottenham Hotspur",
            "code": "TOT"
          },
          "score1": 3,
          "score2": 1
        },
        {
          "date": "2011-01-26",
          "team1": {
            "key": "liverpool",
            "name": "Liverpool",
            "code": "LIV"
          },
          "team2": {
            "key": "fulham",
            "name": "Fulham",
            "code": "FUL"
          },
          "score1": 1,
          "score2": 0
        },
        {
          "date": "2011-01-25",
          "team1": {
            "key": "wigan",
            "name": "Wigan Athletic",
            "code": "WIG"
          },
          "team2": {
            "key": "astonvilla",
            "name": "Aston Villa",
            "code": "AVL"
          },
          "score1": 1,
          "score2": 2
        },
        {
          "date": "2010-12-20",
          "team1": {
            "key": "mancity",
            "name": "Manchester City",
            "code": "MCI"
          },
          "team2": {
            "key": "everton",
            "name": "Everton",
            "code": "EVE"
          },
          "score1": 1,
          "score2": 2
        }
      ]
    },
    {
      "name": "Round 19",
      "matches": [
        {
          "date": "2011-01-12",
          "team1": {
            "key": "blackpool",
            "name": "Blackpool",
            "code": null
          },
          "team2": {
            "key": "liverpool",
            "name": "Liverpool",
            "code": "LIV"
          },
          "score1": 2,
          "score2": 1
        },
        {
          "date": "2010-12-27",
          "team1": {
            "key": "arsenal",
            "name": "Arsenal",
            "code": "ARS"
          },
          "team2": {
            "key": "chelsea",
            "name": "Chelsea",
            "code": "CHE"
          },
          "score1": 3,
          "score2": 1
        },
        {
          "date": "2010-12-26",
          "team1": {
            "key": "astonvilla",
            "name": "Aston Villa",
            "code": "AVL"
          },
          "team2": {
            "key": "tottenham",
            "name": "Tottenham Hotspur",
            "code": "TOT"
          },
          "score1": 1,
          "score2": 2
        },
        {
          "date": "2010-12-26",
          "team1": {
            "key": "manutd",
            "name": "Manchester United",
            "code": "MUN"
          },
          "team2": {
            "key": "sunderland",
            "name": "Sunderland",
            "code": "SUN"
          },
          "score1": 2,
          "score2": 0
        },
        {
          "date": "2010-12-26",
          "team1": {
            "key": "newcastle",
            "name": "Newcastle United",
            "code": "NEW"
          },
          "team2": {
            "key": "mancity",
            "name": "Manchester City",
            "code": "MCI"
          },
          "score1": 1,
          "score2": 3
        },
        {
          "date": "2010-12-26",
          "team1": {
            "key": "fulham",
            "name": "Fulham",
            "code": "FUL"
          },
          "team2": {
            "key": "westham",
            "name": "West Ham United",
            "code": "WHU"
          },
          "score1": 1,
          "score2": 3
        }
      ]
    },
    {
      "name": "Round 20",
      "matches": [
        {
          "date": "2010-12-29",
          "team1": {
            "key": "wigan",
            "name": "Wigan Athletic",
            "code": "WIG"
          },
          "team2": {
            "key": "arsenal",
            "name": "Arsenal",
            "code": "ARS"
          },
          "score1": 2,
          "score2": 2
        },
        {
          "date": "2010-12-28",
          "team1": {
            "key": "westham",
            "name": "West Ham United",
            "code": "WHU"
          },
          "team2": {
            "key": "everton",
            "name": "Everton",
            "code": "EVE"
          },
          "score1": 1,
          "score2": 1
        },
        {
          "date": "2010-12-28",
          "team1": {
            "key": "mancity",
            "name": "Manchester City",
            "code": "MCI"
          },
          "team2": {
            "key": "astonvilla",
            "name": "Aston Villa",
            "code": "AVL"
          },
          "score1": 4,
          "score2": 0
        },
        {
          "date": "2010-12-28",
          "team1": {
            "key": "stoke",
            "name": "Stoke City",
            "code": "STK"
          },
          "team2": {
            "key": "fulham",
            "name": "Fulham",
            "code": "FUL"
          },
          "score1": 0,
          "score2": 2
        },
        {
          "date": "2010-12-28",
          "team1": {
            "key": "sunderland",
            "name": "Sunderland",
            "code": "SUN"
          },
          "team2": {
            "key": "blackpool",
            "name": "Blackpool",
            "code": null
          },
          "score1": 0,
          "score2": 2
        },
        {
          "date": "2010-12-28",
          "team1": {
            "key": "tottenham",
            "name": "Tottenham Hotspur",
            "code": "TOT"
          },
          "team2": {
            "key": "newcastle",
            "name": "Newcastle United",
            "code": "NEW"
          },
          "score1": 2,
          "score2": 0
        }
      ]
    },
    {
      "name": "Round 21",
      "matches": [
        {
          "date": "2011-01-02",
          "team1": {
            "key": "wigan",
            "name": "Wigan Athletic",
            "code": "WIG"
          },
          "team2": {
            "key": "newcastle",
            "name": "Newcastle United",
            "code": "NEW"
          },
          "score1": 0,
          "score2": 1
        },
        {
          "date": "2011-01-02",
          "team1": {
            "key": "chelsea",
            "name": "Chelsea",
            "code": "CHE"
          },
          "team2": {
            "key": "astonvilla",
            "name": "Aston Villa",
            "code": "AVL"
          },
          "score1": 3,
          "score2": 3
        },
        {
          "date": "2011-01-01",
          "team1": {
            "key": "mancity",
            "name": "Manchester City",
            "code": "MCI"
          },
          "team2": {
            "key": "blackpool",
            "name": "Blackpool",
            "code": null
          },
          "score1": 1,
          "score2": 0
        },
        {
          "date": "2011-01-01",
          "team1": {
            "key": "stoke",
            "name": "Stoke City",
            "code": "STK"
          },
          "team2": {
            "key": "everton",
            "name": "Everton",
            "code": "EVE"
          },
          "score1": 2,
          "score2": 0
        },
        {
          "date": "2011-01-01",
          "team1": {
            "key": "tottenham",
            "name": "Tottenham Hotspur",
            "code": "TOT"
          },
          "team2": {
            "key": "fulham",
            "name": "Fulham",
            "code": "FUL"
          },
          "score1": 1,
          "score2": 0
        },
        {
          "date": "2011-01-01",
          "team1": {
            "key": "westbrom",
            "name": "West Bromwich Albion",
            "code": "WBA"
          },
          "team2": {
            "key": "manutd",
            "name": "Manchester United",
            "code": "MUN"
          },
          "score1": 1,
          "score2": 2
        }
      ]
    },
    {
      "name": "Round 22",
      "matches": [
        {
          "date": "2011-01-05",
          "team1": {
            "key": "everton",
            "name": "Everton",
            "code": "EVE"
          },
          "team2": {
            "key": "tottenham",
            "name": "Tottenham Hotspur",
            "code": "TOT"
          },
          "score1": 2,
          "score2": 1
        },
        {
          "date": "2011-01-05",
          "team1": {
            "key": "arsenal",
            "name": "Arsenal",
            "code": "ARS"
          },
          "team2": {
            "key": "mancity",
            "name": "Manchester City",
            "code": "MCI"
          },
          "score1": 0,
          "score2": 0
        },
        {
          "date": "2011-01-05",
          "team1": {
            "key": "astonvilla",
            "name": "Aston Villa",
            "code": "AVL"
          },
          "team2": {
            "key": "sunderland",
            "name": "Sunderland",
            "code": "SUN"
          },
          "score1": 0,
          "score2": 1
        },
        {
          "date": "2011-01-05",
          "team1": {
            "key": "newcastle",
            "name": "Newcastle United",
            "code": "NEW"
          },
          "team2": {
            "key": "westham",
            "name": "West Ham United",
            "code": "WHU"
          },
          "score1": 5,
          "score2": 0
        },
        {
          "date": "2011-01-04",
          "team1": {
            "key": "fulham",
            "name": "Fulham",
            "code": "FUL"
          },
          "team2": {
            "key": "westbrom",
            "name": "West Bromwich Albion",
            "code": "WBA"
          },
          "score1": 3,
          "score2": 0
        },
        {
          "date": "2011-01-04",
          "team1": {
            "key": "manutd",
            "name": "Manchester United",
            "code": "MUN"
          },
          "team2": {
            "key": "stoke",
            "name": "Stoke City",
            "code": "STK"
          },
          "score1": 2,
          "score2": 1
        }
      ]
    },
    {
      "name": "Round 23",
      "matches": [
        {
          "date": "2011-01-16",
          "team1": {
            "key": "tottenham",
            "name": "Tottenham Hotspur",
            "code": "TOT"
          },
          "team2": {
            "key": "manutd",
            "name": "Manchester United",
            "code": "MUN"
          },
          "score1": 0,
          "score2": 0
        },
        {
          "date": "2011-01-16",
          "team1": {
            "key": "liverpool",
            "name": "Liverpool",
            "code": "LIV"
          },
          "team2": {
            "key": "everton",
            "name": "Everton",
            "code": "EVE"
          },
          "score1": 2,
          "score2": 2
        },
        {
          "date": "2011-01-16",
          "team1": {
            "key": "sunderland",
            "name": "Sunderland",
            "code": "SUN"
          },
          "team2": {
            "key": "newcastle",
            "name": "Newcastle United",
            "code": "NEW"
          },
          "score1": 1,
          "score2": 1
        },
        {
          "date": "2011-01-15",
          "team1": {
            "key": "westham",
            "name": "West Ham United",
            "code": "WHU"
          },
          "team2": {
            "key": "arsenal",
            "name": "Arsenal",
            "code": "ARS"
          },
          "score1": 0,
          "score2": 3
        },
        {
          "date": "2011-01-15",
          "team1": {
            "key": "westbrom",
            "name": "West Bromwich Albion",
            "code": "WBA"
          },
          "team2": {
            "key": "blackpool",
            "name": "Blackpool",
            "code": null
          },
          "score1": 3,
          "score2": 2
        },
        {
          "date": "2011-01-15",
          "team1": {
            "key": "wigan",
            "name": "Wigan Athletic",
            "code": "WIG"
          },
          "team2": {
            "key": "fulham",
            "name": "Fulham",
            "code": "FUL"
          },
          "score1": 1,
          "score2": 1
        }
      ]
    },
    {
      "name": "Round 24",
      "matches": [
        {
          "date": "2011-01-22",
          "team1": {
            "key": "astonvilla",
            "name": "Aston Villa",
            "code": "AVL"
          },
          "team2": {
            "key": "mancity",
            "name": "Manchester City",
            "code": "MCI"
          },
          "score1": 1,
          "score2": 0
        },
        {
          "date": "2011-01-22",
          "team1": {
            "key": "arsenal",
            "name": "Arsenal",
            "code": "ARS"
          },
          "team2": {
            "key": "wigan",
            "name": "Wigan Athletic",
            "code": "WIG"
          },
          "score1": 3,
          "score2": 0
        },
        {
          "date": "2011-01-22",
          "team1": {
            "key": "blackpool",
            "name": "Blackpool",
            "code": null
          },
          "team2": {
            "key": "sunderland",
            "name": "Sunderland",
            "code": "SUN"
          },
          "score1": 1,
          "score2": 2
        },
        {
          "date": "2011-01-22",
          "team1": {
            "key": "everton",
            "name": "Everton",
            "code": "EVE"
          },
          "team2": {
            "key": "westham",
            "name": "West Ham United",
            "code": "WHU"
          },
          "score1": 2,
          "score2": 2
        },
        {
          "date": "2011-01-22",
          "team1": {
            "key": "fulham",
            "name": "Fulham",
            "code": "FUL"
          },
          "team2": {
            "key": "stoke",
            "name": "Stoke City",
            "code": "STK"
          },
          "score1": 2,
          "score2": 0
        },
        {
          "date": "2011-01-22",
          "team1": {
            "key": "newcastle",
            "name": "Newcastle United",
            "code": "NEW"
          },
          "team2": {
            "key": "tottenham",
            "name": "Tottenham Hotspur",
            "code": "TOT"
          },
          "score1": 1,
          "score2": 1
        }
      ]
    },
    {
      "name": "Round 25",
      "matches": [
        {
          "date": "2011-02-02",
          "team1": {
            "key": "blackpool",
            "name": "Blackpool",
            "code": null
          },
          "team2": {
            "key": "westham",
            "name": "West Ham United",
            "code": "WHU"
          },
          "score1": 1,
          "score2": 3
        },
        {
          "date": "2011-02-02",
          "team1": {
            "key": "fulham",
            "name": "Fulham",
            "code": "FUL"
          },
          "team2": {
            "key": "newcastle",
            "name": "Newcastle United",
            "code": "NEW"
          },
          "score1": 1,
          "score2": 0
        },
        {
          "date": "2011-02-02",
          "team1": {
            "key": "liverpool",
            "name": "Liverpool",
            "code": "LIV"
          },
          "team2": {
            "key": "stoke",
            "name": "Stoke City",
            "code": "STK"
          },
          "score1": 2,
          "score2": 0
        },
        {
          "date": "2011-02-01",
          "team1": {
            "key": "manutd",
            "name": "Manchester United",
            "code": "MUN"
          },
          "team2": {
            "key": "astonvilla",
            "name": "Aston Villa",
            "code": "AVL"
          },
          "score1": 3,
          "score2": 1
        },
        {
          "date": "2011-02-01",
          "team1": {
            "key": "westbrom",
            "name": "West Bromwich Albion",
            "code": "WBA"
          },
          "team2": {
            "key": "wigan",
            "name": "Wigan Athletic",
            "code": "WIG"
          },
          "score1": 2,
          "score2": 2
        },
        {
          "date": "2011-02-01",
          "team1": {
            "key": "arsenal",
            "name": "Arsenal",
            "code": "ARS"
          },
          "team2": {
            "key": "everton",
            "name": "Everton",
            "code": "EVE"
          },
          "score1": 2,
          "score2": 1
        },
        {
          "date": "2011-02-01",
          "team1": {
            "key": "sunderland",
            "name": "Sunderland",
            "code": "SUN"
          },
          "team2": {
            "key": "chelsea",
            "name": "Chelsea",
            "code": "CHE"
          },
          "score1": 2,
          "score2": 4
        }
      ]
    },
    {
      "name": "Round 26",
      "matches": [
        {
          "date": "2011-02-06",
          "team1": {
            "key": "chelsea",
            "name": "Chelsea",
            "code": "CHE"
          },
          "team2": {
            "key": "liverpool",
            "name": "Liverpool",
            "code": "LIV"
          },
          "score1": 0,
          "score2": 1
        },
        {
          "date": "2011-02-05",
          "team1": {
            "key": "astonvilla",
            "name": "Aston Villa",
            "code": "AVL"
          },
          "team2": {
            "key": "fulham",
            "name": "Fulham",
            "code": "FUL"
          },
          "score1": 2,
          "score2": 2
        },
        {
          "date": "2011-02-05",
          "team1": {
            "key": "everton",
            "name": "Everton",
            "code": "EVE"
          },
          "team2": {
            "key": "blackpool",
            "name": "Blackpool",
            "code": null
          },
          "score1": 5,
          "score2": 3
        },
        {
          "date": "2011-02-05",
          "team1": {
            "key": "mancity",
            "name": "Manchester City",
            "code": "MCI"
          },
          "team2": {
            "key": "westbrom",
            "name": "West Bromwich Albion",
            "code": "WBA"
          },
          "score1": 3,
          "score2": 0
        },
        {
          "date": "2011-02-05",
          "team1": {
            "key": "newcastle",
            "name": "Newcastle United",
            "code": "NEW"
          },
          "team2": {
            "key": "arsenal",
            "name": "Arsenal",
            "code": "ARS"
          },
          "score1": 4,
          "score2": 4
        },
        {
          "date": "2011-02-05",
          "team1": {
            "key": "stoke",
            "name": "Stoke City",
            "code": "STK"
          },
          "team2": {
            "key": "sunderland",
            "name": "Sunderland",
            "code": "SUN"
          },
          "score1": 3,
          "score2": 2
        }
      ]
    },
    {
      "name": "Round 27",
      "matches": [
        {
          "date": "2011-02-14",
          "team1": {
            "key": "fulham",
            "name": "Fulham",
            "code": "FUL"
          },
          "team2": {
            "key": "chelsea",
            "name": "Chelsea",
            "code": "CHE"
          },
          "score1": 0,
          "score2": 0
        },
        {
          "date": "2011-02-12",
          "team1": {
            "key": "sunderland",
            "name": "Sunderland",
            "code": "SUN"
          },
          "team2": {
            "key": "tottenham",
            "name": "Tottenham Hotspur",
            "code": "TOT"
          },
          "score1": 1,
          "score2": 2
        },
        {
          "date": "2011-02-12",
          "team1": {
            "key": "blackpool",
            "name": "Blackpool",
            "code": null
          },
          "team2": {
            "key": "astonvilla",
            "name": "Aston Villa",
            "code": "AVL"
          },
          "score1": 1,
          "score2": 1
        },
        {
          "date": "2011-02-12",
          "team1": {
            "key": "liverpool",
            "name": "Liverpool",
            "code": "LIV"
          },
          "team2": {
            "key": "wigan",
            "name": "Wigan Athletic",
            "code": "WIG"
          },
          "score1": 1,
          "score2": 1
        },
        {
          "date": "2011-02-12",
          "team1": {
            "key": "westbrom",
            "name": "West Bromwich Albion",
            "code": "WBA"
          },
          "team2": {
            "key": "westham",
            "name": "West Ham United",
            "code": "WHU"
          },
          "score1": 3,
          "score2": 3
        },
        {
          "date": "2011-02-12",
          "team1": {
            "key": "manutd",
            "name": "Manchester United",
            "code": "MUN"
          },
          "team2": {
            "key": "mancity",
            "name": "Manchester City",
            "code": "MCI"
          },
          "score1": 2,
          "score2": 1
        }
      ]
    },
    {
      "name": "Round 28",
      "matches": [
        {
          "date": "2011-04-20",
          "team1": {
            "key": "tottenham",
            "name": "Tottenham Hotspur",
            "code": "TOT"
          },
          "team2": {
            "key": "arsenal",
            "name": "Arsenal",
            "code": "ARS"
          },
          "score1": 3,
          "score2": 3
        },
        {
          "date": "2011-02-28",
          "team1": {
            "key": "stoke",
            "name": "Stoke City",
            "code": "STK"
          },
          "team2": {
            "key": "westbrom",
            "name": "West Bromwich Albion",
            "code": "WBA"
          },
          "score1": 1,
          "score2": 1
        },
        {
          "date": "2011-02-27",
          "team1": {
            "key": "mancity",
            "name": "Manchester City",
            "code": "MCI"
          },
          "team2": {
            "key": "fulham",
            "name": "Fulham",
            "code": "FUL"
          },
          "score1": 1,
          "score2": 1
        },
        {
          "date": "2011-02-27",
          "team1": {
            "key": "westham",
            "name": "West Ham United",
            "code": "WHU"
          },
          "team2": {
            "key": "liverpool",
            "name": "Liverpool",
            "code": "LIV"
          },
          "score1": 3,
          "score2": 1
        },
        {
          "date": "2011-02-26",
          "team1": {
            "key": "everton",
            "name": "Everton",
            "code": "EVE"
          },
          "team2": {
            "key": "sunderland",
            "name": "Sunderland",
            "code": "SUN"
          },
          "score1": 2,
          "score2": 0
        },
        {
          "date": "2011-02-26",
          "team1": {
            "key": "wigan",
            "name": "Wigan Athletic",
            "code": "WIG"
          },
          "team2": {
            "key": "manutd",
            "name": "Manchester United",
            "code": "MUN"
          },
          "score1": 0,
          "score2": 4
        }
      ]
    },
    {
      "name": "Round 29",
      "matches": [
        {
          "date": "2011-03-07",
          "team1": {
            "key": "blackpool",
            "name": "Blackpool",
            "code": null
          },
          "team2": {
            "key": "chelsea",
            "name": "Chelsea",
            "code": "CHE"
          },
          "score1": 1,
          "score2": 3
        },
        {
          "date": "2011-03-06",
          "team1": {
            "key": "liverpool",
            "name": "Liverpool",
            "code": "LIV"
          },
          "team2": {
            "key": "manutd",
            "name": "Manchester United",
            "code": "MUN"
          },
          "score1": 3,
          "score2": 1
        },
        {
          "date": "2011-03-05",
          "team1": {
            "key": "mancity",
            "name": "Manchester City",
            "code": "MCI"
          },
          "team2": {
            "key": "wigan",
            "name": "Wigan Athletic",
            "code": "WIG"
          },
          "score1": 1,
          "score2": 0
        },
        {
          "date": "2011-03-05",
          "team1": {
            "key": "arsenal",
            "name": "Arsenal",
            "code": "ARS"
          },
          "team2": {
            "key": "sunderland",
            "name": "Sunderland",
            "code": "SUN"
          },
          "score1": 0,
          "score2": 0
        },
        {
          "date": "2011-03-05",
          "team1": {
            "key": "newcastle",
            "name": "Newcastle United",
            "code": "NEW"
          },
          "team2": {
            "key": "everton",
            "name": "Everton",
            "code": "EVE"
          },
          "score1": 1,
          "score2": 2
        },
        {
          "date": "2011-03-05",
          "team1": {
            "key": "westham",
            "name": "West Ham United",
            "code": "WHU"
          },
          "team2": {
            "key": "stoke",
            "name": "Stoke City",
            "code": "STK"
          },
          "score1": 3,
          "score2": 0
        }
      ]
    },
    {
      "name": "Round 30",
      "matches": [
        {
          "date": "2011-03-20",
          "team1": {
            "key": "chelsea",
            "name": "Chelsea",
            "code": "CHE"
          },
          "team2": {
            "key": "mancity",
            "name": "Manchester City",
            "code": "MCI"
          },
          "score1": 2,
          "score2": 0
        },
        {
          "date": "2011-03-20",
          "team1": {
            "key": "sunderland",
            "name": "Sunderland",
            "code": "SUN"
          },
          "team2": {
            "key": "liverpool",
            "name": "Liverpool",
            "code": "LIV"
          },
          "score1": 0,
          "score2": 2
        },
        {
          "date": "2011-03-19",
          "team1": {
            "key": "everton",
            "name": "Everton",
            "code": "EVE"
          },
          "team2": {
            "key": "fulham",
            "name": "Fulham",
            "code": "FUL"
          },
          "score1": 2,
          "score2": 1
        },
        {
          "date": "2011-03-19",
          "team1": {
            "key": "stoke",
            "name": "Stoke City",
            "code": "STK"
          },
          "team2": {
            "key": "newcastle",
            "name": "Newcastle United",
            "code": "NEW"
          },
          "score1": 4,
          "score2": 0
        },
        {
          "date": "2011-03-19",
          "team1": {
            "key": "westbrom",
            "name": "West Bromwich Albion",
            "code": "WBA"
          },
          "team2": {
            "key": "arsenal",
            "name": "Arsenal",
            "code": "ARS"
          },
          "score1": 2,
          "score2": 2
        },
        {
          "date": "2011-03-19",
          "team1": {
            "key": "tottenham",
            "name": "Tottenham Hotspur",
            "code": "TOT"
          },
          "team2": {
            "key": "westham",
            "name": "West Ham United",
            "code": "WHU"
          },
          "score1": 0,
          "score2": 0
        }
      ]
    },
    {
      "name": "Round 31",
      "matches": [
        {
          "date": "2011-04-03",
          "team1": {
            "key": "mancity",
            "name": "Manchester City",
            "code": "MCI"
          },
          "team2": {
            "key": "sunderland",
            "name": "Sunderland",
            "code": "SUN"
          },
          "score1": 5,
          "score2": 0
        },
        {
          "date": "2011-04-03",
          "team1": {
            "key": "fulham",
            "name": "Fulham",
            "code": "FUL"
          },
          "team2": {
            "key": "blackpool",
            "name": "Blackpool",
            "code": null
          },
          "score1": 3,
          "score2": 0
        },
        {
          "date": "2011-04-02",
          "team1": {
            "key": "everton",
            "name": "Everton",
            "code": "EVE"
          },
          "team2": {
            "key": "astonvilla",
            "name": "Aston Villa",
            "code": "AVL"
          },
          "score1": 2,
          "score2": 2
        },
        {
          "date": "2011-04-02",
          "team1": {
            "key": "stoke",
            "name": "Stoke City",
            "code": "STK"
          },
          "team2": {
            "key": "chelsea",
            "name": "Chelsea",
            "code": "CHE"
          },
          "score1": 1,
          "score2": 1
        },
        {
          "date": "2011-04-02",
          "team1": {
            "key": "westbrom",
            "name": "West Bromwich Albion",
            "code": "WBA"
          },
          "team2": {
            "key": "liverpool",
            "name": "Liverpool",
            "code": "LIV"
          },
          "score1": 2,
          "score2": 1
        },
        {
          "date": "2011-04-02",
          "team1": {
            "key": "wigan",
            "name": "Wigan Athletic",
            "code": "WIG"
          },
          "team2": {
            "key": "tottenham",
            "name": "Tottenham Hotspur",
            "code": "TOT"
          },
          "score1": 0,
          "score2": 0
        },
        {
          "date": "2011-04-02",
          "team1": {
            "key": "westham",
            "name": "West Ham United",
            "code": "WHU"
          },
          "team2": {
            "key": "manutd",
            "name": "Manchester United",
            "code": "MUN"
          },
          "score1": 2,
          "score2": 4
        }
      ]
    },
    {
      "name": "Round 32",
      "matches": [
        {
          "date": "2011-04-11",
          "team1": {
            "key": "liverpool",
            "name": "Liverpool",
            "code": "LIV"
          },
          "team2": {
            "key": "mancity",
            "name": "Manchester City",
            "code": "MCI"
          },
          "score1": 3,
          "score2": 0
        },
        {
          "date": "2011-04-10",
          "team1": {
            "key": "astonvilla",
            "name": "Aston Villa",
            "code": "AVL"
          },
          "team2": {
            "key": "newcastle",
            "name": "Newcastle United",
            "code": "NEW"
          },
          "score1": 1,
          "score2": 0
        },
        {
          "date": "2011-04-10",
          "team1": {
            "key": "blackpool",
            "name": "Blackpool",
            "code": null
          },
          "team2": {
            "key": "arsenal",
            "name": "Arsenal",
            "code": "ARS"
          },
          "score1": 1,
          "score2": 3
        },
        {
          "date": "2011-04-09",
          "team1": {
            "key": "chelsea",
            "name": "Chelsea",
            "code": "CHE"
          },
          "team2": {
            "key": "wigan",
            "name": "Wigan Athletic",
            "code": "WIG"
          },
          "score1": 1,
          "score2": 0
        },
        {
          "date": "2011-04-09",
          "team1": {
            "key": "manutd",
            "name": "Manchester United",
            "code": "MUN"
          },
          "team2": {
            "key": "fulham",
            "name": "Fulham",
            "code": "FUL"
          },
          "score1": 2,
          "score2": 0
        },
        {
          "date": "2011-04-09",
          "team1": {
            "key": "sunderland",
            "name": "Sunderland",
            "code": "SUN"
          },
          "team2": {
            "key": "westbrom",
            "name": "West Bromwich Albion",
            "code": "WBA"
          },
          "score1": 2,
          "score2": 3
        },
        {
          "date": "2011-04-09",
          "team1": {
            "key": "tottenham",
            "name": "Tottenham Hotspur",
            "code": "TOT"
          },
          "team2": {
            "key": "stoke",
            "name": "Stoke City",
            "code": "STK"
          },
          "score1": 3,
          "score2": 2
        }
      ]
    },
    {
      "name": "Round 33",
      "matches": [
        {
          "date": "2011-05-10",
          "team1": {
            "key": "mancity",
            "name": "Manchester City",
            "code": "MCI"
          },
          "team2": {
            "key": "tottenham",
            "name": "Tottenham Hotspur",
            "code": "TOT"
          },
          "score1": 1,
          "score2": 0
        },
        {
          "date": "2011-04-19",
          "team1": {
            "key": "newcastle",
            "name": "Newcastle United",
            "code": "NEW"
          },
          "team2": {
            "key": "manutd",
            "name": "Manchester United",
            "code": "MUN"
          },
          "score1": 0,
          "score2": 0
        },
        {
          "date": "2011-04-17",
          "team1": {
            "key": "arsenal",
            "name": "Arsenal",
            "code": "ARS"
          },
          "team2": {
            "key": "liverpool",
            "name": "Liverpool",
            "code": "LIV"
          },
          "score1": 1,
          "score2": 1
        },
        {
          "date": "2011-04-16",
          "team1": {
            "key": "blackpool",
            "name": "Blackpool",
            "code": null
          },
          "team2": {
            "key": "wigan",
            "name": "Wigan Athletic",
            "code": "WIG"
          },
          "score1": 1,
          "score2": 3
        },
        {
          "date": "2011-04-16",
          "team1": {
            "key": "westbrom",
            "name": "West Bromwich Albion",
            "code": "WBA"
          },
          "team2": {
            "key": "chelsea",
            "name": "Chelsea",
            "code": "CHE"
          },
          "score1": 1,
          "score2": 3
        },
        {
          "date": "2011-04-16",
          "team1": {
            "key": "westham",
            "name": "West Ham United",
            "code": "WHU"
          },
          "team2": {
            "key": "astonvilla",
            "name": "Aston Villa",
            "code": "AVL"
          },
          "score1": 1,
          "score2": 2
        }
      ]
    },
    {
      "name": "Round 34",
      "matches": [
        {
          "date": "2011-04-23",
          "team1": {
            "key": "chelsea",
            "name": "Chelsea",
            "code": "CHE"
          },
          "team2": {
            "key": "westham",
            "name": "West Ham United",
            "code": "WHU"
          },
          "score1": 3,
          "score2": 0
        },
        {
          "date": "2011-04-23",
          "team1": {
            "key": "astonvilla",
            "name": "Aston Villa",
            "code": "AVL"
          },
          "team2": {
            "key": "stoke",
            "name": "Stoke City",
            "code": "STK"
          },
          "score1": 1,
          "score2": 1
        },
        {
          "date": "2011-04-23",
          "team1": {
            "key": "blackpool",
            "name": "Blackpool",
            "code": null
          },
          "team2": {
            "key": "newcastle",
            "name": "Newcastle United",
            "code": "NEW"
          },
          "score1": 1,
          "score2": 1
        },
        {
          "date": "2011-04-23",
          "team1": {
            "key": "sunderland",
            "name": "Sunderland",
            "code": "SUN"
          },
          "team2": {
            "key": "wigan",
            "name": "Wigan Athletic",
            "code": "WIG"
          },
          "score1": 4,
          "score2": 2
        },
        {
          "date": "2011-04-23",
          "team1": {
            "key": "tottenham",
            "name": "Tottenham Hotspur",
            "code": "TOT"
          },
          "team2": {
            "key": "westbrom",
            "name": "West Bromwich Albion",
            "code": "WBA"
          },
          "score1": 2,
          "score2": 2
        },
        {
          "date": "2011-04-23",
          "team1": {
            "key": "manutd",
            "name": "Manchester United",
            "code": "MUN"
          },
          "team2": {
            "key": "everton",
            "name": "Everton",
            "code": "EVE"
          },
          "score1": 1,
          "score2": 0
        }
      ]
    },
    {
      "name": "Round 35",
      "matches": [
        {
          "date": "2011-05-01",
          "team1": {
            "key": "mancity",
            "name": "Manchester City",
            "code": "MCI"
          },
          "team2": {
            "key": "westham",
            "name": "West Ham United",
            "code": "WHU"
          },
          "score1": 2,
          "score2": 1
        },
        {
          "date": "2011-05-01",
          "team1": {
            "key": "arsenal",
            "name": "Arsenal",
            "code": "ARS"
          },
          "team2": {
            "key": "manutd",
            "name": "Manchester United",
            "code": "MUN"
          },
          "score1": 1,
          "score2": 0
        },
        {
          "date": "2011-05-01",
          "team1": {
            "key": "liverpool",
            "name": "Liverpool",
            "code": "LIV"
          },
          "team2": {
            "key": "newcastle",
            "name": "Newcastle United",
            "code": "NEW"
          },
          "score1": 3,
          "score2": 0
        },
        {
          "date": "2011-04-30",
          "team1": {
            "key": "chelsea",
            "name": "Chelsea",
            "code": "CHE"
          },
          "team2": {
            "key": "tottenham",
            "name": "Tottenham Hotspur",
            "code": "TOT"
          },
          "score1": 2,
          "score2": 1
        },
        {
          "date": "2011-04-30",
          "team1": {
            "key": "blackpool",
            "name": "Blackpool",
            "code": null
          },
          "team2": {
            "key": "stoke",
            "name": "Stoke City",
            "code": "STK"
          },
          "score1": 0,
          "score2": 0
        },
        {
          "date": "2011-04-30",
          "team1": {
            "key": "sunderland",
            "name": "Sunderland",
            "code": "SUN"
          },
          "team2": {
            "key": "fulham",
            "name": "Fulham",
            "code": "FUL"
          },
          "score1": 0,
          "score2": 3
        },
        {
          "date": "2011-04-30",
          "team1": {
            "key": "westbrom",
            "name": "West Bromwich Albion",
            "code": "WBA"
          },
          "team2": {
            "key": "astonvilla",
            "name": "Aston Villa",
            "code": "AVL"
          },
          "score1": 2,
          "score2": 1
        },
        {
          "date": "2011-04-30",
          "team1": {
            "key": "wigan",
            "name": "Wigan Athletic",
            "code": "WIG"
          },
          "team2": {
            "key": "everton",
            "name": "Everton",
            "code": "EVE"
          },
          "score1": 1,
          "score2": 1
        }
      ]
    },
    {
      "name": "Round 36",
      "matches": [
        {
          "date": "2011-05-09",
          "team1": {
            "key": "fulham",
            "name": "Fulham",
            "code": "FUL"
          },
          "team2": {
            "key": "liverpool",
            "name": "Liverpool",
            "code": "LIV"
          },
          "score1": 2,
          "score2": 5
        },
        {
          "date": "2011-05-08",
          "team1": {
            "key": "manutd",
            "name": "Manchester United",
            "code": "MUN"
          },
          "team2": {
            "key": "chelsea",
            "name": "Chelsea",
            "code": "CHE"
          },
          "score1": 2,
          "score2": 1
        },
        {
          "date": "2011-05-08",
          "team1": {
            "key": "stoke",
            "name": "Stoke City",
            "code": "STK"
          },
          "team2": {
            "key": "arsenal",
            "name": "Arsenal",
            "code": "ARS"
          },
          "score1": 3,
          "score2": 1
        },
        {
          "date": "2011-05-07",
          "team1": {
            "key": "tottenham",
            "name": "Tottenham Hotspur",
            "code": "TOT"
          },
          "team2": {
            "key": "blackpool",
            "name": "Blackpool",
            "code": null
          },
          "score1": 1,
          "score2": 1
        },
        {
          "date": "2011-05-07",
          "team1": {
            "key": "astonvilla",
            "name": "Aston Villa",
            "code": "AVL"
          },
          "team2": {
            "key": "wigan",
            "name": "Wigan Athletic",
            "code": "WIG"
          },
          "score1": 1,
          "score2": 1
        },
        {
          "date": "2011-05-07",
          "team1": {
            "key": "everton",
            "name": "Everton",
            "code": "EVE"
          },
          "team2": {
            "key": "mancity",
            "name": "Manchester City",
            "code": "MCI"
          },
          "score1": 2,
          "score2": 1
        }
      ]
    },
    {
      "name": "Round 37",
      "matches": [
        {
          "date": "2011-05-17",
          "team1": {
            "key": "mancity",
            "name": "Manchester City",
            "code": "MCI"
          },
          "team2": {
            "key": "stoke",
            "name": "Stoke City",
            "code": "STK"
          },
          "score1": 3,
          "score2": 0
        },
        {
          "date": "2011-05-15",
          "team1": {
            "key": "arsenal",
            "name": "Arsenal",
            "code": "ARS"
          },
          "team2": {
            "key": "astonvilla",
            "name": "Aston Villa",
            "code": "AVL"
          },
          "score1": 1,
          "score2": 2
        },
        {
          "date": "2011-05-15",
          "team1": {
            "key": "liverpool",
            "name": "Liverpool",
            "code": "LIV"
          },
          "team2": {
            "key": "tottenham",
            "name": "Tottenham Hotspur",
            "code": "TOT"
          },
          "score1": 0,
          "score2": 2
        },
        {
          "date": "2011-05-15",
          "team1": {
            "key": "wigan",
            "name": "Wigan Athletic",
            "code": "WIG"
          },
          "team2": {
            "key": "westham",
            "name": "West Ham United",
            "code": "WHU"
          },
          "score1": 3,
          "score2": 2
        },
        {
          "date": "2011-05-15",
          "team1": {
            "key": "chelsea",
            "name": "Chelsea",
            "code": "CHE"
          },
          "team2": {
            "key": "newcastle",
            "name": "Newcastle United",
            "code": "NEW"
          },
          "score1": 2,
          "score2": 2
        },
        {
          "date": "2011-05-14",
          "team1": {
            "key": "westbrom",
            "name": "West Bromwich Albion",
            "code": "WBA"
          },
          "team2": {
            "key": "everton",
            "name": "Everton",
            "code": "EVE"
          },
          "score1": 1,
          "score2": 0
        }
      ]
    },
    {
      "name": "Round 38",
      "matches": [
        {
          "date": "2011-05-22",
          "team1": {
            "key": "astonvilla",
            "name": "Aston Villa",
            "code": "AVL"
          },
          "team2": {
            "key": "liverpool",
            "name": "Liverpool",
            "code": "LIV"
          },
          "score1": 1,
          "score2": 0
        },
        {
          "date": "2011-05-22",
          "team1": {
            "key": "everton",
            "name": "Everton",
            "code": "EVE"
          },
          "team2": {
            "key": "chelsea",
            "name": "Chelsea",
            "code": "CHE"
          },
          "score1": 1,
          "score2": 0
        },
        {
          "date": "2011-05-22",
          "team1": {
            "key": "fulham",
            "name": "Fulham",
            "code": "FUL"
          },
          "team2": {
            "key": "arsenal",
            "name": "Arsenal",
            "code": "ARS"
          },
          "score1": 2,
          "score2": 2
        },
        {
          "date": "2011-05-22",
          "team1": {
            "key": "manutd",
            "name": "Manchester United",
            "code": "MUN"
          },
          "team2": {
            "key": "blackpool",
            "name": "Blackpool",
            "code": null
          },
          "score1": 4,
          "score2": 2
        },
        {
          "date": "2011-05-22",
          "team1": {
            "key": "newcastle",
            "name": "Newcastle United",
            "code": "NEW"
          },
          "team2": {
            "key": "westbrom",
            "name": "West Bromwich Albion",
            "code": "WBA"
          },
          "score1": 3,
          "score2": 3
        },
        {
          "date": "2011-05-22",
          "team1": {
            "key": "stoke",
            "name": "Stoke City",
            "code": "STK"
          },
          "team2": {
            "key": "wigan",
            "name": "Wigan Athletic",
            "code": "WIG"
          },
          "score1": 0,
          "score2": 1
        },
        {
          "date": "2011-05-22",
          "team1": {
            "key": "westham",
            "name": "West Ham United",
            "code": "WHU"
          },
          "team2": {
            "key": "sunderland",
            "name": "Sunderland",
            "code": "SUN"
          },
          "score1": 0,
          "score2": 3
        }
      ]
    }
  ]
}