{
  "name": "Österr. Bundesliga 2017/18",
  "clubs": [
    {
      "key": "austria",
      "name": "FK Austria Wien",
      "code": "AUS"
    },
    {
      "key": "rapid",
      "name": "SK Rapid Wien",
      "code": "RAP"
    },
    {
      "key": "admira",
      "name": "FC Admira Wacker",
      "code": "ADM"
    },
    {
      "key": "mattersburg",
      "name": "SV Mattersburg",
      "code": "MAT"
    },
    {
      "key": "salzburg",
      "name": "FC RB Salzburg",
      "code": "RBS"
    },
    {
      "key": "sturm",
      "name": "SK Sturm Graz",
      "code": "STU"
    },
    {
      "key": "wac",
      "name": "Wolfsberger AC",
      "code": "WAC"
    },
    {
      "key": "altach",
      "name": "SCR Altach",
      "code": "ALT"
    },
    {
      "key": "stpoelten",
      "name": "SKN St. Pölten",
      "code": "SKN"
    },
    {
      "key": "lask",
      "name": "LASK Linz",
      "code": "ASK"
    }
  ]
}