{
  "name": "Österr. Erste Liga 2017/18",
  "rounds": [
    {
      "name": "Runde 1",
      "matches": [
        {
          "date": "2017-07-21",
          "team1": {
            "key": "fac",
            "name": "Floridsdorfer AC",
            "code": "FAC"
          },
          "team2": {
            "key": "alustenau",
            "name": "SC Austria Lustenau",
            "code": "ALU"
          },
          "score1": 1,
          "score2": 5
        },
        {
          "date": "2017-07-21",
          "team1": {
            "key": "wattens",
            "name": "WSG Wattens",
            "code": "WAT"
          },
          "team2": {
            "key": "hartberg",
            "name": "TSV Hartberg",
            "code": "HTB"
          },
          "score1": 0,
          "score2": 1
        },
        {
          "date": "2017-07-21",
          "team1": {
            "key": "ksv",
            "name": "Kapfenberger SV",
            "code": "KSV"
          },
          "team2": {
            "key": "liefering",
            "name": "FC Liefering",
            "code": "FCL"
          },
          "score1": 1,
          "score2": 2
        },
        {
          "date": "2017-07-21",
          "team1": {
            "key": "linz",
            "name": "FC Blau-Weiß Linz",
            "code": "BWL"
          },
          "team2": {
            "key": "innsbruck",
            "name": "FC Wacker Innsbruck",
            "code": "FCW"
          },
          "score1": 1,
          "score2": 1
        },
        {
          "date": "2017-07-21",
          "team1": {
            "key": "ried",
            "name": "SV Ried",
            "code": "RIE"
          },
          "team2": {
            "key": "wrneustadt",
            "name": "SC Wiener Neustadt",
            "code": "WRN"
          },
          "score1": 0,
          "score2": 1
        }
      ]
    },
    {
      "name": "Runde 2",
      "matches": [
        {
          "date": "2017-07-28",
          "team1": {
            "key": "liefering",
            "name": "FC Liefering",
            "code": "FCL"
          },
          "team2": {
            "key": "wattens",
            "name": "WSG Wattens",
            "code": "WAT"
          },
          "score1": 0,
          "score2": 1
        },
        {
          "date": "2017-07-28",
          "team1": {
            "key": "hartberg",
            "name": "TSV Hartberg",
            "code": "HTB"
          },
          "team2": {
            "key": "fac",
            "name": "Floridsdorfer AC",
            "code": "FAC"
          },
          "score1": 3,
          "score2": 1
        },
        {
          "date": "2017-07-28",
          "team1": {
            "key": "innsbruck",
            "name": "FC Wacker Innsbruck",
            "code": "FCW"
          },
          "team2": {
            "key": "ksv",
            "name": "Kapfenberger SV",
            "code": "KSV"
          },
          "score1": 0,
          "score2": 0
        },
        {
          "date": "2017-07-28",
          "team1": {
            "key": "wrneustadt",
            "name": "SC Wiener Neustadt",
            "code": "WRN"
          },
          "team2": {
            "key": "linz",
            "name": "FC Blau-Weiß Linz",
            "code": "BWL"
          },
          "score1": 4,
          "score2": 0
        },
        {
          "date": "2017-07-28",
          "team1": {
            "key": "alustenau",
            "name": "SC Austria Lustenau",
            "code": "ALU"
          },
          "team2": {
            "key": "ried",
            "name": "SV Ried",
            "code": "RIE"
          },
          "score1": 0,
          "score2": 2
        }
      ]
    },
    {
      "name": "Runde 3",
      "matches": [
        {
          "date": "2017-08-04",
          "team1": {
            "key": "ried",
            "name": "SV Ried",
            "code": "RIE"
          },
          "team2": {
            "key": "fac",
            "name": "Floridsdorfer AC",
            "code": "FAC"
          },
          "score1": null,
          "score2": null
        },
        {
          "date": "2017-08-04",
          "team1": {
            "key": "alustenau",
            "name": "SC Austria Lustenau",
            "code": "ALU"
          },
          "team2": {
            "key": "wrneustadt",
            "name": "SC Wiener Neustadt",
            "code": "WRN"
          },
          "score1": null,
          "score2": null
        },
        {
          "date": "2017-08-04",
          "team1": {
            "key": "wattens",
            "name": "WSG Wattens",
            "code": "WAT"
          },
          "team2": {
            "key": "ksv",
            "name": "Kapfenberger SV",
            "code": "KSV"
          },
          "score1": null,
          "score2": null
        },
        {
          "date": "2017-08-04",
          "team1": {
            "key": "linz",
            "name": "FC Blau-Weiß Linz",
            "code": "BWL"
          },
          "team2": {
            "key": "liefering",
            "name": "FC Liefering",
            "code": "FCL"
          },
          "score1": null,
          "score2": null
        },
        {
          "date": "2017-08-04",
          "team1": {
            "key": "hartberg",
            "name": "TSV Hartberg",
            "code": "HTB"
          },
          "team2": {
            "key": "innsbruck",
            "name": "FC Wacker Innsbruck",
            "code": "FCW"
          },
          "score1": null,
          "score2": null
        }
      ]
    },
    {
      "name": "Runde 4",
      "matches": [
        {
          "date": "2017-08-07",
          "team1": {
            "key": "liefering",
            "name": "FC Liefering",
            "code": "FCL"
          },
          "team2": {
            "key": "ried",
            "name": "SV Ried",
            "code": "RIE"
          },
          "score1": null,
          "score2": null
        },
        {
          "date": "2017-08-08",
          "team1": {
            "key": "innsbruck",
            "name": "FC Wacker Innsbruck",
            "code": "FCW"
          },
          "team2": {
            "key": "alustenau",
            "name": "SC Austria Lustenau",
            "code": "ALU"
          },
          "score1": null,
          "score2": null
        },
        {
          "date": "2017-08-08",
          "team1": {
            "key": "ksv",
            "name": "Kapfenberger SV",
            "code": "KSV"
          },
          "team2": {
            "key": "linz",
            "name": "FC Blau-Weiß Linz",
            "code": "BWL"
          },
          "score1": null,
          "score2": null
        },
        {
          "date": "2017-08-08",
          "team1": {
            "key": "wrneustadt",
            "name": "SC Wiener Neustadt",
            "code": "WRN"
          },
          "team2": {
            "key": "hartberg",
            "name": "TSV Hartberg",
            "code": "HTB"
          },
          "score1": null,
          "score2": null
        },
        {
          "date": "2017-08-08",
          "team1": {
            "key": "fac",
            "name": "Floridsdorfer AC",
            "code": "FAC"
          },
          "team2": {
            "key": "wattens",
            "name": "WSG Wattens",
            "code": "WAT"
          },
          "score1": null,
          "score2": null
        }
      ]
    },
    {
      "name": "Runde 5",
      "matches": [
        {
          "date": "2017-08-11",
          "team1": {
            "key": "alustenau",
            "name": "SC Austria Lustenau",
            "code": "ALU"
          },
          "team2": {
            "key": "ksv",
            "name": "Kapfenberger SV",
            "code": "KSV"
          },
          "score1": null,
          "score2": null
        },
        {
          "date": "2017-08-11",
          "team1": {
            "key": "hartberg",
            "name": "TSV Hartberg",
            "code": "HTB"
          },
          "team2": {
            "key": "liefering",
            "name": "FC Liefering",
            "code": "FCL"
          },
          "score1": null,
          "score2": null
        },
        {
          "date": "2017-08-11",
          "team1": {
            "key": "linz",
            "name": "FC Blau-Weiß Linz",
            "code": "BWL"
          },
          "team2": {
            "key": "ried",
            "name": "SV Ried",
            "code": "RIE"
          },
          "score1": null,
          "score2": null
        },
        {
          "date": "2017-08-11",
          "team1": {
            "key": "fac",
            "name": "Floridsdorfer AC",
            "code": "FAC"
          },
          "team2": {
            "key": "wrneustadt",
            "name": "SC Wiener Neustadt",
            "code": "WRN"
          },
          "score1": null,
          "score2": null
        },
        {
          "date": "2017-08-11",
          "team1": {
            "key": "wattens",
            "name": "WSG Wattens",
            "code": "WAT"
          },
          "team2": {
            "key": "innsbruck",
            "name": "FC Wacker Innsbruck",
            "code": "FCW"
          },
          "score1": null,
          "score2": null
        }
      ]
    },
    {
      "name": "Runde 6",
      "matches": [
        {
          "date": "2017-08-14",
          "team1": {
            "key": "ried",
            "name": "SV Ried",
            "code": "RIE"
          },
          "team2": {
            "key": "innsbruck",
            "name": "FC Wacker Innsbruck",
            "code": "FCW"
          },
          "score1": null,
          "score2": null
        },
        {
          "date": "2017-08-15",
          "team1": {
            "key": "liefering",
            "name": "FC Liefering",
            "code": "FCL"
          },
          "team2": {
            "key": "fac",
            "name": "Floridsdorfer AC",
            "code": "FAC"
          },
          "score1": null,
          "score2": null
        },
        {
          "date": "2017-08-15",
          "team1": {
            "key": "wattens",
            "name": "WSG Wattens",
            "code": "WAT"
          },
          "team2": {
            "key": "alustenau",
            "name": "SC Austria Lustenau",
            "code": "ALU"
          },
          "score1": null,
          "score2": null
        },
        {
          "date": "2017-08-15",
          "team1": {
            "key": "ksv",
            "name": "Kapfenberger SV",
            "code": "KSV"
          },
          "team2": {
            "key": "wrneustadt",
            "name": "SC Wiener Neustadt",
            "code": "WRN"
          },
          "score1": null,
          "score2": null
        },
        {
          "date": "2017-08-15",
          "team1": {
            "key": "linz",
            "name": "FC Blau-Weiß Linz",
            "code": "BWL"
          },
          "team2": {
            "key": "hartberg",
            "name": "TSV Hartberg",
            "code": "HTB"
          },
          "score1": null,
          "score2": null
        }
      ]
    },
    {
      "name": "Runde 7",
      "matches": [
        {
          "date": "2017-08-18",
          "team1": {
            "key": "alustenau",
            "name": "SC Austria Lustenau",
            "code": "ALU"
          },
          "team2": {
            "key": "linz",
            "name": "FC Blau-Weiß Linz",
            "code": "BWL"
          },
          "score1": null,
          "score2": null
        },
        {
          "date": "2017-08-18",
          "team1": {
            "key": "wrneustadt",
            "name": "SC Wiener Neustadt",
            "code": "WRN"
          },
          "team2": {
            "key": "wattens",
            "name": "WSG Wattens",
            "code": "WAT"
          },
          "score1": null,
          "score2": null
        },
        {
          "date": "2017-08-18",
          "team1": {
            "key": "fac",
            "name": "Floridsdorfer AC",
            "code": "FAC"
          },
          "team2": {
            "key": "ksv",
            "name": "Kapfenberger SV",
            "code": "KSV"
          },
          "score1": null,
          "score2": null
        },
        {
          "date": "2017-08-18",
          "team1": {
            "key": "hartberg",
            "name": "TSV Hartberg",
            "code": "HTB"
          },
          "team2": {
            "key": "ried",
            "name": "SV Ried",
            "code": "RIE"
          },
          "score1": null,
          "score2": null
        },
        {
          "date": "2017-08-18",
          "team1": {
            "key": "innsbruck",
            "name": "FC Wacker Innsbruck",
            "code": "FCW"
          },
          "team2": {
            "key": "liefering",
            "name": "FC Liefering",
            "code": "FCL"
          },
          "score1": null,
          "score2": null
        }
      ]
    },
    {
      "name": "Runde 8",
      "matches": [
        {
          "date": "2017-08-25",
          "team1": {
            "key": "ried",
            "name": "SV Ried",
            "code": "RIE"
          },
          "team2": {
            "key": "wattens",
            "name": "WSG Wattens",
            "code": "WAT"
          },
          "score1": null,
          "score2": null
        },
        {
          "date": "2017-08-25",
          "team1": {
            "key": "liefering",
            "name": "FC Liefering",
            "code": "FCL"
          },
          "team2": {
            "key": "alustenau",
            "name": "SC Austria Lustenau",
            "code": "ALU"
          },
          "score1": null,
          "score2": null
        },
        {
          "date": "2017-08-25",
          "team1": {
            "key": "innsbruck",
            "name": "FC Wacker Innsbruck",
            "code": "FCW"
          },
          "team2": {
            "key": "wrneustadt",
            "name": "SC Wiener Neustadt",
            "code": "WRN"
          },
          "score1": null,
          "score2": null
        },
        {
          "date": "2017-08-25",
          "team1": {
            "key": "linz",
            "name": "FC Blau-Weiß Linz",
            "code": "BWL"
          },
          "team2": {
            "key": "fac",
            "name": "Floridsdorfer AC",
            "code": "FAC"
          },
          "score1": null,
          "score2": null
        },
        {
          "date": "2017-08-25",
          "team1": {
            "key": "hartberg",
            "name": "TSV Hartberg",
            "code": "HTB"
          },
          "team2": {
            "key": "ksv",
            "name": "Kapfenberger SV",
            "code": "KSV"
          },
          "score1": null,
          "score2": null
        }
      ]
    },
    {
      "name": "Runde 9",
      "matches": [
        {
          "date": "2017-09-08",
          "team1": {
            "key": "alustenau",
            "name": "SC Austria Lustenau",
            "code": "ALU"
          },
          "team2": {
            "key": "hartberg",
            "name": "TSV Hartberg",
            "code": "HTB"
          },
          "score1": null,
          "score2": null
        },
        {
          "date": "2017-09-08",
          "team1": {
            "key": "wattens",
            "name": "WSG Wattens",
            "code": "WAT"
          },
          "team2": {
            "key": "linz",
            "name": "FC Blau-Weiß Linz",
            "code": "BWL"
          },
          "score1": null,
          "score2": null
        },
        {
          "date": "2017-09-08",
          "team1": {
            "key": "ksv",
            "name": "Kapfenberger SV",
            "code": "KSV"
          },
          "team2": {
            "key": "ried",
            "name": "SV Ried",
            "code": "RIE"
          },
          "score1": null,
          "score2": null
        },
        {
          "date": "2017-09-08",
          "team1": {
            "key": "wrneustadt",
            "name": "SC Wiener Neustadt",
            "code": "WRN"
          },
          "team2": {
            "key": "liefering",
            "name": "FC Liefering",
            "code": "FCL"
          },
          "score1": null,
          "score2": null
        },
        {
          "date": "2017-09-08",
          "team1": {
            "key": "fac",
            "name": "Floridsdorfer AC",
            "code": "FAC"
          },
          "team2": {
            "key": "innsbruck",
            "name": "FC Wacker Innsbruck",
            "code": "FCW"
          },
          "score1": null,
          "score2": null
        }
      ]
    },
    {
      "name": "Runde 10",
      "matches": [
        {
          "date": "2017-09-12",
          "team1": {
            "key": "alustenau",
            "name": "SC Austria Lustenau",
            "code": "ALU"
          },
          "team2": {
            "key": "fac",
            "name": "Floridsdorfer AC",
            "code": "FAC"
          },
          "score1": null,
          "score2": null
        },
        {
          "date": "2017-09-12",
          "team1": {
            "key": "hartberg",
            "name": "TSV Hartberg",
            "code": "HTB"
          },
          "team2": {
            "key": "wattens",
            "name": "WSG Wattens",
            "code": "WAT"
          },
          "score1": null,
          "score2": null
        },
        {
          "date": "2017-09-12",
          "team1": {
            "key": "liefering",
            "name": "FC Liefering",
            "code": "FCL"
          },
          "team2": {
            "key": "ksv",
            "name": "Kapfenberger SV",
            "code": "KSV"
          },
          "score1": null,
          "score2": null
        },
        {
          "date": "2017-09-12",
          "team1": {
            "key": "innsbruck",
            "name": "FC Wacker Innsbruck",
            "code": "FCW"
          },
          "team2": {
            "key": "linz",
            "name": "FC Blau-Weiß Linz",
            "code": "BWL"
          },
          "score1": null,
          "score2": null
        },
        {
          "date": "2017-09-12",
          "team1": {
            "key": "wrneustadt",
            "name": "SC Wiener Neustadt",
            "code": "WRN"
          },
          "team2": {
            "key": "ried",
            "name": "SV Ried",
            "code": "RIE"
          },
          "score1": null,
          "score2": null
        }
      ]
    },
    {
      "name": "Runde 11",
      "matches": [
        {
          "date": "2017-09-15",
          "team1": {
            "key": "wattens",
            "name": "WSG Wattens",
            "code": "WAT"
          },
          "team2": {
            "key": "liefering",
            "name": "FC Liefering",
            "code": "FCL"
          },
          "score1": null,
          "score2": null
        },
        {
          "date": "2017-09-15",
          "team1": {
            "key": "fac",
            "name": "Floridsdorfer AC",
            "code": "FAC"
          },
          "team2": {
            "key": "hartberg",
            "name": "TSV Hartberg",
            "code": "HTB"
          },
          "score1": null,
          "score2": null
        },
        {
          "date": "2017-09-15",
          "team1": {
            "key": "ksv",
            "name": "Kapfenberger SV",
            "code": "KSV"
          },
          "team2": {
            "key": "innsbruck",
            "name": "FC Wacker Innsbruck",
            "code": "FCW"
          },
          "score1": null,
          "score2": null
        },
        {
          "date": "2017-09-15",
          "team1": {
            "key": "linz",
            "name": "FC Blau-Weiß Linz",
            "code": "BWL"
          },
          "team2": {
            "key": "wrneustadt",
            "name": "SC Wiener Neustadt",
            "code": "WRN"
          },
          "score1": null,
          "score2": null
        },
        {
          "date": "2017-09-15",
          "team1": {
            "key": "ried",
            "name": "SV Ried",
            "code": "RIE"
          },
          "team2": {
            "key": "alustenau",
            "name": "SC Austria Lustenau",
            "code": "ALU"
          },
          "score1": null,
          "score2": null
        }
      ]
    },
    {
      "name": "Runde 12",
      "matches": [
        {
          "date": "2017-09-22",
          "team1": {
            "key": "fac",
            "name": "Floridsdorfer AC",
            "code": "FAC"
          },
          "team2": {
            "key": "ried",
            "name": "SV Ried",
            "code": "RIE"
          },
          "score1": null,
          "score2": null
        },
        {
          "date": "2017-09-22",
          "team1": {
            "key": "wrneustadt",
            "name": "SC Wiener Neustadt",
            "code": "WRN"
          },
          "team2": {
            "key": "alustenau",
            "name": "SC Austria Lustenau",
            "code": "ALU"
          },
          "score1": null,
          "score2": null
        },
        {
          "date": "2017-09-22",
          "team1": {
            "key": "ksv",
            "name": "Kapfenberger SV",
            "code": "KSV"
          },
          "team2": {
            "key": "wattens",
            "name": "WSG Wattens",
            "code": "WAT"
          },
          "score1": null,
          "score2": null
        },
        {
          "date": "2017-09-22",
          "team1": {
            "key": "liefering",
            "name": "FC Liefering",
            "code": "FCL"
          },
          "team2": {
            "key": "linz",
            "name": "FC Blau-Weiß Linz",
            "code": "BWL"
          },
          "score1": null,
          "score2": null
        },
        {
          "date": "2017-09-22",
          "team1": {
            "key": "innsbruck",
            "name": "FC Wacker Innsbruck",
            "code": "FCW"
          },
          "team2": {
            "key": "hartberg",
            "name": "TSV Hartberg",
            "code": "HTB"
          },
          "score1": null,
          "score2": null
        }
      ]
    },
    {
      "name": "Runde 13",
      "matches": [
        {
          "date": "2017-09-29",
          "team1": {
            "key": "ried",
            "name": "SV Ried",
            "code": "RIE"
          },
          "team2": {
            "key": "liefering",
            "name": "FC Liefering",
            "code": "FCL"
          },
          "score1": null,
          "score2": null
        },
        {
          "date": "2017-09-29",
          "team1": {
            "key": "alustenau",
            "name": "SC Austria Lustenau",
            "code": "ALU"
          },
          "team2": {
            "key": "innsbruck",
            "name": "FC Wacker Innsbruck",
            "code": "FCW"
          },
          "score1": null,
          "score2": null
        },
        {
          "date": "2017-09-29",
          "team1": {
            "key": "linz",
            "name": "FC Blau-Weiß Linz",
            "code": "BWL"
          },
          "team2": {
            "key": "ksv",
            "name": "Kapfenberger SV",
            "code": "KSV"
          },
          "score1": null,
          "score2": null
        },
        {
          "date": "2017-09-29",
          "team1": {
            "key": "hartberg",
            "name": "TSV Hartberg",
            "code": "HTB"
          },
          "team2": {
            "key": "wrneustadt",
            "name": "SC Wiener Neustadt",
            "code": "WRN"
          },
          "score1": null,
          "score2": null
        },
        {
          "date": "2017-09-29",
          "team1": {
            "key": "wattens",
            "name": "WSG Wattens",
            "code": "WAT"
          },
          "team2": {
            "key": "fac",
            "name": "Floridsdorfer AC",
            "code": "FAC"
          },
          "score1": null,
          "score2": null
        }
      ]
    },
    {
      "name": "Runde 14",
      "matches": [
        {
          "date": "2017-10-13",
          "team1": {
            "key": "ksv",
            "name": "Kapfenberger SV",
            "code": "KSV"
          },
          "team2": {
            "key": "alustenau",
            "name": "SC Austria Lustenau",
            "code": "ALU"
          },
          "score1": null,
          "score2": null
        },
        {
          "date": "2017-10-13",
          "team1": {
            "key": "liefering",
            "name": "FC Liefering",
            "code": "FCL"
          },
          "team2": {
            "key": "hartberg",
            "name": "TSV Hartberg",
            "code": "HTB"
          },
          "score1": null,
          "score2": null
        },
        {
          "date": "2017-10-13",
          "team1": {
            "key": "ried",
            "name": "SV Ried",
            "code": "RIE"
          },
          "team2": {
            "key": "linz",
            "name": "FC Blau-Weiß Linz",
            "code": "BWL"
          },
          "score1": null,
          "score2": null
        },
        {
          "date": "2017-10-13",
          "team1": {
            "key": "wrneustadt",
            "name": "SC Wiener Neustadt",
            "code": "WRN"
          },
          "team2": {
            "key": "fac",
            "name": "Floridsdorfer AC",
            "code": "FAC"
          },
          "score1": null,
          "score2": null
        },
        {
          "date": "2017-10-13",
          "team1": {
            "key": "innsbruck",
            "name": "FC Wacker Innsbruck",
            "code": "FCW"
          },
          "team2": {
            "key": "wattens",
            "name": "WSG Wattens",
            "code": "WAT"
          },
          "score1": null,
          "score2": null
        }
      ]
    },
    {
      "name": "Runde 15",
      "matches": [
        {
          "date": "2017-10-20",
          "team1": {
            "key": "innsbruck",
            "name": "FC Wacker Innsbruck",
            "code": "FCW"
          },
          "team2": {
            "key": "ried",
            "name": "SV Ried",
            "code": "RIE"
          },
          "score1": null,
          "score2": null
        },
        {
          "date": "2017-10-20",
          "team1": {
            "key": "fac",
            "name": "Floridsdorfer AC",
            "code": "FAC"
          },
          "team2": {
            "key": "liefering",
            "name": "FC Liefering",
            "code": "FCL"
          },
          "score1": null,
          "score2": null
        },
        {
          "date": "2017-10-20",
          "team1": {
            "key": "alustenau",
            "name": "SC Austria Lustenau",
            "code": "ALU"
          },
          "team2": {
            "key": "wattens",
            "name": "WSG Wattens",
            "code": "WAT"
          },
          "score1": null,
          "score2": null
        },
        {
          "date": "2017-10-20",
          "team1": {
            "key": "wrneustadt",
            "name": "SC Wiener Neustadt",
            "code": "WRN"
          },
          "team2": {
            "key": "ksv",
            "name": "Kapfenberger SV",
            "code": "KSV"
          },
          "score1": null,
          "score2": null
        },
        {
          "date": "2017-10-20",
          "team1": {
            "key": "hartberg",
            "name": "TSV Hartberg",
            "code": "HTB"
          },
          "team2": {
            "key": "linz",
            "name": "FC Blau-Weiß Linz",
            "code": "BWL"
          },
          "score1": null,
          "score2": null
        }
      ]
    },
    {
      "name": "Runde 16",
      "matches": [
        {
          "date": "2017-10-31",
          "team1": {
            "key": "linz",
            "name": "FC Blau-Weiß Linz",
            "code": "BWL"
          },
          "team2": {
            "key": "alustenau",
            "name": "SC Austria Lustenau",
            "code": "ALU"
          },
          "score1": null,
          "score2": null
        },
        {
          "date": "2017-10-31",
          "team1": {
            "key": "liefering",
            "name": "FC Liefering",
            "code": "FCL"
          },
          "team2": {
            "key": "innsbruck",
            "name": "FC Wacker Innsbruck",
            "code": "FCW"
          },
          "score1": null,
          "score2": null
        },
        {
          "date": "2017-10-31",
          "team1": {
            "key": "wattens",
            "name": "WSG Wattens",
            "code": "WAT"
          },
          "team2": {
            "key": "wrneustadt",
            "name": "SC Wiener Neustadt",
            "code": "WRN"
          },
          "score1": null,
          "score2": null
        },
        {
          "date": "2017-10-31",
          "team1": {
            "key": "ksv",
            "name": "Kapfenberger SV",
            "code": "KSV"
          },
          "team2": {
            "key": "fac",
            "name": "Floridsdorfer AC",
            "code": "FAC"
          },
          "score1": null,
          "score2": null
        },
        {
          "date": "2017-10-31",
          "team1": {
            "key": "ried",
            "name": "SV Ried",
            "code": "RIE"
          },
          "team2": {
            "key": "hartberg",
            "name": "TSV Hartberg",
            "code": "HTB"
          },
          "score1": null,
          "score2": null
        }
      ]
    },
    {
      "name": "Runde 17",
      "matches": [
        {
          "date": "2017-11-03",
          "team1": {
            "key": "wattens",
            "name": "WSG Wattens",
            "code": "WAT"
          },
          "team2": {
            "key": "ried",
            "name": "SV Ried",
            "code": "RIE"
          },
          "score1": null,
          "score2": null
        },
        {
          "date": "2017-11-03",
          "team1": {
            "key": "alustenau",
            "name": "SC Austria Lustenau",
            "code": "ALU"
          },
          "team2": {
            "key": "liefering",
            "name": "FC Liefering",
            "code": "FCL"
          },
          "score1": null,
          "score2": null
        },
        {
          "date": "2017-11-03",
          "team1": {
            "key": "wrneustadt",
            "name": "SC Wiener Neustadt",
            "code": "WRN"
          },
          "team2": {
            "key": "innsbruck",
            "name": "FC Wacker Innsbruck",
            "code": "FCW"
          },
          "score1": null,
          "score2": null
        },
        {
          "date": "2017-11-03",
          "team1": {
            "key": "fac",
            "name": "Floridsdorfer AC",
            "code": "FAC"
          },
          "team2": {
            "key": "linz",
            "name": "FC Blau-Weiß Linz",
            "code": "BWL"
          },
          "score1": null,
          "score2": null
        },
        {
          "date": "2017-11-03",
          "team1": {
            "key": "ksv",
            "name": "Kapfenberger SV",
            "code": "KSV"
          },
          "team2": {
            "key": "hartberg",
            "name": "TSV Hartberg",
            "code": "HTB"
          },
          "score1": null,
          "score2": null
        }
      ]
    },
    {
      "name": "Runde 18",
      "matches": [
        {
          "date": "2017-11-17",
          "team1": {
            "key": "hartberg",
            "name": "TSV Hartberg",
            "code": "HTB"
          },
          "team2": {
            "key": "alustenau",
            "name": "SC Austria Lustenau",
            "code": "ALU"
          },
          "score1": null,
          "score2": null
        },
        {
          "date": "2017-11-17",
          "team1": {
            "key": "linz",
            "name": "FC Blau-Weiß Linz",
            "code": "BWL"
          },
          "team2": {
            "key": "wattens",
            "name": "WSG Wattens",
            "code": "WAT"
          },
          "score1": null,
          "score2": null
        },
        {
          "date": "2017-11-17",
          "team1": {
            "key": "ried",
            "name": "SV Ried",
            "code": "RIE"
          },
          "team2": {
            "key": "ksv",
            "name": "Kapfenberger SV",
            "code": "KSV"
          },
          "score1": null,
          "score2": null
        },
        {
          "date": "2017-11-17",
          "team1": {
            "key": "liefering",
            "name": "FC Liefering",
            "code": "FCL"
          },
          "team2": {
            "key": "wrneustadt",
            "name": "SC Wiener Neustadt",
            "code": "WRN"
          },
          "score1": null,
          "score2": null
        },
        {
          "date": "2017-11-17",
          "team1": {
            "key": "innsbruck",
            "name": "FC Wacker Innsbruck",
            "code": "FCW"
          },
          "team2": {
            "key": "fac",
            "name": "Floridsdorfer AC",
            "code": "FAC"
          },
          "score1": null,
          "score2": null
        }
      ]
    },
    {
      "name": "Runde 19",
      "matches": [
        {
          "date": "2017-11-24",
          "team1": {
            "key": "ried",
            "name": "SV Ried",
            "code": "RIE"
          },
          "team2": {
            "key": "wrneustadt",
            "name": "SC Wiener Neustadt",
            "code": "WRN"
          },
          "score1": null,
          "score2": null
        },
        {
          "date": "2017-11-24",
          "team1": {
            "key": "wattens",
            "name": "WSG Wattens",
            "code": "WAT"
          },
          "team2": {
            "key": "hartberg",
            "name": "TSV Hartberg",
            "code": "HTB"
          },
          "score1": null,
          "score2": null
        },
        {
          "date": "2017-11-24",
          "team1": {
            "key": "ksv",
            "name": "Kapfenberger SV",
            "code": "KSV"
          },
          "team2": {
            "key": "liefering",
            "name": "FC Liefering",
            "code": "FCL"
          },
          "score1": null,
          "score2": null
        },
        {
          "date": "2017-11-24",
          "team1": {
            "key": "linz",
            "name": "FC Blau-Weiß Linz",
            "code": "BWL"
          },
          "team2": {
            "key": "innsbruck",
            "name": "FC Wacker Innsbruck",
            "code": "FCW"
          },
          "score1": null,
          "score2": null
        },
        {
          "date": "2017-11-24",
          "team1": {
            "key": "fac",
            "name": "Floridsdorfer AC",
            "code": "FAC"
          },
          "team2": {
            "key": "alustenau",
            "name": "SC Austria Lustenau",
            "code": "ALU"
          },
          "score1": null,
          "score2": null
        }
      ]
    },
    {
      "name": "Runde 20",
      "matches": [
        {
          "date": "2017-12-01",
          "team1": {
            "key": "liefering",
            "name": "FC Liefering",
            "code": "FCL"
          },
          "team2": {
            "key": "wattens",
            "name": "WSG Wattens",
            "code": "WAT"
          },
          "score1": null,
          "score2": null
        },
        {
          "date": "2017-12-01",
          "team1": {
            "key": "alustenau",
            "name": "SC Austria Lustenau",
            "code": "ALU"
          },
          "team2": {
            "key": "ried",
            "name": "SV Ried",
            "code": "RIE"
          },
          "score1": null,
          "score2": null
        },
        {
          "date": "2017-12-01",
          "team1": {
            "key": "innsbruck",
            "name": "FC Wacker Innsbruck",
            "code": "FCW"
          },
          "team2": {
            "key": "ksv",
            "name": "Kapfenberger SV",
            "code": "KSV"
          },
          "score1": null,
          "score2": null
        },
        {
          "date": "2017-12-01",
          "team1": {
            "key": "wrneustadt",
            "name": "SC Wiener Neustadt",
            "code": "WRN"
          },
          "team2": {
            "key": "linz",
            "name": "FC Blau-Weiß Linz",
            "code": "BWL"
          },
          "score1": null,
          "score2": null
        },
        {
          "date": "2017-12-01",
          "team1": {
            "key": "hartberg",
            "name": "TSV Hartberg",
            "code": "HTB"
          },
          "team2": {
            "key": "fac",
            "name": "Floridsdorfer AC",
            "code": "FAC"
          },
          "score1": null,
          "score2": null
        }
      ]
    },
    {
      "name": "Runde 21",
      "matches": [
        {
          "date": "2018-02-23",
          "team1": {
            "key": "ried",
            "name": "SV Ried",
            "code": "RIE"
          },
          "team2": {
            "key": "fac",
            "name": "Floridsdorfer AC",
            "code": "FAC"
          },
          "score1": null,
          "score2": null
        },
        {
          "date": "2018-02-23",
          "team1": {
            "key": "alustenau",
            "name": "SC Austria Lustenau",
            "code": "ALU"
          },
          "team2": {
            "key": "wrneustadt",
            "name": "SC Wiener Neustadt",
            "code": "WRN"
          },
          "score1": null,
          "score2": null
        },
        {
          "date": "2018-02-23",
          "team1": {
            "key": "wattens",
            "name": "WSG Wattens",
            "code": "WAT"
          },
          "team2": {
            "key": "ksv",
            "name": "Kapfenberger SV",
            "code": "KSV"
          },
          "score1": null,
          "score2": null
        },
        {
          "date": "2018-02-23",
          "team1": {
            "key": "linz",
            "name": "FC Blau-Weiß Linz",
            "code": "BWL"
          },
          "team2": {
            "key": "liefering",
            "name": "FC Liefering",
            "code": "FCL"
          },
          "score1": null,
          "score2": null
        },
        {
          "date": "2018-02-23",
          "team1": {
            "key": "hartberg",
            "name": "TSV Hartberg",
            "code": "HTB"
          },
          "team2": {
            "key": "innsbruck",
            "name": "FC Wacker Innsbruck",
            "code": "FCW"
          },
          "score1": null,
          "score2": null
        }
      ]
    },
    {
      "name": "Runde 22",
      "matches": [
        {
          "date": "2018-03-02",
          "team1": {
            "key": "liefering",
            "name": "FC Liefering",
            "code": "FCL"
          },
          "team2": {
            "key": "ried",
            "name": "SV Ried",
            "code": "RIE"
          },
          "score1": null,
          "score2": null
        },
        {
          "date": "2018-03-02",
          "team1": {
            "key": "innsbruck",
            "name": "FC Wacker Innsbruck",
            "code": "FCW"
          },
          "team2": {
            "key": "alustenau",
            "name": "SC Austria Lustenau",
            "code": "ALU"
          },
          "score1": null,
          "score2": null
        },
        {
          "date": "2018-03-02",
          "team1": {
            "key": "ksv",
            "name": "Kapfenberger SV",
            "code": "KSV"
          },
          "team2": {
            "key": "linz",
            "name": "FC Blau-Weiß Linz",
            "code": "BWL"
          },
          "score1": null,
          "score2": null
        },
        {
          "date": "2018-03-02",
          "team1": {
            "key": "wrneustadt",
            "name": "SC Wiener Neustadt",
            "code": "WRN"
          },
          "team2": {
            "key": "hartberg",
            "name": "TSV Hartberg",
            "code": "HTB"
          },
          "score1": null,
          "score2": null
        },
        {
          "date": "2018-03-02",
          "team1": {
            "key": "fac",
            "name": "Floridsdorfer AC",
            "code": "FAC"
          },
          "team2": {
            "key": "wattens",
            "name": "WSG Wattens",
            "code": "WAT"
          },
          "score1": null,
          "score2": null
        }
      ]
    },
    {
      "name": "Runde 23",
      "matches": [
        {
          "date": "2018-03-09",
          "team1": {
            "key": "alustenau",
            "name": "SC Austria Lustenau",
            "code": "ALU"
          },
          "team2": {
            "key": "ksv",
            "name": "Kapfenberger SV",
            "code": "KSV"
          },
          "score1": null,
          "score2": null
        },
        {
          "date": "2018-03-09",
          "team1": {
            "key": "wattens",
            "name": "WSG Wattens",
            "code": "WAT"
          },
          "team2": {
            "key": "innsbruck",
            "name": "FC Wacker Innsbruck",
            "code": "FCW"
          },
          "score1": null,
          "score2": null
        },
        {
          "date": "2018-03-09",
          "team1": {
            "key": "linz",
            "name": "FC Blau-Weiß Linz",
            "code": "BWL"
          },
          "team2": {
            "key": "ried",
            "name": "SV Ried",
            "code": "RIE"
          },
          "score1": null,
          "score2": null
        },
        {
          "date": "2018-03-09",
          "team1": {
            "key": "fac",
            "name": "Floridsdorfer AC",
            "code": "FAC"
          },
          "team2": {
            "key": "wrneustadt",
            "name": "SC Wiener Neustadt",
            "code": "WRN"
          },
          "score1": null,
          "score2": null
        },
        {
          "date": "2018-03-09",
          "team1": {
            "key": "hartberg",
            "name": "TSV Hartberg",
            "code": "HTB"
          },
          "team2": {
            "key": "liefering",
            "name": "FC Liefering",
            "code": "FCL"
          },
          "score1": null,
          "score2": null
        }
      ]
    },
    {
      "name": "Runde 24",
      "matches": [
        {
          "date": "2018-03-16",
          "team1": {
            "key": "ried",
            "name": "SV Ried",
            "code": "RIE"
          },
          "team2": {
            "key": "innsbruck",
            "name": "FC Wacker Innsbruck",
            "code": "FCW"
          },
          "score1": null,
          "score2": null
        },
        {
          "date": "2018-03-16",
          "team1": {
            "key": "liefering",
            "name": "FC Liefering",
            "code": "FCL"
          },
          "team2": {
            "key": "fac",
            "name": "Floridsdorfer AC",
            "code": "FAC"
          },
          "score1": null,
          "score2": null
        },
        {
          "date": "2018-03-16",
          "team1": {
            "key": "wattens",
            "name": "WSG Wattens",
            "code": "WAT"
          },
          "team2": {
            "key": "alustenau",
            "name": "SC Austria Lustenau",
            "code": "ALU"
          },
          "score1": null,
          "score2": null
        },
        {
          "date": "2018-03-16",
          "team1": {
            "key": "ksv",
            "name": "Kapfenberger SV",
            "code": "KSV"
          },
          "team2": {
            "key": "wrneustadt",
            "name": "SC Wiener Neustadt",
            "code": "WRN"
          },
          "score1": null,
          "score2": null
        },
        {
          "date": "2018-03-16",
          "team1": {
            "key": "linz",
            "name": "FC Blau-Weiß Linz",
            "code": "BWL"
          },
          "team2": {
            "key": "hartberg",
            "name": "TSV Hartberg",
            "code": "HTB"
          },
          "score1": null,
          "score2": null
        }
      ]
    },
    {
      "name": "Runde 25",
      "matches": [
        {
          "date": "2018-03-30",
          "team1": {
            "key": "alustenau",
            "name": "SC Austria Lustenau",
            "code": "ALU"
          },
          "team2": {
            "key": "linz",
            "name": "FC Blau-Weiß Linz",
            "code": "BWL"
          },
          "score1": null,
          "score2": null
        },
        {
          "date": "2018-03-30",
          "team1": {
            "key": "innsbruck",
            "name": "FC Wacker Innsbruck",
            "code": "FCW"
          },
          "team2": {
            "key": "liefering",
            "name": "FC Liefering",
            "code": "FCL"
          },
          "score1": null,
          "score2": null
        },
        {
          "date": "2018-03-30",
          "team1": {
            "key": "wrneustadt",
            "name": "SC Wiener Neustadt",
            "code": "WRN"
          },
          "team2": {
            "key": "wattens",
            "name": "WSG Wattens",
            "code": "WAT"
          },
          "score1": null,
          "score2": null
        },
        {
          "date": "2018-03-30",
          "team1": {
            "key": "fac",
            "name": "Floridsdorfer AC",
            "code": "FAC"
          },
          "team2": {
            "key": "ksv",
            "name": "Kapfenberger SV",
            "code": "KSV"
          },
          "score1": null,
          "score2": null
        },
        {
          "date": "2018-03-30",
          "team1": {
            "key": "hartberg",
            "name": "TSV Hartberg",
            "code": "HTB"
          },
          "team2": {
            "key": "ried",
            "name": "SV Ried",
            "code": "RIE"
          },
          "score1": null,
          "score2": null
        }
      ]
    },
    {
      "name": "Runde 26",
      "matches": [
        {
          "date": "2018-04-02",
          "team1": {
            "key": "ried",
            "name": "SV Ried",
            "code": "RIE"
          },
          "team2": {
            "key": "wattens",
            "name": "WSG Wattens",
            "code": "WAT"
          },
          "score1": null,
          "score2": null
        },
        {
          "date": "2018-04-02",
          "team1": {
            "key": "liefering",
            "name": "FC Liefering",
            "code": "FCL"
          },
          "team2": {
            "key": "alustenau",
            "name": "SC Austria Lustenau",
            "code": "ALU"
          },
          "score1": null,
          "score2": null
        },
        {
          "date": "2018-04-02",
          "team1": {
            "key": "innsbruck",
            "name": "FC Wacker Innsbruck",
            "code": "FCW"
          },
          "team2": {
            "key": "wrneustadt",
            "name": "SC Wiener Neustadt",
            "code": "WRN"
          },
          "score1": null,
          "score2": null
        },
        {
          "date": "2018-04-02",
          "team1": {
            "key": "linz",
            "name": "FC Blau-Weiß Linz",
            "code": "BWL"
          },
          "team2": {
            "key": "fac",
            "name": "Floridsdorfer AC",
            "code": "FAC"
          },
          "score1": null,
          "score2": null
        },
        {
          "date": "2018-04-02",
          "team1": {
            "key": "hartberg",
            "name": "TSV Hartberg",
            "code": "HTB"
          },
          "team2": {
            "key": "ksv",
            "name": "Kapfenberger SV",
            "code": "KSV"
          },
          "score1": null,
          "score2": null
        }
      ]
    },
    {
      "name": "Runde 27",
      "matches": [
        {
          "date": "2018-04-06",
          "team1": {
            "key": "alustenau",
            "name": "SC Austria Lustenau",
            "code": "ALU"
          },
          "team2": {
            "key": "hartberg",
            "name": "TSV Hartberg",
            "code": "HTB"
          },
          "score1": null,
          "score2": null
        },
        {
          "date": "2018-04-06",
          "team1": {
            "key": "wattens",
            "name": "WSG Wattens",
            "code": "WAT"
          },
          "team2": {
            "key": "linz",
            "name": "FC Blau-Weiß Linz",
            "code": "BWL"
          },
          "score1": null,
          "score2": null
        },
        {
          "date": "2018-04-06",
          "team1": {
            "key": "ksv",
            "name": "Kapfenberger SV",
            "code": "KSV"
          },
          "team2": {
            "key": "ried",
            "name": "SV Ried",
            "code": "RIE"
          },
          "score1": null,
          "score2": null
        },
        {
          "date": "2018-04-06",
          "team1": {
            "key": "wrneustadt",
            "name": "SC Wiener Neustadt",
            "code": "WRN"
          },
          "team2": {
            "key": "liefering",
            "name": "FC Liefering",
            "code": "FCL"
          },
          "score1": null,
          "score2": null
        },
        {
          "date": "2018-04-06",
          "team1": {
            "key": "fac",
            "name": "Floridsdorfer AC",
            "code": "FAC"
          },
          "team2": {
            "key": "innsbruck",
            "name": "FC Wacker Innsbruck",
            "code": "FCW"
          },
          "score1": null,
          "score2": null
        }
      ]
    },
    {
      "name": "Runde 28",
      "matches": [
        {
          "date": "2018-04-13",
          "team1": {
            "key": "wrneustadt",
            "name": "SC Wiener Neustadt",
            "code": "WRN"
          },
          "team2": {
            "key": "ried",
            "name": "SV Ried",
            "code": "RIE"
          },
          "score1": null,
          "score2": null
        },
        {
          "date": "2018-04-13",
          "team1": {
            "key": "hartberg",
            "name": "TSV Hartberg",
            "code": "HTB"
          },
          "team2": {
            "key": "wattens",
            "name": "WSG Wattens",
            "code": "WAT"
          },
          "score1": null,
          "score2": null
        },
        {
          "date": "2018-04-13",
          "team1": {
            "key": "liefering",
            "name": "FC Liefering",
            "code": "FCL"
          },
          "team2": {
            "key": "ksv",
            "name": "Kapfenberger SV",
            "code": "KSV"
          },
          "score1": null,
          "score2": null
        },
        {
          "date": "2018-04-13",
          "team1": {
            "key": "innsbruck",
            "name": "FC Wacker Innsbruck",
            "code": "FCW"
          },
          "team2": {
            "key": "linz",
            "name": "FC Blau-Weiß Linz",
            "code": "BWL"
          },
          "score1": null,
          "score2": null
        },
        {
          "date": "2018-04-13",
          "team1": {
            "key": "alustenau",
            "name": "SC Austria Lustenau",
            "code": "ALU"
          },
          "team2": {
            "key": "fac",
            "name": "Floridsdorfer AC",
            "code": "FAC"
          },
          "score1": null,
          "score2": null
        }
      ]
    },
    {
      "name": "Runde 29",
      "matches": [
        {
          "date": "2018-04-20",
          "team1": {
            "key": "wattens",
            "name": "WSG Wattens",
            "code": "WAT"
          },
          "team2": {
            "key": "liefering",
            "name": "FC Liefering",
            "code": "FCL"
          },
          "score1": null,
          "score2": null
        },
        {
          "date": "2018-04-20",
          "team1": {
            "key": "ried",
            "name": "SV Ried",
            "code": "RIE"
          },
          "team2": {
            "key": "alustenau",
            "name": "SC Austria Lustenau",
            "code": "ALU"
          },
          "score1": null,
          "score2": null
        },
        {
          "date": "2018-04-20",
          "team1": {
            "key": "ksv",
            "name": "Kapfenberger SV",
            "code": "KSV"
          },
          "team2": {
            "key": "innsbruck",
            "name": "FC Wacker Innsbruck",
            "code": "FCW"
          },
          "score1": null,
          "score2": null
        },
        {
          "date": "2018-04-20",
          "team1": {
            "key": "linz",
            "name": "FC Blau-Weiß Linz",
            "code": "BWL"
          },
          "team2": {
            "key": "wrneustadt",
            "name": "SC Wiener Neustadt",
            "code": "WRN"
          },
          "score1": null,
          "score2": null
        },
        {
          "date": "2018-04-20",
          "team1": {
            "key": "fac",
            "name": "Floridsdorfer AC",
            "code": "FAC"
          },
          "team2": {
            "key": "hartberg",
            "name": "TSV Hartberg",
            "code": "HTB"
          },
          "score1": null,
          "score2": null
        }
      ]
    },
    {
      "name": "Runde 30",
      "matches": [
        {
          "date": "2018-04-23",
          "team1": {
            "key": "fac",
            "name": "Floridsdorfer AC",
            "code": "FAC"
          },
          "team2": {
            "key": "ried",
            "name": "SV Ried",
            "code": "RIE"
          },
          "score1": null,
          "score2": null
        },
        {
          "date": "2018-04-23",
          "team1": {
            "key": "wrneustadt",
            "name": "SC Wiener Neustadt",
            "code": "WRN"
          },
          "team2": {
            "key": "alustenau",
            "name": "SC Austria Lustenau",
            "code": "ALU"
          },
          "score1": null,
          "score2": null
        },
        {
          "date": "2018-04-23",
          "team1": {
            "key": "ksv",
            "name": "Kapfenberger SV",
            "code": "KSV"
          },
          "team2": {
            "key": "wattens",
            "name": "WSG Wattens",
            "code": "WAT"
          },
          "score1": null,
          "score2": null
        },
        {
          "date": "2018-04-23",
          "team1": {
            "key": "liefering",
            "name": "FC Liefering",
            "code": "FCL"
          },
          "team2": {
            "key": "linz",
            "name": "FC Blau-Weiß Linz",
            "code": "BWL"
          },
          "score1": null,
          "score2": null
        },
        {
          "date": "2018-04-23",
          "team1": {
            "key": "innsbruck",
            "name": "FC Wacker Innsbruck",
            "code": "FCW"
          },
          "team2": {
            "key": "hartberg",
            "name": "TSV Hartberg",
            "code": "HTB"
          },
          "score1": null,
          "score2": null
        }
      ]
    },
    {
      "name": "Runde 31",
      "matches": [
        {
          "date": "2018-04-27",
          "team1": {
            "key": "ried",
            "name": "SV Ried",
            "code": "RIE"
          },
          "team2": {
            "key": "liefering",
            "name": "FC Liefering",
            "code": "FCL"
          },
          "score1": null,
          "score2": null
        },
        {
          "date": "2018-04-27",
          "team1": {
            "key": "alustenau",
            "name": "SC Austria Lustenau",
            "code": "ALU"
          },
          "team2": {
            "key": "innsbruck",
            "name": "FC Wacker Innsbruck",
            "code": "FCW"
          },
          "score1": null,
          "score2": null
        },
        {
          "date": "2018-04-27",
          "team1": {
            "key": "linz",
            "name": "FC Blau-Weiß Linz",
            "code": "BWL"
          },
          "team2": {
            "key": "ksv",
            "name": "Kapfenberger SV",
            "code": "KSV"
          },
          "score1": null,
          "score2": null
        },
        {
          "date": "2018-04-27",
          "team1": {
            "key": "hartberg",
            "name": "TSV Hartberg",
            "code": "HTB"
          },
          "team2": {
            "key": "wrneustadt",
            "name": "SC Wiener Neustadt",
            "code": "WRN"
          },
          "score1": null,
          "score2": null
        },
        {
          "date": "2018-04-27",
          "team1": {
            "key": "wattens",
            "name": "WSG Wattens",
            "code": "WAT"
          },
          "team2": {
            "key": "fac",
            "name": "Floridsdorfer AC",
            "code": "FAC"
          },
          "score1": null,
          "score2": null
        }
      ]
    },
    {
      "name": "Runde 32",
      "matches": [
        {
          "date": "2018-05-04",
          "team1": {
            "key": "ksv",
            "name": "Kapfenberger SV",
            "code": "KSV"
          },
          "team2": {
            "key": "alustenau",
            "name": "SC Austria Lustenau",
            "code": "ALU"
          },
          "score1": null,
          "score2": null
        },
        {
          "date": "2018-05-04",
          "team1": {
            "key": "innsbruck",
            "name": "FC Wacker Innsbruck",
            "code": "FCW"
          },
          "team2": {
            "key": "wattens",
            "name": "WSG Wattens",
            "code": "WAT"
          },
          "score1": null,
          "score2": null
        },
        {
          "date": "2018-05-04",
          "team1": {
            "key": "ried",
            "name": "SV Ried",
            "code": "RIE"
          },
          "team2": {
            "key": "linz",
            "name": "FC Blau-Weiß Linz",
            "code": "BWL"
          },
          "score1": null,
          "score2": null
        },
        {
          "date": "2018-05-04",
          "team1": {
            "key": "wrneustadt",
            "name": "SC Wiener Neustadt",
            "code": "WRN"
          },
          "team2": {
            "key": "fac",
            "name": "Floridsdorfer AC",
            "code": "FAC"
          },
          "score1": null,
          "score2": null
        },
        {
          "date": "2018-05-04",
          "team1": {
            "key": "liefering",
            "name": "FC Liefering",
            "code": "FCL"
          },
          "team2": {
            "key": "hartberg",
            "name": "TSV Hartberg",
            "code": "HTB"
          },
          "score1": null,
          "score2": null
        }
      ]
    },
    {
      "name": "Runde 33",
      "matches": [
        {
          "date": "2018-05-11",
          "team1": {
            "key": "innsbruck",
            "name": "FC Wacker Innsbruck",
            "code": "FCW"
          },
          "team2": {
            "key": "ried",
            "name": "SV Ried",
            "code": "RIE"
          },
          "score1": null,
          "score2": null
        },
        {
          "date": "2018-05-11",
          "team1": {
            "key": "fac",
            "name": "Floridsdorfer AC",
            "code": "FAC"
          },
          "team2": {
            "key": "liefering",
            "name": "FC Liefering",
            "code": "FCL"
          },
          "score1": null,
          "score2": null
        },
        {
          "date": "2018-05-11",
          "team1": {
            "key": "alustenau",
            "name": "SC Austria Lustenau",
            "code": "ALU"
          },
          "team2": {
            "key": "wattens",
            "name": "WSG Wattens",
            "code": "WAT"
          },
          "score1": null,
          "score2": null
        },
        {
          "date": "2018-05-11",
          "team1": {
            "key": "wrneustadt",
            "name": "SC Wiener Neustadt",
            "code": "WRN"
          },
          "team2": {
            "key": "ksv",
            "name": "Kapfenberger SV",
            "code": "KSV"
          },
          "score1": null,
          "score2": null
        },
        {
          "date": "2018-05-11",
          "team1": {
            "key": "hartberg",
            "name": "TSV Hartberg",
            "code": "HTB"
          },
          "team2": {
            "key": "linz",
            "name": "FC Blau-Weiß Linz",
            "code": "BWL"
          },
          "score1": null,
          "score2": null
        }
      ]
    },
    {
      "name": "Runde 34",
      "matches": [
        {
          "date": "2018-05-14",
          "team1": {
            "key": "linz",
            "name": "FC Blau-Weiß Linz",
            "code": "BWL"
          },
          "team2": {
            "key": "alustenau",
            "name": "SC Austria Lustenau",
            "code": "ALU"
          },
          "score1": null,
          "score2": null
        },
        {
          "date": "2018-05-14",
          "team1": {
            "key": "liefering",
            "name": "FC Liefering",
            "code": "FCL"
          },
          "team2": {
            "key": "innsbruck",
            "name": "FC Wacker Innsbruck",
            "code": "FCW"
          },
          "score1": null,
          "score2": null
        },
        {
          "date": "2018-05-14",
          "team1": {
            "key": "wattens",
            "name": "WSG Wattens",
            "code": "WAT"
          },
          "team2": {
            "key": "wrneustadt",
            "name": "SC Wiener Neustadt",
            "code": "WRN"
          },
          "score1": null,
          "score2": null
        },
        {
          "date": "2018-05-14",
          "team1": {
            "key": "ksv",
            "name": "Kapfenberger SV",
            "code": "KSV"
          },
          "team2": {
            "key": "fac",
            "name": "Floridsdorfer AC",
            "code": "FAC"
          },
          "score1": null,
          "score2": null
        },
        {
          "date": "2018-05-14",
          "team1": {
            "key": "ried",
            "name": "SV Ried",
            "code": "RIE"
          },
          "team2": {
            "key": "hartberg",
            "name": "TSV Hartberg",
            "code": "HTB"
          },
          "score1": null,
          "score2": null
        }
      ]
    },
    {
      "name": "Runde 35",
      "matches": [
        {
          "date": "2018-05-18",
          "team1": {
            "key": "wattens",
            "name": "WSG Wattens",
            "code": "WAT"
          },
          "team2": {
            "key": "ried",
            "name": "SV Ried",
            "code": "RIE"
          },
          "score1": null,
          "score2": null
        },
        {
          "date": "2018-05-18",
          "team1": {
            "key": "alustenau",
            "name": "SC Austria Lustenau",
            "code": "ALU"
          },
          "team2": {
            "key": "liefering",
            "name": "FC Liefering",
            "code": "FCL"
          },
          "score1": null,
          "score2": null
        },
        {
          "date": "2018-05-18",
          "team1": {
            "key": "wrneustadt",
            "name": "SC Wiener Neustadt",
            "code": "WRN"
          },
          "team2": {
            "key": "innsbruck",
            "name": "FC Wacker Innsbruck",
            "code": "FCW"
          },
          "score1": null,
          "score2": null
        },
        {
          "date": "2018-05-18",
          "team1": {
            "key": "fac",
            "name": "Floridsdorfer AC",
            "code": "FAC"
          },
          "team2": {
            "key": "linz",
            "name": "FC Blau-Weiß Linz",
            "code": "BWL"
          },
          "score1": null,
          "score2": null
        },
        {
          "date": "2018-05-18",
          "team1": {
            "key": "ksv",
            "name": "Kapfenberger SV",
            "code": "KSV"
          },
          "team2": {
            "key": "hartberg",
            "name": "TSV Hartberg",
            "code": "HTB"
          },
          "score1": null,
          "score2": null
        }
      ]
    },
    {
      "name": "Runde 36",
      "matches": [
        {
          "date": "2018-05-21",
          "team1": {
            "key": "hartberg",
            "name": "TSV Hartberg",
            "code": "HTB"
          },
          "team2": {
            "key": "alustenau",
            "name": "SC Austria Lustenau",
            "code": "ALU"
          },
          "score1": null,
          "score2": null
        },
        {
          "date": "2018-05-21",
          "team1": {
            "key": "linz",
            "name": "FC Blau-Weiß Linz",
            "code": "BWL"
          },
          "team2": {
            "key": "wattens",
            "name": "WSG Wattens",
            "code": "WAT"
          },
          "score1": null,
          "score2": null
        },
        {
          "date": "2018-05-21",
          "team1": {
            "key": "ried",
            "name": "SV Ried",
            "code": "RIE"
          },
          "team2": {
            "key": "ksv",
            "name": "Kapfenberger SV",
            "code": "KSV"
          },
          "score1": null,
          "score2": null
        },
        {
          "date": "2018-05-21",
          "team1": {
            "key": "liefering",
            "name": "FC Liefering",
            "code": "FCL"
          },
          "team2": {
            "key": "wrneustadt",
            "name": "SC Wiener Neustadt",
            "code": "WRN"
          },
          "score1": null,
          "score2": null
        },
        {
          "date": "2018-05-21",
          "team1": {
            "key": "innsbruck",
            "name": "FC Wacker Innsbruck",
            "code": "FCW"
          },
          "team2": {
            "key": "fac",
            "name": "Floridsdorfer AC",
            "code": "FAC"
          },
          "score1": null,
          "score2": null
        }
      ]
    }
  ]
}