{
  "name": "Deutsche 2. Bundesliga 2017/18",
  "clubs": [
    {
      "key": "ingolstadt",
      "name": "FC Ingolstadt 04",
      "code": "FCI"
    },
    {
      "key": "darmstadt",
      "name": "SV Darmstadt 98",
      "code": "D98"
    },
    {
      "key": "braunschweig",
      "name": "Eintr. Braunschweig",
      "code": "EBS"
    },
    {
      "key": "nuernberg",
      "name": "1. FC Nürnberg",
      "code": "FCN"
    },
    {
      "key": "duesseldorf",
      "name": "Fortuna Düsseldorf",
      "code": "F95"
    },
    {
      "key": "fuerth",
      "name": "Greuther Fürth",
      "code": "SGF"
    },
    {
      "key": "klautern",
      "name": "1. FC Kaiserslautern",
      "code": "FCK"
    },
    {
      "key": "unionberlin",
      "name": "Union Berlin",
      "code": "FCU"
    },
    {
      "key": "bochum",
      "name": "VfL Bochum",
      "code": "BOC"
    },
    {
      "key": "stpauli",
      "name": "FC St. Pauli",
      "code": "STP"
    },
    {
      "key": "sandhausen",
      "name": "SV Sandhausen",
      "code": "SAN"
    },
    {
      "key": "heidenheim",
      "name": "1. FC Heidenheim",
      "code": "HDH"
    },
    {
      "key": "duisburg",
      "name": "MSV Duisburg",
      "code": "MSV"
    },
    {
      "key": "bielefeld",
      "name": "Bielefeld",
      "code": "DSC"
    },
    {
      "key": "regensburg",
      "name": "Jahn Regensburg",
      "code": "REG"
    },
    {
      "key": "kiel",
      "name": "Holstein Kiel",
      "code": null
    },
    {
      "key": "aue",
      "name": "Erzgebirge Aue",
      "code": "AUE"
    },
    {
      "key": "dresden",
      "name": "Dynamo Dresden",
      "code": "SGD"
    }
  ]
}