{
  "name": "Österr. Bundesliga 2014/15",
  "rounds": [
    {
      "name": "1. Runde",
      "matches": [
        {
          "date": "2014-07-19",
          "team1": {
            "key": "salzburg",
            "name": "FC RB Salzburg",
            "code": "RBS"
          },
          "team2": {
            "key": "rapid",
            "name": "SK Rapid Wien",
            "code": "RAP"
          },
          "score1": 6,
          "score2": 1
        },
        {
          "date": "2014-07-19",
          "team1": {
            "key": "ried",
            "name": "SV Ried",
            "code": "RIE"
          },
          "team2": {
            "key": "wrneustadt",
            "name": "SC Wiener Neustadt",
            "code": "WRN"
          },
          "score1": 3,
          "score2": 1
        },
        {
          "date": "2014-07-19",
          "team1": {
            "key": "admira",
            "name": "FC Admira Wacker",
            "code": "ADM"
          },
          "team2": {
            "key": "wac",
            "name": "Wolfsberger AC",
            "code": "WAC"
          },
          "score1": 1,
          "score2": 4
        },
        {
          "date": "2014-07-19",
          "team1": {
            "key": "altach",
            "name": "SCR Altach",
            "code": "ALT"
          },
          "team2": {
            "key": "sturm",
            "name": "SK Sturm Graz",
            "code": "STU"
          },
          "score1": 1,
          "score2": 0
        },
        {
          "date": "2014-07-20",
          "team1": {
            "key": "austria",
            "name": "FK Austria Wien",
            "code": "AUS"
          },
          "team2": {
            "key": "groedig",
            "name": "SV Grödig",
            "code": "SVG"
          },
          "score1": 1,
          "score2": 1
        }
      ]
    },
    {
      "name": "2. Runde",
      "matches": [
        {
          "date": "2014-07-26",
          "team1": {
            "key": "wac",
            "name": "Wolfsberger AC",
            "code": "WAC"
          },
          "team2": {
            "key": "austria",
            "name": "FK Austria Wien",
            "code": "AUS"
          },
          "score1": 4,
          "score2": 0
        },
        {
          "date": "2014-07-26",
          "team1": {
            "key": "rapid",
            "name": "SK Rapid Wien",
            "code": "RAP"
          },
          "team2": {
            "key": "ried",
            "name": "SV Ried",
            "code": "RIE"
          },
          "score1": 1,
          "score2": 0
        },
        {
          "date": "2014-07-26",
          "team1": {
            "key": "wrneustadt",
            "name": "SC Wiener Neustadt",
            "code": "WRN"
          },
          "team2": {
            "key": "salzburg",
            "name": "FC RB Salzburg",
            "code": "RBS"
          },
          "score1": 0,
          "score2": 5
        },
        {
          "date": "2014-07-26",
          "team1": {
            "key": "altach",
            "name": "SCR Altach",
            "code": "ALT"
          },
          "team2": {
            "key": "admira",
            "name": "FC Admira Wacker",
            "code": "ADM"
          },
          "score1": 0,
          "score2": 2
        },
        {
          "date": "2014-07-27",
          "team1": {
            "key": "groedig",
            "name": "SV Grödig",
            "code": "SVG"
          },
          "team2": {
            "key": "sturm",
            "name": "SK Sturm Graz",
            "code": "STU"
          },
          "score1": 2,
          "score2": 1
        }
      ]
    },
    {
      "name": "3. Runde",
      "matches": [
        {
          "date": "2014-08-02",
          "team1": {
            "key": "admira",
            "name": "FC Admira Wacker",
            "code": "ADM"
          },
          "team2": {
            "key": "rapid",
            "name": "SK Rapid Wien",
            "code": "RAP"
          },
          "score1": 1,
          "score2": 1
        },
        {
          "date": "2014-08-02",
          "team1": {
            "key": "groedig",
            "name": "SV Grödig",
            "code": "SVG"
          },
          "team2": {
            "key": "wac",
            "name": "Wolfsberger AC",
            "code": "WAC"
          },
          "score1": 0,
          "score2": 2
        },
        {
          "date": "2014-08-02",
          "team1": {
            "key": "austria",
            "name": "FK Austria Wien",
            "code": "AUS"
          },
          "team2": {
            "key": "altach",
            "name": "SCR Altach",
            "code": "ALT"
          },
          "score1": 0,
          "score2": 0
        },
        {
          "date": "2014-08-02",
          "team1": {
            "key": "sturm",
            "name": "SK Sturm Graz",
            "code": "STU"
          },
          "team2": {
            "key": "wrneustadt",
            "name": "SC Wiener Neustadt",
            "code": "WRN"
          },
          "score1": 4,
          "score2": 2
        },
        {
          "date": "2014-08-03",
          "team1": {
            "key": "ried",
            "name": "SV Ried",
            "code": "RIE"
          },
          "team2": {
            "key": "salzburg",
            "name": "FC RB Salzburg",
            "code": "RBS"
          },
          "score1": 0,
          "score2": 2
        }
      ]
    },
    {
      "name": "4. Runde",
      "matches": [
        {
          "date": "2014-08-09",
          "team1": {
            "key": "salzburg",
            "name": "FC RB Salzburg",
            "code": "RBS"
          },
          "team2": {
            "key": "groedig",
            "name": "SV Grödig",
            "code": "SVG"
          },
          "score1": 8,
          "score2": 0
        },
        {
          "date": "2014-08-09",
          "team1": {
            "key": "rapid",
            "name": "SK Rapid Wien",
            "code": "RAP"
          },
          "team2": {
            "key": "sturm",
            "name": "SK Sturm Graz",
            "code": "STU"
          },
          "score1": 1,
          "score2": 1
        },
        {
          "date": "2014-08-09",
          "team1": {
            "key": "ried",
            "name": "SV Ried",
            "code": "RIE"
          },
          "team2": {
            "key": "admira",
            "name": "FC Admira Wacker",
            "code": "ADM"
          },
          "score1": 1,
          "score2": 1
        },
        {
          "date": "2014-08-09",
          "team1": {
            "key": "altach",
            "name": "SCR Altach",
            "code": "ALT"
          },
          "team2": {
            "key": "wac",
            "name": "Wolfsberger AC",
            "code": "WAC"
          },
          "score1": 1,
          "score2": 2
        },
        {
          "date": "2014-08-10",
          "team1": {
            "key": "wrneustadt",
            "name": "SC Wiener Neustadt",
            "code": "WRN"
          },
          "team2": {
            "key": "austria",
            "name": "FK Austria Wien",
            "code": "AUS"
          },
          "score1": 2,
          "score2": 2
        }
      ]
    },
    {
      "name": "5. Runde",
      "matches": [
        {
          "date": "2014-08-16",
          "team1": {
            "key": "rapid",
            "name": "SK Rapid Wien",
            "code": "RAP"
          },
          "team2": {
            "key": "altach",
            "name": "SCR Altach",
            "code": "ALT"
          },
          "score1": 0,
          "score2": 1
        },
        {
          "date": "2014-08-16",
          "team1": {
            "key": "groedig",
            "name": "SV Grödig",
            "code": "SVG"
          },
          "team2": {
            "key": "wrneustadt",
            "name": "SC Wiener Neustadt",
            "code": "WRN"
          },
          "score1": 3,
          "score2": 0
        },
        {
          "date": "2014-08-16",
          "team1": {
            "key": "sturm",
            "name": "SK Sturm Graz",
            "code": "STU"
          },
          "team2": {
            "key": "austria",
            "name": "FK Austria Wien",
            "code": "AUS"
          },
          "score1": 1,
          "score2": 1
        },
        {
          "date": "2014-08-16",
          "team1": {
            "key": "wac",
            "name": "Wolfsberger AC",
            "code": "WAC"
          },
          "team2": {
            "key": "ried",
            "name": "SV Ried",
            "code": "RIE"
          },
          "score1": 4,
          "score2": 1
        },
        {
          "date": "2014-08-16",
          "team1": {
            "key": "admira",
            "name": "FC Admira Wacker",
            "code": "ADM"
          },
          "team2": {
            "key": "salzburg",
            "name": "FC RB Salzburg",
            "code": "RBS"
          },
          "score1": 0,
          "score2": 3
        }
      ]
    },
    {
      "name": "6. Runde",
      "matches": [
        {
          "date": "2014-08-23",
          "team1": {
            "key": "salzburg",
            "name": "FC RB Salzburg",
            "code": "RBS"
          },
          "team2": {
            "key": "altach",
            "name": "SCR Altach",
            "code": "ALT"
          },
          "score1": 5,
          "score2": 0
        },
        {
          "date": "2014-08-23",
          "team1": {
            "key": "wrneustadt",
            "name": "SC Wiener Neustadt",
            "code": "WRN"
          },
          "team2": {
            "key": "admira",
            "name": "FC Admira Wacker",
            "code": "ADM"
          },
          "score1": 5,
          "score2": 4
        },
        {
          "date": "2014-08-23",
          "team1": {
            "key": "sturm",
            "name": "SK Sturm Graz",
            "code": "STU"
          },
          "team2": {
            "key": "wac",
            "name": "Wolfsberger AC",
            "code": "WAC"
          },
          "score1": 1,
          "score2": 2
        },
        {
          "date": "2014-08-23",
          "team1": {
            "key": "ried",
            "name": "SV Ried",
            "code": "RIE"
          },
          "team2": {
            "key": "groedig",
            "name": "SV Grödig",
            "code": "SVG"
          },
          "score1": 2,
          "score2": 2
        },
        {
          "date": "2014-08-24",
          "team1": {
            "key": "austria",
            "name": "FK Austria Wien",
            "code": "AUS"
          },
          "team2": {
            "key": "rapid",
            "name": "SK Rapid Wien",
            "code": "RAP"
          },
          "score1": 2,
          "score2": 2
        }
      ]
    },
    {
      "name": "7. Runde",
      "matches": [
        {
          "date": "2014-08-30",
          "team1": {
            "key": "salzburg",
            "name": "FC RB Salzburg",
            "code": "RBS"
          },
          "team2": {
            "key": "sturm",
            "name": "SK Sturm Graz",
            "code": "STU"
          },
          "score1": 2,
          "score2": 3
        },
        {
          "date": "2014-08-30",
          "team1": {
            "key": "altach",
            "name": "SCR Altach",
            "code": "ALT"
          },
          "team2": {
            "key": "ried",
            "name": "SV Ried",
            "code": "RIE"
          },
          "score1": 2,
          "score2": 2
        },
        {
          "date": "2014-08-30",
          "team1": {
            "key": "wac",
            "name": "Wolfsberger AC",
            "code": "WAC"
          },
          "team2": {
            "key": "wrneustadt",
            "name": "SC Wiener Neustadt",
            "code": "WRN"
          },
          "score1": 0,
          "score2": 1
        },
        {
          "date": "2014-08-30",
          "team1": {
            "key": "admira",
            "name": "FC Admira Wacker",
            "code": "ADM"
          },
          "team2": {
            "key": "austria",
            "name": "FK Austria Wien",
            "code": "AUS"
          },
          "score1": 2,
          "score2": 1
        },
        {
          "date": "2014-08-31",
          "team1": {
            "key": "rapid",
            "name": "SK Rapid Wien",
            "code": "RAP"
          },
          "team2": {
            "key": "groedig",
            "name": "SV Grödig",
            "code": "SVG"
          },
          "score1": 2,
          "score2": 0
        }
      ]
    },
    {
      "name": "8. Runde",
      "matches": [
        {
          "date": "2014-09-13",
          "team1": {
            "key": "groedig",
            "name": "SV Grödig",
            "code": "SVG"
          },
          "team2": {
            "key": "altach",
            "name": "SCR Altach",
            "code": "ALT"
          },
          "score1": 3,
          "score2": 3
        },
        {
          "date": "2014-09-13",
          "team1": {
            "key": "austria",
            "name": "FK Austria Wien",
            "code": "AUS"
          },
          "team2": {
            "key": "ried",
            "name": "SV Ried",
            "code": "RIE"
          },
          "score1": 3,
          "score2": 1
        },
        {
          "date": "2014-09-13",
          "team1": {
            "key": "sturm",
            "name": "SK Sturm Graz",
            "code": "STU"
          },
          "team2": {
            "key": "admira",
            "name": "FC Admira Wacker",
            "code": "ADM"
          },
          "score1": 0,
          "score2": 2
        },
        {
          "date": "2014-09-13",
          "team1": {
            "key": "wac",
            "name": "Wolfsberger AC",
            "code": "WAC"
          },
          "team2": {
            "key": "salzburg",
            "name": "FC RB Salzburg",
            "code": "RBS"
          },
          "score1": 1,
          "score2": 0
        },
        {
          "date": "2014-09-13",
          "team1": {
            "key": "wrneustadt",
            "name": "SC Wiener Neustadt",
            "code": "WRN"
          },
          "team2": {
            "key": "rapid",
            "name": "SK Rapid Wien",
            "code": "RAP"
          },
          "score1": 1,
          "score2": 5
        }
      ]
    },
    {
      "name": "9. Runde",
      "matches": [
        {
          "date": "2014-09-20",
          "team1": {
            "key": "salzburg",
            "name": "FC RB Salzburg",
            "code": "RBS"
          },
          "team2": {
            "key": "austria",
            "name": "FK Austria Wien",
            "code": "AUS"
          },
          "score1": 2,
          "score2": 3
        },
        {
          "date": "2014-09-20",
          "team1": {
            "key": "rapid",
            "name": "SK Rapid Wien",
            "code": "RAP"
          },
          "team2": {
            "key": "wac",
            "name": "Wolfsberger AC",
            "code": "WAC"
          },
          "score1": 3,
          "score2": 0
        },
        {
          "date": "2014-09-20",
          "team1": {
            "key": "ried",
            "name": "SV Ried",
            "code": "RIE"
          },
          "team2": {
            "key": "sturm",
            "name": "SK Sturm Graz",
            "code": "STU"
          },
          "score1": 0,
          "score2": 1
        },
        {
          "date": "2014-09-20",
          "team1": {
            "key": "admira",
            "name": "FC Admira Wacker",
            "code": "ADM"
          },
          "team2": {
            "key": "groedig",
            "name": "SV Grödig",
            "code": "SVG"
          },
          "score1": 0,
          "score2": 0
        },
        {
          "date": "2014-09-20",
          "team1": {
            "key": "altach",
            "name": "SCR Altach",
            "code": "ALT"
          },
          "team2": {
            "key": "wrneustadt",
            "name": "SC Wiener Neustadt",
            "code": "WRN"
          },
          "score1": 2,
          "score2": 0
        }
      ]
    },
    {
      "name": "10. Runde",
      "matches": [
        {
          "date": "2014-09-27",
          "team1": {
            "key": "rapid",
            "name": "SK Rapid Wien",
            "code": "RAP"
          },
          "team2": {
            "key": "salzburg",
            "name": "FC RB Salzburg",
            "code": "RBS"
          },
          "score1": 1,
          "score2": 2
        },
        {
          "date": "2014-09-27",
          "team1": {
            "key": "groedig",
            "name": "SV Grödig",
            "code": "SVG"
          },
          "team2": {
            "key": "austria",
            "name": "FK Austria Wien",
            "code": "AUS"
          },
          "score1": 0,
          "score2": 0
        },
        {
          "date": "2014-09-27",
          "team1": {
            "key": "sturm",
            "name": "SK Sturm Graz",
            "code": "STU"
          },
          "team2": {
            "key": "altach",
            "name": "SCR Altach",
            "code": "ALT"
          },
          "score1": 2,
          "score2": 2
        },
        {
          "date": "2014-09-27",
          "team1": {
            "key": "wac",
            "name": "Wolfsberger AC",
            "code": "WAC"
          },
          "team2": {
            "key": "admira",
            "name": "FC Admira Wacker",
            "code": "ADM"
          },
          "score1": 2,
          "score2": 1
        },
        {
          "date": "2014-09-27",
          "team1": {
            "key": "wrneustadt",
            "name": "SC Wiener Neustadt",
            "code": "WRN"
          },
          "team2": {
            "key": "ried",
            "name": "SV Ried",
            "code": "RIE"
          },
          "score1": 0,
          "score2": 1
        }
      ]
    },
    {
      "name": "11. Runde",
      "matches": [
        {
          "date": "2014-10-04",
          "team1": {
            "key": "salzburg",
            "name": "FC RB Salzburg",
            "code": "RBS"
          },
          "team2": {
            "key": "wrneustadt",
            "name": "SC Wiener Neustadt",
            "code": "WRN"
          },
          "score1": 4,
          "score2": 1
        },
        {
          "date": "2014-10-04",
          "team1": {
            "key": "austria",
            "name": "FK Austria Wien",
            "code": "AUS"
          },
          "team2": {
            "key": "wac",
            "name": "Wolfsberger AC",
            "code": "WAC"
          },
          "score1": 0,
          "score2": 2
        },
        {
          "date": "2014-10-04",
          "team1": {
            "key": "sturm",
            "name": "SK Sturm Graz",
            "code": "STU"
          },
          "team2": {
            "key": "groedig",
            "name": "SV Grödig",
            "code": "SVG"
          },
          "score1": 1,
          "score2": 0
        },
        {
          "date": "2014-10-04",
          "team1": {
            "key": "ried",
            "name": "SV Ried",
            "code": "RIE"
          },
          "team2": {
            "key": "rapid",
            "name": "SK Rapid Wien",
            "code": "RAP"
          },
          "score1": 1,
          "score2": 2
        },
        {
          "date": "2014-10-04",
          "team1": {
            "key": "admira",
            "name": "FC Admira Wacker",
            "code": "ADM"
          },
          "team2": {
            "key": "altach",
            "name": "SCR Altach",
            "code": "ALT"
          },
          "score1": 0,
          "score2": 2
        }
      ]
    },
    {
      "name": "12. Runde",
      "matches": [
        {
          "date": "2014-10-18",
          "team1": {
            "key": "salzburg",
            "name": "FC RB Salzburg",
            "code": "RBS"
          },
          "team2": {
            "key": "ried",
            "name": "SV Ried",
            "code": "RIE"
          },
          "score1": 4,
          "score2": 2
        },
        {
          "date": "2014-10-18",
          "team1": {
            "key": "rapid",
            "name": "SK Rapid Wien",
            "code": "RAP"
          },
          "team2": {
            "key": "admira",
            "name": "FC Admira Wacker",
            "code": "ADM"
          },
          "score1": 0,
          "score2": 0
        },
        {
          "date": "2014-10-18",
          "team1": {
            "key": "wac",
            "name": "Wolfsberger AC",
            "code": "WAC"
          },
          "team2": {
            "key": "groedig",
            "name": "SV Grödig",
            "code": "SVG"
          },
          "score1": 1,
          "score2": 2
        },
        {
          "date": "2014-10-18",
          "team1": {
            "key": "wrneustadt",
            "name": "SC Wiener Neustadt",
            "code": "WRN"
          },
          "team2": {
            "key": "sturm",
            "name": "SK Sturm Graz",
            "code": "STU"
          },
          "score1": 0,
          "score2": 0
        },
        {
          "date": "2014-10-18",
          "team1": {
            "key": "altach",
            "name": "SCR Altach",
            "code": "ALT"
          },
          "team2": {
            "key": "austria",
            "name": "FK Austria Wien",
            "code": "AUS"
          },
          "score1": 1,
          "score2": 1
        }
      ]
    },
    {
      "name": "13. Runde",
      "matches": [
        {
          "date": "2014-10-25",
          "team1": {
            "key": "groedig",
            "name": "SV Grödig",
            "code": "SVG"
          },
          "team2": {
            "key": "salzburg",
            "name": "FC RB Salzburg",
            "code": "RBS"
          },
          "score1": 2,
          "score2": 2
        },
        {
          "date": "2014-10-25",
          "team1": {
            "key": "austria",
            "name": "FK Austria Wien",
            "code": "AUS"
          },
          "team2": {
            "key": "wrneustadt",
            "name": "SC Wiener Neustadt",
            "code": "WRN"
          },
          "score1": 2,
          "score2": 0
        },
        {
          "date": "2014-10-25",
          "team1": {
            "key": "sturm",
            "name": "SK Sturm Graz",
            "code": "STU"
          },
          "team2": {
            "key": "rapid",
            "name": "SK Rapid Wien",
            "code": "RAP"
          },
          "score1": 1,
          "score2": 3
        },
        {
          "date": "2014-10-25",
          "team1": {
            "key": "wac",
            "name": "Wolfsberger AC",
            "code": "WAC"
          },
          "team2": {
            "key": "altach",
            "name": "SCR Altach",
            "code": "ALT"
          },
          "score1": 0,
          "score2": 0
        },
        {
          "date": "2014-10-25",
          "team1": {
            "key": "admira",
            "name": "FC Admira Wacker",
            "code": "ADM"
          },
          "team2": {
            "key": "ried",
            "name": "SV Ried",
            "code": "RIE"
          },
          "score1": 0,
          "score2": 0
        }
      ]
    },
    {
      "name": "14. Runde",
      "matches": [
        {
          "date": "2014-11-01",
          "team1": {
            "key": "salzburg",
            "name": "FC RB Salzburg",
            "code": "RBS"
          },
          "team2": {
            "key": "admira",
            "name": "FC Admira Wacker",
            "code": "ADM"
          },
          "score1": 2,
          "score2": 0
        },
        {
          "date": "2014-11-01",
          "team1": {
            "key": "austria",
            "name": "FK Austria Wien",
            "code": "AUS"
          },
          "team2": {
            "key": "sturm",
            "name": "SK Sturm Graz",
            "code": "STU"
          },
          "score1": 0,
          "score2": 3
        },
        {
          "date": "2014-11-01",
          "team1": {
            "key": "ried",
            "name": "SV Ried",
            "code": "RIE"
          },
          "team2": {
            "key": "wac",
            "name": "Wolfsberger AC",
            "code": "WAC"
          },
          "score1": 1,
          "score2": 0
        },
        {
          "date": "2014-11-01",
          "team1": {
            "key": "wrneustadt",
            "name": "SC Wiener Neustadt",
            "code": "WRN"
          },
          "team2": {
            "key": "groedig",
            "name": "SV Grödig",
            "code": "SVG"
          },
          "score1": 2,
          "score2": 4
        },
        {
          "date": "2014-11-01",
          "team1": {
            "key": "altach",
            "name": "SCR Altach",
            "code": "ALT"
          },
          "team2": {
            "key": "rapid",
            "name": "SK Rapid Wien",
            "code": "RAP"
          },
          "score1": 2,
          "score2": 0
        }
      ]
    },
    {
      "name": "15. Runde",
      "matches": [
        {
          "date": "2014-11-08",
          "team1": {
            "key": "rapid",
            "name": "SK Rapid Wien",
            "code": "RAP"
          },
          "team2": {
            "key": "austria",
            "name": "FK Austria Wien",
            "code": "AUS"
          },
          "score1": 2,
          "score2": 3
        },
        {
          "date": "2014-11-08",
          "team1": {
            "key": "groedig",
            "name": "SV Grödig",
            "code": "SVG"
          },
          "team2": {
            "key": "ried",
            "name": "SV Ried",
            "code": "RIE"
          },
          "score1": 0,
          "score2": 1
        },
        {
          "date": "2014-11-08",
          "team1": {
            "key": "wac",
            "name": "Wolfsberger AC",
            "code": "WAC"
          },
          "team2": {
            "key": "sturm",
            "name": "SK Sturm Graz",
            "code": "STU"
          },
          "score1": 0,
          "score2": 2
        },
        {
          "date": "2014-11-08",
          "team1": {
            "key": "admira",
            "name": "FC Admira Wacker",
            "code": "ADM"
          },
          "team2": {
            "key": "wrneustadt",
            "name": "SC Wiener Neustadt",
            "code": "WRN"
          },
          "score1": 1,
          "score2": 1
        },
        {
          "date": "2014-11-08",
          "team1": {
            "key": "altach",
            "name": "SCR Altach",
            "code": "ALT"
          },
          "team2": {
            "key": "salzburg",
            "name": "FC RB Salzburg",
            "code": "RBS"
          },
          "score1": 4,
          "score2": 1
        }
      ]
    },
    {
      "name": "16. Runde",
      "matches": [
        {
          "date": "2014-11-22",
          "team1": {
            "key": "groedig",
            "name": "SV Grödig",
            "code": "SVG"
          },
          "team2": {
            "key": "rapid",
            "name": "SK Rapid Wien",
            "code": "RAP"
          },
          "score1": 3,
          "score2": 1
        },
        {
          "date": "2014-11-22",
          "team1": {
            "key": "austria",
            "name": "FK Austria Wien",
            "code": "AUS"
          },
          "team2": {
            "key": "admira",
            "name": "FC Admira Wacker",
            "code": "ADM"
          },
          "score1": 4,
          "score2": 0
        },
        {
          "date": "2014-11-22",
          "team1": {
            "key": "sturm",
            "name": "SK Sturm Graz",
            "code": "STU"
          },
          "team2": {
            "key": "salzburg",
            "name": "FC RB Salzburg",
            "code": "RBS"
          },
          "score1": 1,
          "score2": 2
        },
        {
          "date": "2014-11-22",
          "team1": {
            "key": "ried",
            "name": "SV Ried",
            "code": "RIE"
          },
          "team2": {
            "key": "altach",
            "name": "SCR Altach",
            "code": "ALT"
          },
          "score1": 2,
          "score2": 1
        },
        {
          "date": "2014-11-22",
          "team1": {
            "key": "wrneustadt",
            "name": "SC Wiener Neustadt",
            "code": "WRN"
          },
          "team2": {
            "key": "wac",
            "name": "Wolfsberger AC",
            "code": "WAC"
          },
          "score1": 2,
          "score2": 0
        }
      ]
    },
    {
      "name": "17. Runde",
      "matches": [
        {
          "date": "2014-11-29",
          "team1": {
            "key": "salzburg",
            "name": "FC RB Salzburg",
            "code": "RBS"
          },
          "team2": {
            "key": "wac",
            "name": "Wolfsberger AC",
            "code": "WAC"
          },
          "score1": 2,
          "score2": 2
        },
        {
          "date": "2014-11-29",
          "team1": {
            "key": "rapid",
            "name": "SK Rapid Wien",
            "code": "RAP"
          },
          "team2": {
            "key": "wrneustadt",
            "name": "SC Wiener Neustadt",
            "code": "WRN"
          },
          "score1": 3,
          "score2": 0
        },
        {
          "date": "2014-11-29",
          "team1": {
            "key": "ried",
            "name": "SV Ried",
            "code": "RIE"
          },
          "team2": {
            "key": "austria",
            "name": "FK Austria Wien",
            "code": "AUS"
          },
          "score1": 1,
          "score2": 1
        },
        {
          "date": "2014-11-29",
          "team1": {
            "key": "admira",
            "name": "FC Admira Wacker",
            "code": "ADM"
          },
          "team2": {
            "key": "sturm",
            "name": "SK Sturm Graz",
            "code": "STU"
          },
          "score1": 0,
          "score2": 2
        },
        {
          "date": "2014-11-29",
          "team1": {
            "key": "altach",
            "name": "SCR Altach",
            "code": "ALT"
          },
          "team2": {
            "key": "groedig",
            "name": "SV Grödig",
            "code": "SVG"
          },
          "score1": 3,
          "score2": 1
        }
      ]
    },
    {
      "name": "18. Runde",
      "matches": [
        {
          "date": "2014-12-06",
          "team1": {
            "key": "groedig",
            "name": "SV Grödig",
            "code": "SVG"
          },
          "team2": {
            "key": "admira",
            "name": "FC Admira Wacker",
            "code": "ADM"
          },
          "score1": 5,
          "score2": 0
        },
        {
          "date": "2014-12-06",
          "team1": {
            "key": "austria",
            "name": "FK Austria Wien",
            "code": "AUS"
          },
          "team2": {
            "key": "salzburg",
            "name": "FC RB Salzburg",
            "code": "RBS"
          },
          "score1": 2,
          "score2": 4
        },
        {
          "date": "2014-12-06",
          "team1": {
            "key": "sturm",
            "name": "SK Sturm Graz",
            "code": "STU"
          },
          "team2": {
            "key": "ried",
            "name": "SV Ried",
            "code": "RIE"
          },
          "score1": 3,
          "score2": 1
        },
        {
          "date": "2014-12-06",
          "team1": {
            "key": "wac",
            "name": "Wolfsberger AC",
            "code": "WAC"
          },
          "team2": {
            "key": "rapid",
            "name": "SK Rapid Wien",
            "code": "RAP"
          },
          "score1": 1,
          "score2": 1
        },
        {
          "date": "2014-12-06",
          "team1": {
            "key": "wrneustadt",
            "name": "SC Wiener Neustadt",
            "code": "WRN"
          },
          "team2": {
            "key": "altach",
            "name": "SCR Altach",
            "code": "ALT"
          },
          "score1": 2,
          "score2": 0
        }
      ]
    },
    {
      "name": "19. Runde",
      "matches": [
        {
          "date": "2014-12-13",
          "team1": {
            "key": "salzburg",
            "name": "FC RB Salzburg",
            "code": "RBS"
          },
          "team2": {
            "key": "rapid",
            "name": "SK Rapid Wien",
            "code": "RAP"
          },
          "score1": 1,
          "score2": 2
        },
        {
          "date": "2014-12-13",
          "team1": {
            "key": "austria",
            "name": "FK Austria Wien",
            "code": "AUS"
          },
          "team2": {
            "key": "groedig",
            "name": "SV Grödig",
            "code": "SVG"
          },
          "score1": 1,
          "score2": 0
        },
        {
          "date": "2014-12-13",
          "team1": {
            "key": "ried",
            "name": "SV Ried",
            "code": "RIE"
          },
          "team2": {
            "key": "wrneustadt",
            "name": "SC Wiener Neustadt",
            "code": "WRN"
          },
          "score1": 6,
          "score2": 0
        },
        {
          "date": "2014-12-13",
          "team1": {
            "key": "admira",
            "name": "FC Admira Wacker",
            "code": "ADM"
          },
          "team2": {
            "key": "wac",
            "name": "Wolfsberger AC",
            "code": "WAC"
          },
          "score1": 2,
          "score2": 1
        },
        {
          "date": "2014-12-13",
          "team1": {
            "key": "altach",
            "name": "SCR Altach",
            "code": "ALT"
          },
          "team2": {
            "key": "sturm",
            "name": "SK Sturm Graz",
            "code": "STU"
          },
          "score1": 2,
          "score2": 0
        }
      ]
    },
    {
      "name": "20. Runde",
      "matches": [
        {
          "date": "2015-02-14",
          "team1": {
            "key": "rapid",
            "name": "SK Rapid Wien",
            "code": "RAP"
          },
          "team2": {
            "key": "ried",
            "name": "SV Ried",
            "code": "RIE"
          },
          "score1": 3,
          "score2": 0
        },
        {
          "date": "2015-02-14",
          "team1": {
            "key": "groedig",
            "name": "SV Grödig",
            "code": "SVG"
          },
          "team2": {
            "key": "sturm",
            "name": "SK Sturm Graz",
            "code": "STU"
          },
          "score1": 0,
          "score2": 2
        },
        {
          "date": "2015-02-14",
          "team1": {
            "key": "wac",
            "name": "Wolfsberger AC",
            "code": "WAC"
          },
          "team2": {
            "key": "austria",
            "name": "FK Austria Wien",
            "code": "AUS"
          },
          "score1": 1,
          "score2": 0
        },
        {
          "date": "2015-02-14",
          "team1": {
            "key": "wrneustadt",
            "name": "SC Wiener Neustadt",
            "code": "WRN"
          },
          "team2": {
            "key": "salzburg",
            "name": "FC RB Salzburg",
            "code": "RBS"
          },
          "score1": 0,
          "score2": 2
        },
        {
          "date": "2015-02-14",
          "team1": {
            "key": "altach",
            "name": "SCR Altach",
            "code": "ALT"
          },
          "team2": {
            "key": "admira",
            "name": "FC Admira Wacker",
            "code": "ADM"
          },
          "score1": 2,
          "score2": 0
        }
      ]
    },
    {
      "name": "21. Runde",
      "matches": [
        {
          "date": "2015-02-21",
          "team1": {
            "key": "groedig",
            "name": "SV Grödig",
            "code": "SVG"
          },
          "team2": {
            "key": "wac",
            "name": "Wolfsberger AC",
            "code": "WAC"
          },
          "score1": 2,
          "score2": 0
        },
        {
          "date": "2015-02-21",
          "team1": {
            "key": "austria",
            "name": "FK Austria Wien",
            "code": "AUS"
          },
          "team2": {
            "key": "altach",
            "name": "SCR Altach",
            "code": "ALT"
          },
          "score1": 5,
          "score2": 2
        },
        {
          "date": "2015-02-21",
          "team1": {
            "key": "sturm",
            "name": "SK Sturm Graz",
            "code": "STU"
          },
          "team2": {
            "key": "wrneustadt",
            "name": "SC Wiener Neustadt",
            "code": "WRN"
          },
          "score1": 3,
          "score2": 3
        },
        {
          "date": "2015-02-21",
          "team1": {
            "key": "ried",
            "name": "SV Ried",
            "code": "RIE"
          },
          "team2": {
            "key": "salzburg",
            "name": "FC RB Salzburg",
            "code": "RBS"
          },
          "score1": 2,
          "score2": 2
        },
        {
          "date": "2015-02-21",
          "team1": {
            "key": "admira",
            "name": "FC Admira Wacker",
            "code": "ADM"
          },
          "team2": {
            "key": "rapid",
            "name": "SK Rapid Wien",
            "code": "RAP"
          },
          "score1": 1,
          "score2": 1
        }
      ]
    },
    {
      "name": "22. Runde",
      "matches": [
        {
          "date": "2015-02-28",
          "team1": {
            "key": "salzburg",
            "name": "FC RB Salzburg",
            "code": "RBS"
          },
          "team2": {
            "key": "groedig",
            "name": "SV Grödig",
            "code": "SVG"
          },
          "score1": 3,
          "score2": 1
        },
        {
          "date": "2015-02-28",
          "team1": {
            "key": "rapid",
            "name": "SK Rapid Wien",
            "code": "RAP"
          },
          "team2": {
            "key": "sturm",
            "name": "SK Sturm Graz",
            "code": "STU"
          },
          "score1": 1,
          "score2": 0
        },
        {
          "date": "2015-02-28",
          "team1": {
            "key": "ried",
            "name": "SV Ried",
            "code": "RIE"
          },
          "team2": {
            "key": "admira",
            "name": "FC Admira Wacker",
            "code": "ADM"
          },
          "score1": 2,
          "score2": 2
        },
        {
          "date": "2015-02-28",
          "team1": {
            "key": "wrneustadt",
            "name": "SC Wiener Neustadt",
            "code": "WRN"
          },
          "team2": {
            "key": "austria",
            "name": "FK Austria Wien",
            "code": "AUS"
          },
          "score1": 1,
          "score2": 0
        },
        {
          "date": "2015-02-28",
          "team1": {
            "key": "altach",
            "name": "SCR Altach",
            "code": "ALT"
          },
          "team2": {
            "key": "wac",
            "name": "Wolfsberger AC",
            "code": "WAC"
          },
          "score1": 1,
          "score2": 0
        }
      ]
    },
    {
      "name": "23. Runde",
      "matches": [
        {
          "date": "2015-03-03",
          "team1": {
            "key": "rapid",
            "name": "SK Rapid Wien",
            "code": "RAP"
          },
          "team2": {
            "key": "altach",
            "name": "SCR Altach",
            "code": "ALT"
          },
          "score1": 1,
          "score2": 0
        },
        {
          "date": "2015-03-03",
          "team1": {
            "key": "groedig",
            "name": "SV Grödig",
            "code": "SVG"
          },
          "team2": {
            "key": "wrneustadt",
            "name": "SC Wiener Neustadt",
            "code": "WRN"
          },
          "score1": 1,
          "score2": 3
        },
        {
          "date": "2015-03-03",
          "team1": {
            "key": "sturm",
            "name": "SK Sturm Graz",
            "code": "STU"
          },
          "team2": {
            "key": "austria",
            "name": "FK Austria Wien",
            "code": "AUS"
          },
          "score1": 2,
          "score2": 1
        },
        {
          "date": "2015-03-03",
          "team1": {
            "key": "wac",
            "name": "Wolfsberger AC",
            "code": "WAC"
          },
          "team2": {
            "key": "ried",
            "name": "SV Ried",
            "code": "RIE"
          },
          "score1": 1,
          "score2": 2
        },
        {
          "date": "2015-03-03",
          "team1": {
            "key": "admira",
            "name": "FC Admira Wacker",
            "code": "ADM"
          },
          "team2": {
            "key": "salzburg",
            "name": "FC RB Salzburg",
            "code": "RBS"
          },
          "score1": 1,
          "score2": 4
        }
      ]
    },
    {
      "name": "24. Runde",
      "matches": [
        {
          "date": "2015-03-07",
          "team1": {
            "key": "salzburg",
            "name": "FC RB Salzburg",
            "code": "RBS"
          },
          "team2": {
            "key": "altach",
            "name": "SCR Altach",
            "code": "ALT"
          },
          "score1": 0,
          "score2": 1
        },
        {
          "date": "2015-03-07",
          "team1": {
            "key": "austria",
            "name": "FK Austria Wien",
            "code": "AUS"
          },
          "team2": {
            "key": "rapid",
            "name": "SK Rapid Wien",
            "code": "RAP"
          },
          "score1": 2,
          "score2": 1
        },
        {
          "date": "2015-03-07",
          "team1": {
            "key": "sturm",
            "name": "SK Sturm Graz",
            "code": "STU"
          },
          "team2": {
            "key": "wac",
            "name": "Wolfsberger AC",
            "code": "WAC"
          },
          "score1": 2,
          "score2": 0
        },
        {
          "date": "2015-03-07",
          "team1": {
            "key": "ried",
            "name": "SV Ried",
            "code": "RIE"
          },
          "team2": {
            "key": "groedig",
            "name": "SV Grödig",
            "code": "SVG"
          },
          "score1": 2,
          "score2": 1
        },
        {
          "date": "2015-03-07",
          "team1": {
            "key": "wrneustadt",
            "name": "SC Wiener Neustadt",
            "code": "WRN"
          },
          "team2": {
            "key": "admira",
            "name": "FC Admira Wacker",
            "code": "ADM"
          },
          "score1": 0,
          "score2": 0
        }
      ]
    },
    {
      "name": "25. Runde",
      "matches": [
        {
          "date": "2015-03-14",
          "team1": {
            "key": "salzburg",
            "name": "FC RB Salzburg",
            "code": "RBS"
          },
          "team2": {
            "key": "sturm",
            "name": "SK Sturm Graz",
            "code": "STU"
          },
          "score1": 2,
          "score2": 1
        },
        {
          "date": "2015-03-14",
          "team1": {
            "key": "rapid",
            "name": "SK Rapid Wien",
            "code": "RAP"
          },
          "team2": {
            "key": "groedig",
            "name": "SV Grödig",
            "code": "SVG"
          },
          "score1": 4,
          "score2": 0
        },
        {
          "date": "2015-03-14",
          "team1": {
            "key": "wac",
            "name": "Wolfsberger AC",
            "code": "WAC"
          },
          "team2": {
            "key": "wrneustadt",
            "name": "SC Wiener Neustadt",
            "code": "WRN"
          },
          "score1": 2,
          "score2": 0
        },
        {
          "date": "2015-03-14",
          "team1": {
            "key": "admira",
            "name": "FC Admira Wacker",
            "code": "ADM"
          },
          "team2": {
            "key": "austria",
            "name": "FK Austria Wien",
            "code": "AUS"
          },
          "score1": 1,
          "score2": 1
        },
        {
          "date": "2015-03-14",
          "team1": {
            "key": "altach",
            "name": "SCR Altach",
            "code": "ALT"
          },
          "team2": {
            "key": "ried",
            "name": "SV Ried",
            "code": "RIE"
          },
          "score1": 2,
          "score2": 1
        }
      ]
    },
    {
      "name": "26. Runde",
      "matches": [
        {
          "date": "2015-03-21",
          "team1": {
            "key": "groedig",
            "name": "SV Grödig",
            "code": "SVG"
          },
          "team2": {
            "key": "altach",
            "name": "SCR Altach",
            "code": "ALT"
          },
          "score1": 0,
          "score2": 1
        },
        {
          "date": "2015-03-21",
          "team1": {
            "key": "austria",
            "name": "FK Austria Wien",
            "code": "AUS"
          },
          "team2": {
            "key": "ried",
            "name": "SV Ried",
            "code": "RIE"
          },
          "score1": 0,
          "score2": 1
        },
        {
          "date": "2015-03-21",
          "team1": {
            "key": "sturm",
            "name": "SK Sturm Graz",
            "code": "STU"
          },
          "team2": {
            "key": "admira",
            "name": "FC Admira Wacker",
            "code": "ADM"
          },
          "score1": 3,
          "score2": 1
        },
        {
          "date": "2015-03-21",
          "team1": {
            "key": "wac",
            "name": "Wolfsberger AC",
            "code": "WAC"
          },
          "team2": {
            "key": "salzburg",
            "name": "FC RB Salzburg",
            "code": "RBS"
          },
          "score1": 3,
          "score2": 2
        },
        {
          "date": "2015-03-21",
          "team1": {
            "key": "wrneustadt",
            "name": "SC Wiener Neustadt",
            "code": "WRN"
          },
          "team2": {
            "key": "rapid",
            "name": "SK Rapid Wien",
            "code": "RAP"
          },
          "score1": 0,
          "score2": 1
        }
      ]
    },
    {
      "name": "27. Runde",
      "matches": [
        {
          "date": "2015-04-04",
          "team1": {
            "key": "salzburg",
            "name": "FC RB Salzburg",
            "code": "RBS"
          },
          "team2": {
            "key": "austria",
            "name": "FK Austria Wien",
            "code": "AUS"
          },
          "score1": 3,
          "score2": 1
        },
        {
          "date": "2015-04-04",
          "team1": {
            "key": "rapid",
            "name": "SK Rapid Wien",
            "code": "RAP"
          },
          "team2": {
            "key": "wac",
            "name": "Wolfsberger AC",
            "code": "WAC"
          },
          "score1": 4,
          "score2": 1
        },
        {
          "date": "2015-04-04",
          "team1": {
            "key": "ried",
            "name": "SV Ried",
            "code": "RIE"
          },
          "team2": {
            "key": "sturm",
            "name": "SK Sturm Graz",
            "code": "STU"
          },
          "score1": 1,
          "score2": 2
        },
        {
          "date": "2015-04-04",
          "team1": {
            "key": "admira",
            "name": "FC Admira Wacker",
            "code": "ADM"
          },
          "team2": {
            "key": "groedig",
            "name": "SV Grödig",
            "code": "SVG"
          },
          "score1": 2,
          "score2": 3
        },
        {
          "date": "2015-04-04",
          "team1": {
            "key": "altach",
            "name": "SCR Altach",
            "code": "ALT"
          },
          "team2": {
            "key": "wrneustadt",
            "name": "SC Wiener Neustadt",
            "code": "WRN"
          },
          "score1": 3,
          "score2": 1
        }
      ]
    },
    {
      "name": "28. Runde",
      "matches": [
        {
          "date": "2015-04-11",
          "team1": {
            "key": "rapid",
            "name": "SK Rapid Wien",
            "code": "RAP"
          },
          "team2": {
            "key": "salzburg",
            "name": "FC RB Salzburg",
            "code": "RBS"
          },
          "score1": 3,
          "score2": 3
        },
        {
          "date": "2015-04-11",
          "team1": {
            "key": "groedig",
            "name": "SV Grödig",
            "code": "SVG"
          },
          "team2": {
            "key": "austria",
            "name": "FK Austria Wien",
            "code": "AUS"
          },
          "score1": 1,
          "score2": 1
        },
        {
          "date": "2015-04-11",
          "team1": {
            "key": "sturm",
            "name": "SK Sturm Graz",
            "code": "STU"
          },
          "team2": {
            "key": "altach",
            "name": "SCR Altach",
            "code": "ALT"
          },
          "score1": 5,
          "score2": 0
        },
        {
          "date": "2015-04-11",
          "team1": {
            "key": "wac",
            "name": "Wolfsberger AC",
            "code": "WAC"
          },
          "team2": {
            "key": "admira",
            "name": "FC Admira Wacker",
            "code": "ADM"
          },
          "score1": 2,
          "score2": 0
        },
        {
          "date": "2015-04-11",
          "team1": {
            "key": "wrneustadt",
            "name": "SC Wiener Neustadt",
            "code": "WRN"
          },
          "team2": {
            "key": "ried",
            "name": "SV Ried",
            "code": "RIE"
          },
          "score1": 0,
          "score2": 1
        }
      ]
    },
    {
      "name": "29. Runde",
      "matches": [
        {
          "date": "2015-04-18",
          "team1": {
            "key": "salzburg",
            "name": "FC RB Salzburg",
            "code": "RBS"
          },
          "team2": {
            "key": "wrneustadt",
            "name": "SC Wiener Neustadt",
            "code": "WRN"
          },
          "score1": 6,
          "score2": 0
        },
        {
          "date": "2015-04-18",
          "team1": {
            "key": "austria",
            "name": "FK Austria Wien",
            "code": "AUS"
          },
          "team2": {
            "key": "wac",
            "name": "Wolfsberger AC",
            "code": "WAC"
          },
          "score1": 1,
          "score2": 1
        },
        {
          "date": "2015-04-18",
          "team1": {
            "key": "sturm",
            "name": "SK Sturm Graz",
            "code": "STU"
          },
          "team2": {
            "key": "groedig",
            "name": "SV Grödig",
            "code": "SVG"
          },
          "score1": 2,
          "score2": 1
        },
        {
          "date": "2015-04-18",
          "team1": {
            "key": "ried",
            "name": "SV Ried",
            "code": "RIE"
          },
          "team2": {
            "key": "rapid",
            "name": "SK Rapid Wien",
            "code": "RAP"
          },
          "score1": 0,
          "score2": 1
        },
        {
          "date": "2015-04-18",
          "team1": {
            "key": "admira",
            "name": "FC Admira Wacker",
            "code": "ADM"
          },
          "team2": {
            "key": "altach",
            "name": "SCR Altach",
            "code": "ALT"
          },
          "score1": 2,
          "score2": 2
        }
      ]
    },
    {
      "name": "30. Runde",
      "matches": [
        {
          "date": "2015-04-25",
          "team1": {
            "key": "salzburg",
            "name": "FC RB Salzburg",
            "code": "RBS"
          },
          "team2": {
            "key": "ried",
            "name": "SV Ried",
            "code": "RIE"
          },
          "score1": 2,
          "score2": 1
        },
        {
          "date": "2015-04-25",
          "team1": {
            "key": "rapid",
            "name": "SK Rapid Wien",
            "code": "RAP"
          },
          "team2": {
            "key": "admira",
            "name": "FC Admira Wacker",
            "code": "ADM"
          },
          "score1": 1,
          "score2": 1
        },
        {
          "date": "2015-04-25",
          "team1": {
            "key": "wac",
            "name": "Wolfsberger AC",
            "code": "WAC"
          },
          "team2": {
            "key": "groedig",
            "name": "SV Grödig",
            "code": "SVG"
          },
          "score1": 2,
          "score2": 1
        },
        {
          "date": "2015-04-25",
          "team1": {
            "key": "wrneustadt",
            "name": "SC Wiener Neustadt",
            "code": "WRN"
          },
          "team2": {
            "key": "sturm",
            "name": "SK Sturm Graz",
            "code": "STU"
          },
          "score1": 4,
          "score2": 4
        },
        {
          "date": "2015-04-25",
          "team1": {
            "key": "altach",
            "name": "SCR Altach",
            "code": "ALT"
          },
          "team2": {
            "key": "austria",
            "name": "FK Austria Wien",
            "code": "AUS"
          },
          "score1": 2,
          "score2": 0
        }
      ]
    },
    {
      "name": "31. Runde",
      "matches": [
        {
          "date": "2015-05-02",
          "team1": {
            "key": "groedig",
            "name": "SV Grödig",
            "code": "SVG"
          },
          "team2": {
            "key": "salzburg",
            "name": "FC RB Salzburg",
            "code": "RBS"
          },
          "score1": 0,
          "score2": 3
        },
        {
          "date": "2015-05-02",
          "team1": {
            "key": "austria",
            "name": "FK Austria Wien",
            "code": "AUS"
          },
          "team2": {
            "key": "wrneustadt",
            "name": "SC Wiener Neustadt",
            "code": "WRN"
          },
          "score1": 2,
          "score2": 1
        },
        {
          "date": "2015-05-02",
          "team1": {
            "key": "sturm",
            "name": "SK Sturm Graz",
            "code": "STU"
          },
          "team2": {
            "key": "rapid",
            "name": "SK Rapid Wien",
            "code": "RAP"
          },
          "score1": 2,
          "score2": 2
        },
        {
          "date": "2015-05-02",
          "team1": {
            "key": "wac",
            "name": "Wolfsberger AC",
            "code": "WAC"
          },
          "team2": {
            "key": "altach",
            "name": "SCR Altach",
            "code": "ALT"
          },
          "score1": 2,
          "score2": 0
        },
        {
          "date": "2015-05-02",
          "team1": {
            "key": "admira",
            "name": "FC Admira Wacker",
            "code": "ADM"
          },
          "team2": {
            "key": "ried",
            "name": "SV Ried",
            "code": "RIE"
          },
          "score1": 1,
          "score2": 0
        }
      ]
    },
    {
      "name": "32. Runde",
      "matches": [
        {
          "date": "2015-05-09",
          "team1": {
            "key": "salzburg",
            "name": "FC RB Salzburg",
            "code": "RBS"
          },
          "team2": {
            "key": "admira",
            "name": "FC Admira Wacker",
            "code": "ADM"
          },
          "score1": 4,
          "score2": 0
        },
        {
          "date": "2015-05-09",
          "team1": {
            "key": "austria",
            "name": "FK Austria Wien",
            "code": "AUS"
          },
          "team2": {
            "key": "sturm",
            "name": "SK Sturm Graz",
            "code": "STU"
          },
          "score1": 0,
          "score2": 0
        },
        {
          "date": "2015-05-09",
          "team1": {
            "key": "ried",
            "name": "SV Ried",
            "code": "RIE"
          },
          "team2": {
            "key": "wac",
            "name": "Wolfsberger AC",
            "code": "WAC"
          },
          "score1": 4,
          "score2": 0
        },
        {
          "date": "2015-05-09",
          "team1": {
            "key": "wrneustadt",
            "name": "SC Wiener Neustadt",
            "code": "WRN"
          },
          "team2": {
            "key": "groedig",
            "name": "SV Grödig",
            "code": "SVG"
          },
          "score1": 2,
          "score2": 4
        },
        {
          "date": "2015-05-09",
          "team1": {
            "key": "altach",
            "name": "SCR Altach",
            "code": "ALT"
          },
          "team2": {
            "key": "rapid",
            "name": "SK Rapid Wien",
            "code": "RAP"
          },
          "score1": 1,
          "score2": 3
        }
      ]
    },
    {
      "name": "33. Runde",
      "matches": [
        {
          "date": "2015-05-16",
          "team1": {
            "key": "rapid",
            "name": "SK Rapid Wien",
            "code": "RAP"
          },
          "team2": {
            "key": "austria",
            "name": "FK Austria Wien",
            "code": "AUS"
          },
          "score1": 4,
          "score2": 1
        },
        {
          "date": "2015-05-16",
          "team1": {
            "key": "groedig",
            "name": "SV Grödig",
            "code": "SVG"
          },
          "team2": {
            "key": "ried",
            "name": "SV Ried",
            "code": "RIE"
          },
          "score1": 3,
          "score2": 2
        },
        {
          "date": "2015-05-16",
          "team1": {
            "key": "wac",
            "name": "Wolfsberger AC",
            "code": "WAC"
          },
          "team2": {
            "key": "sturm",
            "name": "SK Sturm Graz",
            "code": "STU"
          },
          "score1": 1,
          "score2": 0
        },
        {
          "date": "2015-05-16",
          "team1": {
            "key": "admira",
            "name": "FC Admira Wacker",
            "code": "ADM"
          },
          "team2": {
            "key": "wrneustadt",
            "name": "SC Wiener Neustadt",
            "code": "WRN"
          },
          "score1": 0,
          "score2": 0
        },
        {
          "date": "2015-05-16",
          "team1": {
            "key": "altach",
            "name": "SCR Altach",
            "code": "ALT"
          },
          "team2": {
            "key": "salzburg",
            "name": "FC RB Salzburg",
            "code": "RBS"
          },
          "score1": 2,
          "score2": 2
        }
      ]
    },
    {
      "name": "34. Runde",
      "matches": [
        {
          "date": "2015-05-19",
          "team1": {
            "key": "groedig",
            "name": "SV Grödig",
            "code": "SVG"
          },
          "team2": {
            "key": "rapid",
            "name": "SK Rapid Wien",
            "code": "RAP"
          },
          "score1": 0,
          "score2": 2
        },
        {
          "date": "2015-05-19",
          "team1": {
            "key": "austria",
            "name": "FK Austria Wien",
            "code": "AUS"
          },
          "team2": {
            "key": "admira",
            "name": "FC Admira Wacker",
            "code": "ADM"
          },
          "score1": 0,
          "score2": 1
        },
        {
          "date": "2015-05-19",
          "team1": {
            "key": "sturm",
            "name": "SK Sturm Graz",
            "code": "STU"
          },
          "team2": {
            "key": "salzburg",
            "name": "FC RB Salzburg",
            "code": "RBS"
          },
          "score1": 0,
          "score2": 0
        },
        {
          "date": "2015-05-19",
          "team1": {
            "key": "ried",
            "name": "SV Ried",
            "code": "RIE"
          },
          "team2": {
            "key": "altach",
            "name": "SCR Altach",
            "code": "ALT"
          },
          "score1": 4,
          "score2": 1
        },
        {
          "date": "2015-05-19",
          "team1": {
            "key": "wrneustadt",
            "name": "SC Wiener Neustadt",
            "code": "WRN"
          },
          "team2": {
            "key": "wac",
            "name": "Wolfsberger AC",
            "code": "WAC"
          },
          "score1": 2,
          "score2": 0
        }
      ]
    },
    {
      "name": "35. Runde",
      "matches": [
        {
          "date": "2015-05-24",
          "team1": {
            "key": "salzburg",
            "name": "FC RB Salzburg",
            "code": "RBS"
          },
          "team2": {
            "key": "wac",
            "name": "Wolfsberger AC",
            "code": "WAC"
          },
          "score1": 3,
          "score2": 0
        },
        {
          "date": "2015-05-24",
          "team1": {
            "key": "rapid",
            "name": "SK Rapid Wien",
            "code": "RAP"
          },
          "team2": {
            "key": "wrneustadt",
            "name": "SC Wiener Neustadt",
            "code": "WRN"
          },
          "score1": 0,
          "score2": 0
        },
        {
          "date": "2015-05-24",
          "team1": {
            "key": "ried",
            "name": "SV Ried",
            "code": "RIE"
          },
          "team2": {
            "key": "austria",
            "name": "FK Austria Wien",
            "code": "AUS"
          },
          "score1": 0,
          "score2": 2
        },
        {
          "date": "2015-05-24",
          "team1": {
            "key": "admira",
            "name": "FC Admira Wacker",
            "code": "ADM"
          },
          "team2": {
            "key": "sturm",
            "name": "SK Sturm Graz",
            "code": "STU"
          },
          "score1": 1,
          "score2": 2
        },
        {
          "date": "2015-05-24",
          "team1": {
            "key": "altach",
            "name": "SCR Altach",
            "code": "ALT"
          },
          "team2": {
            "key": "groedig",
            "name": "SV Grödig",
            "code": "SVG"
          },
          "score1": 2,
          "score2": 0
        }
      ]
    },
    {
      "name": "36. Runde",
      "matches": [
        {
          "date": "2015-05-31",
          "team1": {
            "key": "groedig",
            "name": "SV Grödig",
            "code": "SVG"
          },
          "team2": {
            "key": "admira",
            "name": "FC Admira Wacker",
            "code": "ADM"
          },
          "score1": 0,
          "score2": 1
        },
        {
          "date": "2015-05-31",
          "team1": {
            "key": "austria",
            "name": "FK Austria Wien",
            "code": "AUS"
          },
          "team2": {
            "key": "salzburg",
            "name": "FC RB Salzburg",
            "code": "RBS"
          },
          "score1": 1,
          "score2": 1
        },
        {
          "date": "2015-05-31",
          "team1": {
            "key": "sturm",
            "name": "SK Sturm Graz",
            "code": "STU"
          },
          "team2": {
            "key": "ried",
            "name": "SV Ried",
            "code": "RIE"
          },
          "score1": 0,
          "score2": 0
        },
        {
          "date": "2015-05-31",
          "team1": {
            "key": "wac",
            "name": "Wolfsberger AC",
            "code": "WAC"
          },
          "team2": {
            "key": "rapid",
            "name": "SK Rapid Wien",
            "code": "RAP"
          },
          "score1": 0,
          "score2": 5
        },
        {
          "date": "2015-05-31",
          "team1": {
            "key": "wrneustadt",
            "name": "SC Wiener Neustadt",
            "code": "WRN"
          },
          "team2": {
            "key": "altach",
            "name": "SCR Altach",
            "code": "ALT"
          },
          "score1": 0,
          "score2": 1
        }
      ]
    }
  ]
}