{
  "name": "Österr. Erste Liga 2014/15",
  "rounds": [
    {
      "name": "1. Runde",
      "matches": [
        {
          "date": "2014-07-18",
          "team1": {
            "key": "mattersburg",
            "name": "SV Mattersburg",
            "code": "MAT"
          },
          "team2": {
            "key": "innsbruck",
            "name": "FC Wacker Innsbruck",
            "code": "FCW"
          },
          "score1": 2,
          "score2": 0
        },
        {
          "date": "2014-07-18",
          "team1": {
            "key": "lask",
            "name": "LASK Linz",
            "code": "ASK"
          },
          "team2": {
            "key": "ksv",
            "name": "Kapfenberger SV",
            "code": "KSV"
          },
          "score1": 2,
          "score2": 1
        },
        {
          "date": "2014-07-18",
          "team1": {
            "key": "alustenau",
            "name": "SC Austria Lustenau",
            "code": "ALU"
          },
          "team2": {
            "key": "fac",
            "name": "Floridsdorfer AC",
            "code": "FAC"
          },
          "score1": 0,
          "score2": 0
        },
        {
          "date": "2014-07-18",
          "team1": {
            "key": "hartberg",
            "name": "TSV Hartberg",
            "code": "HTB"
          },
          "team2": {
            "key": "liefering",
            "name": "FC Liefering",
            "code": "FCL"
          },
          "score1": 0,
          "score2": 3
        },
        {
          "date": "2014-07-21",
          "team1": {
            "key": "stpoelten",
            "name": "SKN St. Pölten",
            "code": "SKN"
          },
          "team2": {
            "key": "horn",
            "name": "SV Horn",
            "code": "SVH"
          },
          "score1": 3,
          "score2": 0
        }
      ]
    },
    {
      "name": "2. Runde",
      "matches": [
        {
          "date": "2014-07-25",
          "team1": {
            "key": "innsbruck",
            "name": "FC Wacker Innsbruck",
            "code": "FCW"
          },
          "team2": {
            "key": "alustenau",
            "name": "SC Austria Lustenau",
            "code": "ALU"
          },
          "score1": 1,
          "score2": 2
        },
        {
          "date": "2014-07-25",
          "team1": {
            "key": "horn",
            "name": "SV Horn",
            "code": "SVH"
          },
          "team2": {
            "key": "mattersburg",
            "name": "SV Mattersburg",
            "code": "MAT"
          },
          "score1": 0,
          "score2": 0
        },
        {
          "date": "2014-07-25",
          "team1": {
            "key": "lask",
            "name": "LASK Linz",
            "code": "ASK"
          },
          "team2": {
            "key": "hartberg",
            "name": "TSV Hartberg",
            "code": "HTB"
          },
          "score1": 0,
          "score2": 0
        },
        {
          "date": "2014-07-25",
          "team1": {
            "key": "liefering",
            "name": "FC Liefering",
            "code": "FCL"
          },
          "team2": {
            "key": "fac",
            "name": "Floridsdorfer AC",
            "code": "FAC"
          },
          "score1": 1,
          "score2": 1
        },
        {
          "date": "2014-07-28",
          "team1": {
            "key": "ksv",
            "name": "Kapfenberger SV",
            "code": "KSV"
          },
          "team2": {
            "key": "stpoelten",
            "name": "SKN St. Pölten",
            "code": "SKN"
          },
          "score1": 2,
          "score2": 2
        }
      ]
    },
    {
      "name": "3. Runde",
      "matches": [
        {
          "date": "2014-08-01",
          "team1": {
            "key": "fac",
            "name": "Floridsdorfer AC",
            "code": "FAC"
          },
          "team2": {
            "key": "horn",
            "name": "SV Horn",
            "code": "SVH"
          },
          "score1": 2,
          "score2": 1
        },
        {
          "date": "2014-08-01",
          "team1": {
            "key": "ksv",
            "name": "Kapfenberger SV",
            "code": "KSV"
          },
          "team2": {
            "key": "innsbruck",
            "name": "FC Wacker Innsbruck",
            "code": "FCW"
          },
          "score1": 0,
          "score2": 0
        },
        {
          "date": "2014-08-01",
          "team1": {
            "key": "hartberg",
            "name": "TSV Hartberg",
            "code": "HTB"
          },
          "team2": {
            "key": "mattersburg",
            "name": "SV Mattersburg",
            "code": "MAT"
          },
          "score1": 0,
          "score2": 4
        },
        {
          "date": "2014-08-01",
          "team1": {
            "key": "stpoelten",
            "name": "SKN St. Pölten",
            "code": "SKN"
          },
          "team2": {
            "key": "lask",
            "name": "LASK Linz",
            "code": "ASK"
          },
          "score1": 1,
          "score2": 0
        }
      ]
    },
    {
      "name": "4. Runde",
      "matches": [
        {
          "date": "2014-08-05",
          "team1": {
            "key": "mattersburg",
            "name": "SV Mattersburg",
            "code": "MAT"
          },
          "team2": {
            "key": "stpoelten",
            "name": "SKN St. Pölten",
            "code": "SKN"
          },
          "score1": 4,
          "score2": 0
        },
        {
          "date": "2014-08-05",
          "team1": {
            "key": "fac",
            "name": "Floridsdorfer AC",
            "code": "FAC"
          },
          "team2": {
            "key": "ksv",
            "name": "Kapfenberger SV",
            "code": "KSV"
          },
          "score1": 2,
          "score2": 2
        },
        {
          "date": "2014-08-05",
          "team1": {
            "key": "horn",
            "name": "SV Horn",
            "code": "SVH"
          },
          "team2": {
            "key": "hartberg",
            "name": "TSV Hartberg",
            "code": "HTB"
          },
          "score1": 3,
          "score2": 0
        },
        {
          "date": "2014-08-05",
          "team1": {
            "key": "alustenau",
            "name": "SC Austria Lustenau",
            "code": "ALU"
          },
          "team2": {
            "key": "lask",
            "name": "LASK Linz",
            "code": "ASK"
          },
          "score1": 1,
          "score2": 2
        },
        {
          "date": "2014-08-05",
          "team1": {
            "key": "innsbruck",
            "name": "FC Wacker Innsbruck",
            "code": "FCW"
          },
          "team2": {
            "key": "liefering",
            "name": "FC Liefering",
            "code": "FCL"
          },
          "score1": 0,
          "score2": 1
        }
      ]
    },
    {
      "name": "5. Runde",
      "matches": [
        {
          "date": "2014-08-08",
          "team1": {
            "key": "alustenau",
            "name": "SC Austria Lustenau",
            "code": "ALU"
          },
          "team2": {
            "key": "hartberg",
            "name": "TSV Hartberg",
            "code": "HTB"
          },
          "score1": 5,
          "score2": 0
        },
        {
          "date": "2014-08-08",
          "team1": {
            "key": "lask",
            "name": "LASK Linz",
            "code": "ASK"
          },
          "team2": {
            "key": "mattersburg",
            "name": "SV Mattersburg",
            "code": "MAT"
          },
          "score1": 1,
          "score2": 0
        },
        {
          "date": "2014-08-08",
          "team1": {
            "key": "ksv",
            "name": "Kapfenberger SV",
            "code": "KSV"
          },
          "team2": {
            "key": "horn",
            "name": "SV Horn",
            "code": "SVH"
          },
          "score1": 0,
          "score2": 0
        },
        {
          "date": "2014-08-08",
          "team1": {
            "key": "innsbruck",
            "name": "FC Wacker Innsbruck",
            "code": "FCW"
          },
          "team2": {
            "key": "fac",
            "name": "Floridsdorfer AC",
            "code": "FAC"
          },
          "score1": 2,
          "score2": 1
        },
        {
          "date": "2014-08-08",
          "team1": {
            "key": "stpoelten",
            "name": "SKN St. Pölten",
            "code": "SKN"
          },
          "team2": {
            "key": "liefering",
            "name": "FC Liefering",
            "code": "FCL"
          },
          "score1": 2,
          "score2": 3
        }
      ]
    },
    {
      "name": "6. Runde",
      "matches": [
        {
          "date": "2014-08-15",
          "team1": {
            "key": "fac",
            "name": "Floridsdorfer AC",
            "code": "FAC"
          },
          "team2": {
            "key": "stpoelten",
            "name": "SKN St. Pölten",
            "code": "SKN"
          },
          "score1": 0,
          "score2": 1
        },
        {
          "date": "2014-08-15",
          "team1": {
            "key": "liefering",
            "name": "FC Liefering",
            "code": "FCL"
          },
          "team2": {
            "key": "ksv",
            "name": "Kapfenberger SV",
            "code": "KSV"
          },
          "score1": 3,
          "score2": 2
        },
        {
          "date": "2014-08-15",
          "team1": {
            "key": "mattersburg",
            "name": "SV Mattersburg",
            "code": "MAT"
          },
          "team2": {
            "key": "alustenau",
            "name": "SC Austria Lustenau",
            "code": "ALU"
          },
          "score1": 2,
          "score2": 0
        },
        {
          "date": "2014-08-15",
          "team1": {
            "key": "hartberg",
            "name": "TSV Hartberg",
            "code": "HTB"
          },
          "team2": {
            "key": "innsbruck",
            "name": "FC Wacker Innsbruck",
            "code": "FCW"
          },
          "score1": 0,
          "score2": 3
        },
        {
          "date": "2014-08-15",
          "team1": {
            "key": "horn",
            "name": "SV Horn",
            "code": "SVH"
          },
          "team2": {
            "key": "lask",
            "name": "LASK Linz",
            "code": "ASK"
          },
          "score1": 0,
          "score2": 2
        }
      ]
    },
    {
      "name": "7. Runde",
      "matches": [
        {
          "date": "2014-08-02",
          "team1": {
            "key": "alustenau",
            "name": "SC Austria Lustenau",
            "code": "ALU"
          },
          "team2": {
            "key": "horn",
            "name": "SV Horn",
            "code": "SVH"
          },
          "score1": 0,
          "score2": 1
        },
        {
          "date": "2014-08-02",
          "team1": {
            "key": "lask",
            "name": "LASK Linz",
            "code": "ASK"
          },
          "team2": {
            "key": "liefering",
            "name": "FC Liefering",
            "code": "FCL"
          },
          "score1": 2,
          "score2": 0
        },
        {
          "date": "2014-08-02",
          "team1": {
            "key": "mattersburg",
            "name": "SV Mattersburg",
            "code": "MAT"
          },
          "team2": {
            "key": "fac",
            "name": "Floridsdorfer AC",
            "code": "FAC"
          },
          "score1": 2,
          "score2": 0
        },
        {
          "date": "2014-08-02",
          "team1": {
            "key": "hartberg",
            "name": "TSV Hartberg",
            "code": "HTB"
          },
          "team2": {
            "key": "ksv",
            "name": "Kapfenberger SV",
            "code": "KSV"
          },
          "score1": 1,
          "score2": 3
        },
        {
          "date": "2014-08-02",
          "team1": {
            "key": "stpoelten",
            "name": "SKN St. Pölten",
            "code": "SKN"
          },
          "team2": {
            "key": "innsbruck",
            "name": "FC Wacker Innsbruck",
            "code": "FCW"
          },
          "score1": 0,
          "score2": 1
        }
      ]
    },
    {
      "name": "8. Runde",
      "matches": [
        {
          "date": "2014-08-29",
          "team1": {
            "key": "fac",
            "name": "Floridsdorfer AC",
            "code": "FAC"
          },
          "team2": {
            "key": "hartberg",
            "name": "TSV Hartberg",
            "code": "HTB"
          },
          "score1": 3,
          "score2": 2
        },
        {
          "date": "2014-08-29",
          "team1": {
            "key": "stpoelten",
            "name": "SKN St. Pölten",
            "code": "SKN"
          },
          "team2": {
            "key": "alustenau",
            "name": "SC Austria Lustenau",
            "code": "ALU"
          },
          "score1": 1,
          "score2": 1
        },
        {
          "date": "2014-08-29",
          "team1": {
            "key": "liefering",
            "name": "FC Liefering",
            "code": "FCL"
          },
          "team2": {
            "key": "horn",
            "name": "SV Horn",
            "code": "SVH"
          },
          "score1": 4,
          "score2": 1
        },
        {
          "date": "2014-08-29",
          "team1": {
            "key": "ksv",
            "name": "Kapfenberger SV",
            "code": "KSV"
          },
          "team2": {
            "key": "mattersburg",
            "name": "SV Mattersburg",
            "code": "MAT"
          },
          "score1": 2,
          "score2": 2
        },
        {
          "date": "2014-08-29",
          "team1": {
            "key": "innsbruck",
            "name": "FC Wacker Innsbruck",
            "code": "FCW"
          },
          "team2": {
            "key": "lask",
            "name": "LASK Linz",
            "code": "ASK"
          },
          "score1": 1,
          "score2": 0
        }
      ]
    },
    {
      "name": "9. Runde",
      "matches": [
        {
          "date": "2014-09-12",
          "team1": {
            "key": "horn",
            "name": "SV Horn",
            "code": "SVH"
          },
          "team2": {
            "key": "innsbruck",
            "name": "FC Wacker Innsbruck",
            "code": "FCW"
          },
          "score1": 0,
          "score2": 3
        },
        {
          "date": "2014-09-12",
          "team1": {
            "key": "alustenau",
            "name": "SC Austria Lustenau",
            "code": "ALU"
          },
          "team2": {
            "key": "ksv",
            "name": "Kapfenberger SV",
            "code": "KSV"
          },
          "score1": 1,
          "score2": 3
        },
        {
          "date": "2014-09-12",
          "team1": {
            "key": "mattersburg",
            "name": "SV Mattersburg",
            "code": "MAT"
          },
          "team2": {
            "key": "liefering",
            "name": "FC Liefering",
            "code": "FCL"
          },
          "score1": 3,
          "score2": 6
        },
        {
          "date": "2014-09-12",
          "team1": {
            "key": "hartberg",
            "name": "TSV Hartberg",
            "code": "HTB"
          },
          "team2": {
            "key": "stpoelten",
            "name": "SKN St. Pölten",
            "code": "SKN"
          },
          "score1": 1,
          "score2": 0
        },
        {
          "date": "2014-09-12",
          "team1": {
            "key": "lask",
            "name": "LASK Linz",
            "code": "ASK"
          },
          "team2": {
            "key": "fac",
            "name": "Floridsdorfer AC",
            "code": "FAC"
          },
          "score1": 5,
          "score2": 1
        }
      ]
    },
    {
      "name": "10. Runde",
      "matches": [
        {
          "date": "2014-09-16",
          "team1": {
            "key": "fac",
            "name": "Floridsdorfer AC",
            "code": "FAC"
          },
          "team2": {
            "key": "alustenau",
            "name": "SC Austria Lustenau",
            "code": "ALU"
          },
          "score1": 3,
          "score2": 3
        },
        {
          "date": "2014-09-16",
          "team1": {
            "key": "horn",
            "name": "SV Horn",
            "code": "SVH"
          },
          "team2": {
            "key": "stpoelten",
            "name": "SKN St. Pölten",
            "code": "SKN"
          },
          "score1": 1,
          "score2": 0
        },
        {
          "date": "2014-09-16",
          "team1": {
            "key": "liefering",
            "name": "FC Liefering",
            "code": "FCL"
          },
          "team2": {
            "key": "hartberg",
            "name": "TSV Hartberg",
            "code": "HTB"
          },
          "score1": 0,
          "score2": 3
        },
        {
          "date": "2014-09-16",
          "team1": {
            "key": "innsbruck",
            "name": "FC Wacker Innsbruck",
            "code": "FCW"
          },
          "team2": {
            "key": "mattersburg",
            "name": "SV Mattersburg",
            "code": "MAT"
          },
          "score1": 1,
          "score2": 1
        },
        {
          "date": "2014-09-16",
          "team1": {
            "key": "ksv",
            "name": "Kapfenberger SV",
            "code": "KSV"
          },
          "team2": {
            "key": "lask",
            "name": "LASK Linz",
            "code": "ASK"
          },
          "score1": 1,
          "score2": 1
        }
      ]
    },
    {
      "name": "11. Runde",
      "matches": [
        {
          "date": "2014-09-19",
          "team1": {
            "key": "fac",
            "name": "Floridsdorfer AC",
            "code": "FAC"
          },
          "team2": {
            "key": "liefering",
            "name": "FC Liefering",
            "code": "FCL"
          },
          "score1": 2,
          "score2": 2
        },
        {
          "date": "2014-09-19",
          "team1": {
            "key": "stpoelten",
            "name": "SKN St. Pölten",
            "code": "SKN"
          },
          "team2": {
            "key": "ksv",
            "name": "Kapfenberger SV",
            "code": "KSV"
          },
          "score1": 1,
          "score2": 0
        },
        {
          "date": "2014-09-19",
          "team1": {
            "key": "alustenau",
            "name": "SC Austria Lustenau",
            "code": "ALU"
          },
          "team2": {
            "key": "innsbruck",
            "name": "FC Wacker Innsbruck",
            "code": "FCW"
          },
          "score1": 1,
          "score2": 1
        },
        {
          "date": "2014-09-19",
          "team1": {
            "key": "hartberg",
            "name": "TSV Hartberg",
            "code": "HTB"
          },
          "team2": {
            "key": "lask",
            "name": "LASK Linz",
            "code": "ASK"
          },
          "score1": 2,
          "score2": 2
        },
        {
          "date": "2014-09-19",
          "team1": {
            "key": "mattersburg",
            "name": "SV Mattersburg",
            "code": "MAT"
          },
          "team2": {
            "key": "horn",
            "name": "SV Horn",
            "code": "SVH"
          },
          "score1": 2,
          "score2": 0
        }
      ]
    },
    {
      "name": "12. Runde",
      "matches": [
        {
          "date": "2014-09-26",
          "team1": {
            "key": "horn",
            "name": "SV Horn",
            "code": "SVH"
          },
          "team2": {
            "key": "fac",
            "name": "Floridsdorfer AC",
            "code": "FAC"
          },
          "score1": 0,
          "score2": 2
        },
        {
          "date": "2014-09-26",
          "team1": {
            "key": "alustenau",
            "name": "SC Austria Lustenau",
            "code": "ALU"
          },
          "team2": {
            "key": "liefering",
            "name": "FC Liefering",
            "code": "FCL"
          },
          "score1": 5,
          "score2": 2
        },
        {
          "date": "2014-09-26",
          "team1": {
            "key": "innsbruck",
            "name": "FC Wacker Innsbruck",
            "code": "FCW"
          },
          "team2": {
            "key": "ksv",
            "name": "Kapfenberger SV",
            "code": "KSV"
          },
          "score1": 0,
          "score2": 3
        },
        {
          "date": "2014-09-26",
          "team1": {
            "key": "mattersburg",
            "name": "SV Mattersburg",
            "code": "MAT"
          },
          "team2": {
            "key": "hartberg",
            "name": "TSV Hartberg",
            "code": "HTB"
          },
          "score1": 1,
          "score2": 0
        },
        {
          "date": "2014-09-26",
          "team1": {
            "key": "lask",
            "name": "LASK Linz",
            "code": "ASK"
          },
          "team2": {
            "key": "stpoelten",
            "name": "SKN St. Pölten",
            "code": "SKN"
          },
          "score1": 2,
          "score2": 1
        }
      ]
    },
    {
      "name": "13. Runde",
      "matches": [
        {
          "date": "2014-10-03",
          "team1": {
            "key": "stpoelten",
            "name": "SKN St. Pölten",
            "code": "SKN"
          },
          "team2": {
            "key": "mattersburg",
            "name": "SV Mattersburg",
            "code": "MAT"
          },
          "score1": 0,
          "score2": 2
        },
        {
          "date": "2014-10-03",
          "team1": {
            "key": "lask",
            "name": "LASK Linz",
            "code": "ASK"
          },
          "team2": {
            "key": "alustenau",
            "name": "SC Austria Lustenau",
            "code": "ALU"
          },
          "score1": 3,
          "score2": 1
        },
        {
          "date": "2014-10-03",
          "team1": {
            "key": "liefering",
            "name": "FC Liefering",
            "code": "FCL"
          },
          "team2": {
            "key": "innsbruck",
            "name": "FC Wacker Innsbruck",
            "code": "FCW"
          },
          "score1": 4,
          "score2": 1
        },
        {
          "date": "2014-10-03",
          "team1": {
            "key": "hartberg",
            "name": "TSV Hartberg",
            "code": "HTB"
          },
          "team2": {
            "key": "horn",
            "name": "SV Horn",
            "code": "SVH"
          },
          "score1": 3,
          "score2": 1
        },
        {
          "date": "2014-10-03",
          "team1": {
            "key": "ksv",
            "name": "Kapfenberger SV",
            "code": "KSV"
          },
          "team2": {
            "key": "fac",
            "name": "Floridsdorfer AC",
            "code": "FAC"
          },
          "score1": 0,
          "score2": 0
        }
      ]
    },
    {
      "name": "14. Runde",
      "matches": [
        {
          "date": "2014-10-17",
          "team1": {
            "key": "fac",
            "name": "Floridsdorfer AC",
            "code": "FAC"
          },
          "team2": {
            "key": "innsbruck",
            "name": "FC Wacker Innsbruck",
            "code": "FCW"
          },
          "score1": 2,
          "score2": 0
        },
        {
          "date": "2014-10-17",
          "team1": {
            "key": "horn",
            "name": "SV Horn",
            "code": "SVH"
          },
          "team2": {
            "key": "ksv",
            "name": "Kapfenberger SV",
            "code": "KSV"
          },
          "score1": 4,
          "score2": 1
        },
        {
          "date": "2014-10-17",
          "team1": {
            "key": "liefering",
            "name": "FC Liefering",
            "code": "FCL"
          },
          "team2": {
            "key": "stpoelten",
            "name": "SKN St. Pölten",
            "code": "SKN"
          },
          "score1": 1,
          "score2": 2
        },
        {
          "date": "2014-10-17",
          "team1": {
            "key": "mattersburg",
            "name": "SV Mattersburg",
            "code": "MAT"
          },
          "team2": {
            "key": "lask",
            "name": "LASK Linz",
            "code": "ASK"
          },
          "score1": 0,
          "score2": 1
        },
        {
          "date": "2014-10-17",
          "team1": {
            "key": "hartberg",
            "name": "TSV Hartberg",
            "code": "HTB"
          },
          "team2": {
            "key": "alustenau",
            "name": "SC Austria Lustenau",
            "code": "ALU"
          },
          "score1": 0,
          "score2": 1
        }
      ]
    },
    {
      "name": "15. Runde",
      "matches": [
        {
          "date": "2014-10-21",
          "team1": {
            "key": "stpoelten",
            "name": "SKN St. Pölten",
            "code": "SKN"
          },
          "team2": {
            "key": "fac",
            "name": "Floridsdorfer AC",
            "code": "FAC"
          },
          "score1": 1,
          "score2": 1
        },
        {
          "date": "2014-10-21",
          "team1": {
            "key": "alustenau",
            "name": "SC Austria Lustenau",
            "code": "ALU"
          },
          "team2": {
            "key": "mattersburg",
            "name": "SV Mattersburg",
            "code": "MAT"
          },
          "score1": 3,
          "score2": 3
        },
        {
          "date": "2014-10-21",
          "team1": {
            "key": "lask",
            "name": "LASK Linz",
            "code": "ASK"
          },
          "team2": {
            "key": "horn",
            "name": "SV Horn",
            "code": "SVH"
          },
          "score1": 2,
          "score2": 0
        },
        {
          "date": "2014-10-21",
          "team1": {
            "key": "innsbruck",
            "name": "FC Wacker Innsbruck",
            "code": "FCW"
          },
          "team2": {
            "key": "hartberg",
            "name": "TSV Hartberg",
            "code": "HTB"
          },
          "score1": 2,
          "score2": 0
        },
        {
          "date": "2014-10-21",
          "team1": {
            "key": "ksv",
            "name": "Kapfenberger SV",
            "code": "KSV"
          },
          "team2": {
            "key": "liefering",
            "name": "FC Liefering",
            "code": "FCL"
          },
          "score1": 0,
          "score2": 1
        }
      ]
    },
    {
      "name": "16. Runde",
      "matches": [
        {
          "date": "2014-10-24",
          "team1": {
            "key": "fac",
            "name": "Floridsdorfer AC",
            "code": "FAC"
          },
          "team2": {
            "key": "mattersburg",
            "name": "SV Mattersburg",
            "code": "MAT"
          },
          "score1": 2,
          "score2": 2
        },
        {
          "date": "2014-10-24",
          "team1": {
            "key": "horn",
            "name": "SV Horn",
            "code": "SVH"
          },
          "team2": {
            "key": "alustenau",
            "name": "SC Austria Lustenau",
            "code": "ALU"
          },
          "score1": 1,
          "score2": 0
        },
        {
          "date": "2014-10-24",
          "team1": {
            "key": "liefering",
            "name": "FC Liefering",
            "code": "FCL"
          },
          "team2": {
            "key": "lask",
            "name": "LASK Linz",
            "code": "ASK"
          },
          "score1": 1,
          "score2": 0
        },
        {
          "date": "2014-10-24",
          "team1": {
            "key": "innsbruck",
            "name": "FC Wacker Innsbruck",
            "code": "FCW"
          },
          "team2": {
            "key": "stpoelten",
            "name": "SKN St. Pölten",
            "code": "SKN"
          },
          "score1": 0,
          "score2": 1
        },
        {
          "date": "2014-10-24",
          "team1": {
            "key": "ksv",
            "name": "Kapfenberger SV",
            "code": "KSV"
          },
          "team2": {
            "key": "hartberg",
            "name": "TSV Hartberg",
            "code": "HTB"
          },
          "score1": 1,
          "score2": 0
        }
      ]
    },
    {
      "name": "17. Runde",
      "matches": [
        {
          "date": "2014-11-04",
          "team1": {
            "key": "horn",
            "name": "SV Horn",
            "code": "SVH"
          },
          "team2": {
            "key": "liefering",
            "name": "FC Liefering",
            "code": "FCL"
          },
          "score1": 2,
          "score2": 1
        },
        {
          "date": "2014-11-04",
          "team1": {
            "key": "alustenau",
            "name": "SC Austria Lustenau",
            "code": "ALU"
          },
          "team2": {
            "key": "stpoelten",
            "name": "SKN St. Pölten",
            "code": "SKN"
          },
          "score1": 2,
          "score2": 1
        },
        {
          "date": "2014-11-04",
          "team1": {
            "key": "lask",
            "name": "LASK Linz",
            "code": "ASK"
          },
          "team2": {
            "key": "innsbruck",
            "name": "FC Wacker Innsbruck",
            "code": "FCW"
          },
          "score1": 4,
          "score2": 1
        },
        {
          "date": "2014-11-04",
          "team1": {
            "key": "mattersburg",
            "name": "SV Mattersburg",
            "code": "MAT"
          },
          "team2": {
            "key": "ksv",
            "name": "Kapfenberger SV",
            "code": "KSV"
          },
          "score1": 4,
          "score2": 2
        },
        {
          "date": "2014-11-04",
          "team1": {
            "key": "hartberg",
            "name": "TSV Hartberg",
            "code": "HTB"
          },
          "team2": {
            "key": "fac",
            "name": "Floridsdorfer AC",
            "code": "FAC"
          },
          "score1": 1,
          "score2": 1
        }
      ]
    },
    {
      "name": "18. Runde",
      "matches": [
        {
          "date": "2014-11-07",
          "team1": {
            "key": "fac",
            "name": "Floridsdorfer AC",
            "code": "FAC"
          },
          "team2": {
            "key": "lask",
            "name": "LASK Linz",
            "code": "ASK"
          },
          "score1": 0,
          "score2": 0
        },
        {
          "date": "2014-11-07",
          "team1": {
            "key": "stpoelten",
            "name": "SKN St. Pölten",
            "code": "SKN"
          },
          "team2": {
            "key": "hartberg",
            "name": "TSV Hartberg",
            "code": "HTB"
          },
          "score1": 1,
          "score2": 0
        },
        {
          "date": "2014-11-07",
          "team1": {
            "key": "liefering",
            "name": "FC Liefering",
            "code": "FCL"
          },
          "team2": {
            "key": "mattersburg",
            "name": "SV Mattersburg",
            "code": "MAT"
          },
          "score1": 3,
          "score2": 1
        },
        {
          "date": "2014-11-07",
          "team1": {
            "key": "innsbruck",
            "name": "FC Wacker Innsbruck",
            "code": "FCW"
          },
          "team2": {
            "key": "horn",
            "name": "SV Horn",
            "code": "SVH"
          },
          "score1": 2,
          "score2": 0
        },
        {
          "date": "2014-11-07",
          "team1": {
            "key": "ksv",
            "name": "Kapfenberger SV",
            "code": "KSV"
          },
          "team2": {
            "key": "alustenau",
            "name": "SC Austria Lustenau",
            "code": "ALU"
          },
          "score1": 1,
          "score2": 1
        }
      ]
    },
    {
      "name": "19. Runde",
      "matches": [
        {
          "date": "2014-11-21",
          "team1": {
            "key": "horn",
            "name": "SV Horn",
            "code": "SVH"
          },
          "team2": {
            "key": "stpoelten",
            "name": "SKN St. Pölten",
            "code": "SKN"
          },
          "score1": 1,
          "score2": 0
        },
        {
          "date": "2014-11-21",
          "team1": {
            "key": "alustenau",
            "name": "SC Austria Lustenau",
            "code": "ALU"
          },
          "team2": {
            "key": "fac",
            "name": "Floridsdorfer AC",
            "code": "FAC"
          },
          "score1": 0,
          "score2": 3
        },
        {
          "date": "2014-11-21",
          "team1": {
            "key": "lask",
            "name": "LASK Linz",
            "code": "ASK"
          },
          "team2": {
            "key": "ksv",
            "name": "Kapfenberger SV",
            "code": "KSV"
          },
          "score1": 0,
          "score2": 0
        },
        {
          "date": "2014-11-21",
          "team1": {
            "key": "mattersburg",
            "name": "SV Mattersburg",
            "code": "MAT"
          },
          "team2": {
            "key": "innsbruck",
            "name": "FC Wacker Innsbruck",
            "code": "FCW"
          },
          "score1": 3,
          "score2": 1
        },
        {
          "date": "2014-11-21",
          "team1": {
            "key": "hartberg",
            "name": "TSV Hartberg",
            "code": "HTB"
          },
          "team2": {
            "key": "liefering",
            "name": "FC Liefering",
            "code": "FCL"
          },
          "score1": 3,
          "score2": 1
        }
      ]
    },
    {
      "name": "20. Runde",
      "matches": [
        {
          "date": "2014-11-28",
          "team1": {
            "key": "horn",
            "name": "SV Horn",
            "code": "SVH"
          },
          "team2": {
            "key": "mattersburg",
            "name": "SV Mattersburg",
            "code": "MAT"
          },
          "score1": 0,
          "score2": 1
        },
        {
          "date": "2014-11-28",
          "team1": {
            "key": "stpoelten",
            "name": "SKN St. Pölten",
            "code": "SKN"
          },
          "team2": {
            "key": "ksv",
            "name": "Kapfenberger SV",
            "code": "KSV"
          },
          "score1": 2,
          "score2": 2
        },
        {
          "date": "2014-11-28",
          "team1": {
            "key": "liefering",
            "name": "FC Liefering",
            "code": "FCL"
          },
          "team2": {
            "key": "fac",
            "name": "Floridsdorfer AC",
            "code": "FAC"
          },
          "score1": 3,
          "score2": 1
        },
        {
          "date": "2014-11-28",
          "team1": {
            "key": "innsbruck",
            "name": "FC Wacker Innsbruck",
            "code": "FCW"
          },
          "team2": {
            "key": "alustenau",
            "name": "SC Austria Lustenau",
            "code": "ALU"
          },
          "score1": 1,
          "score2": 2
        },
        {
          "date": "2014-11-28",
          "team1": {
            "key": "hartberg",
            "name": "TSV Hartberg",
            "code": "HTB"
          },
          "team2": {
            "key": "lask",
            "name": "LASK Linz",
            "code": "ASK"
          },
          "score1": 2,
          "score2": 2
        }
      ]
    },
    {
      "name": "21. Runde",
      "matches": [
        {
          "date": "2015-02-27",
          "team1": {
            "key": "mattersburg",
            "name": "SV Mattersburg",
            "code": "MAT"
          },
          "team2": {
            "key": "hartberg",
            "name": "TSV Hartberg",
            "code": "HTB"
          },
          "score1": 2,
          "score2": 0
        },
        {
          "date": "2015-02-27",
          "team1": {
            "key": "alustenau",
            "name": "SC Austria Lustenau",
            "code": "ALU"
          },
          "team2": {
            "key": "liefering",
            "name": "FC Liefering",
            "code": "FCL"
          },
          "score1": 2,
          "score2": 4
        },
        {
          "date": "2015-02-27",
          "team1": {
            "key": "ksv",
            "name": "Kapfenberger SV",
            "code": "KSV"
          },
          "team2": {
            "key": "innsbruck",
            "name": "FC Wacker Innsbruck",
            "code": "FCW"
          },
          "score1": 3,
          "score2": 0
        },
        {
          "date": "2015-02-27",
          "team1": {
            "key": "fac",
            "name": "Floridsdorfer AC",
            "code": "FAC"
          },
          "team2": {
            "key": "horn",
            "name": "SV Horn",
            "code": "SVH"
          },
          "score1": 2,
          "score2": 5
        },
        {
          "date": "2015-02-27",
          "team1": {
            "key": "lask",
            "name": "LASK Linz",
            "code": "ASK"
          },
          "team2": {
            "key": "stpoelten",
            "name": "SKN St. Pölten",
            "code": "SKN"
          },
          "score1": 0,
          "score2": 0
        }
      ]
    },
    {
      "name": "22. Runde",
      "matches": [
        {
          "date": "2015-03-06",
          "team1": {
            "key": "innsbruck",
            "name": "FC Wacker Innsbruck",
            "code": "FCW"
          },
          "team2": {
            "key": "liefering",
            "name": "FC Liefering",
            "code": "FCL"
          },
          "score1": 0,
          "score2": 3
        },
        {
          "date": "2015-03-06",
          "team1": {
            "key": "stpoelten",
            "name": "SKN St. Pölten",
            "code": "SKN"
          },
          "team2": {
            "key": "mattersburg",
            "name": "SV Mattersburg",
            "code": "MAT"
          },
          "score1": 1,
          "score2": 2
        },
        {
          "date": "2015-03-06",
          "team1": {
            "key": "ksv",
            "name": "Kapfenberger SV",
            "code": "KSV"
          },
          "team2": {
            "key": "fac",
            "name": "Floridsdorfer AC",
            "code": "FAC"
          },
          "score1": 2,
          "score2": 1
        },
        {
          "date": "2015-03-06",
          "team1": {
            "key": "hartberg",
            "name": "TSV Hartberg",
            "code": "HTB"
          },
          "team2": {
            "key": "horn",
            "name": "SV Horn",
            "code": "SVH"
          },
          "score1": 1,
          "score2": 1
        },
        {
          "date": "2015-03-06",
          "team1": {
            "key": "lask",
            "name": "LASK Linz",
            "code": "ASK"
          },
          "team2": {
            "key": "alustenau",
            "name": "SC Austria Lustenau",
            "code": "ALU"
          },
          "score1": 3,
          "score2": 2
        }
      ]
    },
    {
      "name": "23. Runde",
      "matches": [
        {
          "date": "2015-03-13",
          "team1": {
            "key": "mattersburg",
            "name": "SV Mattersburg",
            "code": "MAT"
          },
          "team2": {
            "key": "lask",
            "name": "LASK Linz",
            "code": "ASK"
          },
          "score1": 3,
          "score2": 0
        },
        {
          "date": "2015-03-13",
          "team1": {
            "key": "alustenau",
            "name": "SC Austria Lustenau",
            "code": "ALU"
          },
          "team2": {
            "key": "hartberg",
            "name": "TSV Hartberg",
            "code": "HTB"
          },
          "score1": 0,
          "score2": 4
        },
        {
          "date": "2015-03-13",
          "team1": {
            "key": "horn",
            "name": "SV Horn",
            "code": "SVH"
          },
          "team2": {
            "key": "ksv",
            "name": "Kapfenberger SV",
            "code": "KSV"
          },
          "score1": 1,
          "score2": 1
        },
        {
          "date": "2015-03-13",
          "team1": {
            "key": "liefering",
            "name": "FC Liefering",
            "code": "FCL"
          },
          "team2": {
            "key": "stpoelten",
            "name": "SKN St. Pölten",
            "code": "SKN"
          },
          "score1": 1,
          "score2": 1
        },
        {
          "date": "2015-03-13",
          "team1": {
            "key": "fac",
            "name": "Floridsdorfer AC",
            "code": "FAC"
          },
          "team2": {
            "key": "innsbruck",
            "name": "FC Wacker Innsbruck",
            "code": "FCW"
          },
          "score1": 0,
          "score2": 0
        }
      ]
    },
    {
      "name": "24. Runde",
      "matches": [
        {
          "date": "2015-03-17",
          "team1": {
            "key": "innsbruck",
            "name": "FC Wacker Innsbruck",
            "code": "FCW"
          },
          "team2": {
            "key": "hartberg",
            "name": "TSV Hartberg",
            "code": "HTB"
          },
          "score1": 1,
          "score2": 1
        },
        {
          "date": "2015-03-17",
          "team1": {
            "key": "alustenau",
            "name": "SC Austria Lustenau",
            "code": "ALU"
          },
          "team2": {
            "key": "mattersburg",
            "name": "SV Mattersburg",
            "code": "MAT"
          },
          "score1": 3,
          "score2": 1
        },
        {
          "date": "2015-03-17",
          "team1": {
            "key": "ksv",
            "name": "Kapfenberger SV",
            "code": "KSV"
          },
          "team2": {
            "key": "liefering",
            "name": "FC Liefering",
            "code": "FCL"
          },
          "score1": 3,
          "score2": 2
        },
        {
          "date": "2015-03-17",
          "team1": {
            "key": "fac",
            "name": "Floridsdorfer AC",
            "code": "FAC"
          },
          "team2": {
            "key": "stpoelten",
            "name": "SKN St. Pölten",
            "code": "SKN"
          },
          "score1": 1,
          "score2": 0
        },
        {
          "date": "2015-03-17",
          "team1": {
            "key": "lask",
            "name": "LASK Linz",
            "code": "ASK"
          },
          "team2": {
            "key": "horn",
            "name": "SV Horn",
            "code": "SVH"
          },
          "score1": 1,
          "score2": 1
        }
      ]
    },
    {
      "name": "25. Runde",
      "matches": [
        {
          "date": "2015-03-20",
          "team1": {
            "key": "stpoelten",
            "name": "SKN St. Pölten",
            "code": "SKN"
          },
          "team2": {
            "key": "innsbruck",
            "name": "FC Wacker Innsbruck",
            "code": "FCW"
          },
          "score1": 0,
          "score2": 0
        },
        {
          "date": "2015-03-20",
          "team1": {
            "key": "horn",
            "name": "SV Horn",
            "code": "SVH"
          },
          "team2": {
            "key": "alustenau",
            "name": "SC Austria Lustenau",
            "code": "ALU"
          },
          "score1": 0,
          "score2": 0
        },
        {
          "date": "2015-03-20",
          "team1": {
            "key": "liefering",
            "name": "FC Liefering",
            "code": "FCL"
          },
          "team2": {
            "key": "lask",
            "name": "LASK Linz",
            "code": "ASK"
          },
          "score1": 3,
          "score2": 1
        },
        {
          "date": "2015-03-20",
          "team1": {
            "key": "hartberg",
            "name": "TSV Hartberg",
            "code": "HTB"
          },
          "team2": {
            "key": "ksv",
            "name": "Kapfenberger SV",
            "code": "KSV"
          },
          "score1": 2,
          "score2": 2
        }
      ]
    },
    {
      "name": "26. Runde",
      "matches": [
        {
          "date": "2015-04-03",
          "team1": {
            "key": "innsbruck",
            "name": "FC Wacker Innsbruck",
            "code": "FCW"
          },
          "team2": {
            "key": "lask",
            "name": "LASK Linz",
            "code": "ASK"
          },
          "score1": 2,
          "score2": 0
        },
        {
          "date": "2015-04-03",
          "team1": {
            "key": "stpoelten",
            "name": "SKN St. Pölten",
            "code": "SKN"
          },
          "team2": {
            "key": "alustenau",
            "name": "SC Austria Lustenau",
            "code": "ALU"
          },
          "score1": 1,
          "score2": 0
        },
        {
          "date": "2015-04-03",
          "team1": {
            "key": "ksv",
            "name": "Kapfenberger SV",
            "code": "KSV"
          },
          "team2": {
            "key": "mattersburg",
            "name": "SV Mattersburg",
            "code": "MAT"
          },
          "score1": 1,
          "score2": 2
        },
        {
          "date": "2015-04-03",
          "team1": {
            "key": "liefering",
            "name": "FC Liefering",
            "code": "FCL"
          },
          "team2": {
            "key": "horn",
            "name": "SV Horn",
            "code": "SVH"
          },
          "score1": 3,
          "score2": 1
        },
        {
          "date": "2015-04-03",
          "team1": {
            "key": "fac",
            "name": "Floridsdorfer AC",
            "code": "FAC"
          },
          "team2": {
            "key": "hartberg",
            "name": "TSV Hartberg",
            "code": "HTB"
          },
          "score1": 1,
          "score2": 3
        }
      ]
    },
    {
      "name": "27. Runde",
      "matches": [
        {
          "date": "2015-04-10",
          "team1": {
            "key": "mattersburg",
            "name": "SV Mattersburg",
            "code": "MAT"
          },
          "team2": {
            "key": "liefering",
            "name": "FC Liefering",
            "code": "FCL"
          },
          "score1": 0,
          "score2": 2
        },
        {
          "date": "2015-04-10",
          "team1": {
            "key": "alustenau",
            "name": "SC Austria Lustenau",
            "code": "ALU"
          },
          "team2": {
            "key": "ksv",
            "name": "Kapfenberger SV",
            "code": "KSV"
          },
          "score1": 3,
          "score2": 2
        },
        {
          "date": "2015-04-10",
          "team1": {
            "key": "horn",
            "name": "SV Horn",
            "code": "SVH"
          },
          "team2": {
            "key": "innsbruck",
            "name": "FC Wacker Innsbruck",
            "code": "FCW"
          },
          "score1": 0,
          "score2": 1
        },
        {
          "date": "2015-04-10",
          "team1": {
            "key": "hartberg",
            "name": "TSV Hartberg",
            "code": "HTB"
          },
          "team2": {
            "key": "stpoelten",
            "name": "SKN St. Pölten",
            "code": "SKN"
          },
          "score1": 2,
          "score2": 3
        },
        {
          "date": "2015-04-10",
          "team1": {
            "key": "lask",
            "name": "LASK Linz",
            "code": "ASK"
          },
          "team2": {
            "key": "fac",
            "name": "Floridsdorfer AC",
            "code": "FAC"
          },
          "score1": 0,
          "score2": 2
        }
      ]
    },
    {
      "name": "28. Runde",
      "matches": [
        {
          "date": "2015-04-17",
          "team1": {
            "key": "innsbruck",
            "name": "FC Wacker Innsbruck",
            "code": "FCW"
          },
          "team2": {
            "key": "mattersburg",
            "name": "SV Mattersburg",
            "code": "MAT"
          },
          "score1": 1,
          "score2": 0
        },
        {
          "date": "2015-04-17",
          "team1": {
            "key": "stpoelten",
            "name": "SKN St. Pölten",
            "code": "SKN"
          },
          "team2": {
            "key": "horn",
            "name": "SV Horn",
            "code": "SVH"
          },
          "score1": 2,
          "score2": 2
        },
        {
          "date": "2015-04-17",
          "team1": {
            "key": "ksv",
            "name": "Kapfenberger SV",
            "code": "KSV"
          },
          "team2": {
            "key": "lask",
            "name": "LASK Linz",
            "code": "ASK"
          },
          "score1": 1,
          "score2": 0
        },
        {
          "date": "2015-04-17",
          "team1": {
            "key": "liefering",
            "name": "FC Liefering",
            "code": "FCL"
          },
          "team2": {
            "key": "hartberg",
            "name": "TSV Hartberg",
            "code": "HTB"
          },
          "score1": 4,
          "score2": 1
        },
        {
          "date": "2015-04-17",
          "team1": {
            "key": "fac",
            "name": "Floridsdorfer AC",
            "code": "FAC"
          },
          "team2": {
            "key": "alustenau",
            "name": "SC Austria Lustenau",
            "code": "ALU"
          },
          "score1": 0,
          "score2": 1
        }
      ]
    },
    {
      "name": "29. Runde",
      "matches": [
        {
          "date": "2015-04-21",
          "team1": {
            "key": "mattersburg",
            "name": "SV Mattersburg",
            "code": "MAT"
          },
          "team2": {
            "key": "horn",
            "name": "SV Horn",
            "code": "SVH"
          },
          "score1": 1,
          "score2": 0
        },
        {
          "date": "2015-04-21",
          "team1": {
            "key": "alustenau",
            "name": "SC Austria Lustenau",
            "code": "ALU"
          },
          "team2": {
            "key": "innsbruck",
            "name": "FC Wacker Innsbruck",
            "code": "FCW"
          },
          "score1": 0,
          "score2": 1
        },
        {
          "date": "2015-04-21",
          "team1": {
            "key": "ksv",
            "name": "Kapfenberger SV",
            "code": "KSV"
          },
          "team2": {
            "key": "stpoelten",
            "name": "SKN St. Pölten",
            "code": "SKN"
          },
          "score1": 0,
          "score2": 0
        },
        {
          "date": "2015-04-21",
          "team1": {
            "key": "fac",
            "name": "Floridsdorfer AC",
            "code": "FAC"
          },
          "team2": {
            "key": "liefering",
            "name": "FC Liefering",
            "code": "FCL"
          },
          "score1": 0,
          "score2": 1
        },
        {
          "date": "2015-04-21",
          "team1": {
            "key": "lask",
            "name": "LASK Linz",
            "code": "ASK"
          },
          "team2": {
            "key": "hartberg",
            "name": "TSV Hartberg",
            "code": "HTB"
          },
          "score1": 0,
          "score2": 1
        }
      ]
    },
    {
      "name": "30. Runde",
      "matches": [
        {
          "date": "2015-04-24",
          "team1": {
            "key": "innsbruck",
            "name": "FC Wacker Innsbruck",
            "code": "FCW"
          },
          "team2": {
            "key": "ksv",
            "name": "Kapfenberger SV",
            "code": "KSV"
          },
          "score1": 0,
          "score2": 1
        },
        {
          "date": "2015-04-24",
          "team1": {
            "key": "stpoelten",
            "name": "SKN St. Pölten",
            "code": "SKN"
          },
          "team2": {
            "key": "lask",
            "name": "LASK Linz",
            "code": "ASK"
          },
          "score1": 0,
          "score2": 1
        },
        {
          "date": "2015-04-24",
          "team1": {
            "key": "horn",
            "name": "SV Horn",
            "code": "SVH"
          },
          "team2": {
            "key": "fac",
            "name": "Floridsdorfer AC",
            "code": "FAC"
          },
          "score1": 3,
          "score2": 1
        },
        {
          "date": "2015-04-24",
          "team1": {
            "key": "liefering",
            "name": "FC Liefering",
            "code": "FCL"
          },
          "team2": {
            "key": "alustenau",
            "name": "SC Austria Lustenau",
            "code": "ALU"
          },
          "score1": 0,
          "score2": 4
        },
        {
          "date": "2015-04-24",
          "team1": {
            "key": "hartberg",
            "name": "TSV Hartberg",
            "code": "HTB"
          },
          "team2": {
            "key": "mattersburg",
            "name": "SV Mattersburg",
            "code": "MAT"
          },
          "score1": 2,
          "score2": 4
        }
      ]
    },
    {
      "name": "31. Runde",
      "matches": [
        {
          "date": "2015-05-01",
          "team1": {
            "key": "mattersburg",
            "name": "SV Mattersburg",
            "code": "MAT"
          },
          "team2": {
            "key": "stpoelten",
            "name": "SKN St. Pölten",
            "code": "SKN"
          },
          "score1": 4,
          "score2": 0
        },
        {
          "date": "2015-05-01",
          "team1": {
            "key": "alustenau",
            "name": "SC Austria Lustenau",
            "code": "ALU"
          },
          "team2": {
            "key": "lask",
            "name": "LASK Linz",
            "code": "ASK"
          },
          "score1": 1,
          "score2": 2
        },
        {
          "date": "2015-05-01",
          "team1": {
            "key": "horn",
            "name": "SV Horn",
            "code": "SVH"
          },
          "team2": {
            "key": "hartberg",
            "name": "TSV Hartberg",
            "code": "HTB"
          },
          "score1": 0,
          "score2": 1
        },
        {
          "date": "2015-05-01",
          "team1": {
            "key": "liefering",
            "name": "FC Liefering",
            "code": "FCL"
          },
          "team2": {
            "key": "innsbruck",
            "name": "FC Wacker Innsbruck",
            "code": "FCW"
          },
          "score1": 1,
          "score2": 1
        },
        {
          "date": "2015-05-01",
          "team1": {
            "key": "fac",
            "name": "Floridsdorfer AC",
            "code": "FAC"
          },
          "team2": {
            "key": "ksv",
            "name": "Kapfenberger SV",
            "code": "KSV"
          },
          "score1": 1,
          "score2": 0
        }
      ]
    },
    {
      "name": "32. Runde",
      "matches": [
        {
          "date": "2015-05-08",
          "team1": {
            "key": "innsbruck",
            "name": "FC Wacker Innsbruck",
            "code": "FCW"
          },
          "team2": {
            "key": "fac",
            "name": "Floridsdorfer AC",
            "code": "FAC"
          },
          "score1": 0,
          "score2": 0
        },
        {
          "date": "2015-05-08",
          "team1": {
            "key": "stpoelten",
            "name": "SKN St. Pölten",
            "code": "SKN"
          },
          "team2": {
            "key": "liefering",
            "name": "FC Liefering",
            "code": "FCL"
          },
          "score1": 1,
          "score2": 0
        },
        {
          "date": "2015-05-08",
          "team1": {
            "key": "ksv",
            "name": "Kapfenberger SV",
            "code": "KSV"
          },
          "team2": {
            "key": "horn",
            "name": "SV Horn",
            "code": "SVH"
          },
          "score1": 3,
          "score2": 2
        },
        {
          "date": "2015-05-08",
          "team1": {
            "key": "hartberg",
            "name": "TSV Hartberg",
            "code": "HTB"
          },
          "team2": {
            "key": "alustenau",
            "name": "SC Austria Lustenau",
            "code": "ALU"
          },
          "score1": 1,
          "score2": 3
        },
        {
          "date": "2015-05-08",
          "team1": {
            "key": "lask",
            "name": "LASK Linz",
            "code": "ASK"
          },
          "team2": {
            "key": "mattersburg",
            "name": "SV Mattersburg",
            "code": "MAT"
          },
          "score1": 2,
          "score2": 2
        }
      ]
    },
    {
      "name": "33. Runde",
      "matches": [
        {
          "date": "2015-05-12",
          "team1": {
            "key": "mattersburg",
            "name": "SV Mattersburg",
            "code": "MAT"
          },
          "team2": {
            "key": "alustenau",
            "name": "SC Austria Lustenau",
            "code": "ALU"
          },
          "score1": 1,
          "score2": 1
        },
        {
          "date": "2015-05-12",
          "team1": {
            "key": "stpoelten",
            "name": "SKN St. Pölten",
            "code": "SKN"
          },
          "team2": {
            "key": "fac",
            "name": "Floridsdorfer AC",
            "code": "FAC"
          },
          "score1": 3,
          "score2": 1
        },
        {
          "date": "2015-05-12",
          "team1": {
            "key": "horn",
            "name": "SV Horn",
            "code": "SVH"
          },
          "team2": {
            "key": "lask",
            "name": "LASK Linz",
            "code": "ASK"
          },
          "score1": 2,
          "score2": 0
        },
        {
          "date": "2015-05-12",
          "team1": {
            "key": "liefering",
            "name": "FC Liefering",
            "code": "FCL"
          },
          "team2": {
            "key": "ksv",
            "name": "Kapfenberger SV",
            "code": "KSV"
          },
          "score1": 1,
          "score2": 4
        },
        {
          "date": "2015-05-12",
          "team1": {
            "key": "hartberg",
            "name": "TSV Hartberg",
            "code": "HTB"
          },
          "team2": {
            "key": "innsbruck",
            "name": "FC Wacker Innsbruck",
            "code": "FCW"
          },
          "score1": 2,
          "score2": 2
        }
      ]
    },
    {
      "name": "34. Runde",
      "matches": [
        {
          "date": "2015-05-15",
          "team1": {
            "key": "innsbruck",
            "name": "FC Wacker Innsbruck",
            "code": "FCW"
          },
          "team2": {
            "key": "stpoelten",
            "name": "SKN St. Pölten",
            "code": "SKN"
          },
          "score1": 0,
          "score2": 0
        },
        {
          "date": "2015-05-15",
          "team1": {
            "key": "alustenau",
            "name": "SC Austria Lustenau",
            "code": "ALU"
          },
          "team2": {
            "key": "horn",
            "name": "SV Horn",
            "code": "SVH"
          },
          "score1": 0,
          "score2": 0
        },
        {
          "date": "2015-05-15",
          "team1": {
            "key": "ksv",
            "name": "Kapfenberger SV",
            "code": "KSV"
          },
          "team2": {
            "key": "hartberg",
            "name": "TSV Hartberg",
            "code": "HTB"
          },
          "score1": 0,
          "score2": 1
        },
        {
          "date": "2015-05-15",
          "team1": {
            "key": "fac",
            "name": "Floridsdorfer AC",
            "code": "FAC"
          },
          "team2": {
            "key": "mattersburg",
            "name": "SV Mattersburg",
            "code": "MAT"
          },
          "score1": 0,
          "score2": 1
        },
        {
          "date": "2015-05-15",
          "team1": {
            "key": "lask",
            "name": "LASK Linz",
            "code": "ASK"
          },
          "team2": {
            "key": "liefering",
            "name": "FC Liefering",
            "code": "FCL"
          },
          "score1": 1,
          "score2": 1
        }
      ]
    },
    {
      "name": "35. Runde",
      "matches": [
        {
          "date": "2015-05-22",
          "team1": {
            "key": "mattersburg",
            "name": "SV Mattersburg",
            "code": "MAT"
          },
          "team2": {
            "key": "ksv",
            "name": "Kapfenberger SV",
            "code": "KSV"
          },
          "score1": 2,
          "score2": 0
        },
        {
          "date": "2015-05-22",
          "team1": {
            "key": "alustenau",
            "name": "SC Austria Lustenau",
            "code": "ALU"
          },
          "team2": {
            "key": "stpoelten",
            "name": "SKN St. Pölten",
            "code": "SKN"
          },
          "score1": 0,
          "score2": 2
        },
        {
          "date": "2015-05-22",
          "team1": {
            "key": "horn",
            "name": "SV Horn",
            "code": "SVH"
          },
          "team2": {
            "key": "liefering",
            "name": "FC Liefering",
            "code": "FCL"
          },
          "score1": 0,
          "score2": 2
        },
        {
          "date": "2015-05-22",
          "team1": {
            "key": "hartberg",
            "name": "TSV Hartberg",
            "code": "HTB"
          },
          "team2": {
            "key": "fac",
            "name": "Floridsdorfer AC",
            "code": "FAC"
          },
          "score1": 1,
          "score2": 2
        },
        {
          "date": "2015-05-22",
          "team1": {
            "key": "lask",
            "name": "LASK Linz",
            "code": "ASK"
          },
          "team2": {
            "key": "innsbruck",
            "name": "FC Wacker Innsbruck",
            "code": "FCW"
          },
          "score1": 3,
          "score2": 1
        }
      ]
    },
    {
      "name": "36. Runde",
      "matches": [
        {
          "date": "2015-05-29",
          "team1": {
            "key": "innsbruck",
            "name": "FC Wacker Innsbruck",
            "code": "FCW"
          },
          "team2": {
            "key": "horn",
            "name": "SV Horn",
            "code": "SVH"
          },
          "score1": 3,
          "score2": 0
        },
        {
          "date": "2015-05-29",
          "team1": {
            "key": "stpoelten",
            "name": "SKN St. Pölten",
            "code": "SKN"
          },
          "team2": {
            "key": "hartberg",
            "name": "TSV Hartberg",
            "code": "HTB"
          },
          "score1": 5,
          "score2": 3
        },
        {
          "date": "2015-05-29",
          "team1": {
            "key": "ksv",
            "name": "Kapfenberger SV",
            "code": "KSV"
          },
          "team2": {
            "key": "alustenau",
            "name": "SC Austria Lustenau",
            "code": "ALU"
          },
          "score1": 3,
          "score2": 0
        },
        {
          "date": "2015-05-29",
          "team1": {
            "key": "liefering",
            "name": "FC Liefering",
            "code": "FCL"
          },
          "team2": {
            "key": "mattersburg",
            "name": "SV Mattersburg",
            "code": "MAT"
          },
          "score1": 0,
          "score2": 4
        },
        {
          "date": "2015-05-29",
          "team1": {
            "key": "fac",
            "name": "Floridsdorfer AC",
            "code": "FAC"
          },
          "team2": {
            "key": "lask",
            "name": "LASK Linz",
            "code": "ASK"
          },
          "score1": 0,
          "score2": 0
        }
      ]
    }
  ]
}