{
  "name": "Deutsche 2. Bundesliga 2014/15",
  "clubs": [
    {
      "key": "ingolstadt",
      "name": "FC Ingolstadt 04",
      "code": "FCI"
    },
    {
      "key": "darmstadt",
      "name": "SV Darmstadt 98",
      "code": "D98"
    },
    {
      "key": "braunschweig",
      "name": "Eintr. Braunschweig",
      "code": "EBS"
    },
    {
      "key": "nuernberg",
      "name": "1. FC Nürnberg",
      "code": "FCN"
    },
    {
      "key": "duesseldorf",
      "name": "Fortuna Düsseldorf",
      "code": "F95"
    },
    {
      "key": "fuerth",
      "name": "Greuther Fürth",
      "code": "SGF"
    },
    {
      "key": "klautern",
      "name": "1. FC Kaiserslautern",
      "code": "FCK"
    },
    {
      "key": "fsvfrankfurt",
      "name": "FSV Frankfurt",
      "code": "FSV"
    },
    {
      "key": "tsvmuenchen",
      "name": "1860 München",
      "code": "M60"
    },
    {
      "key": "unionberlin",
      "name": "Union Berlin",
      "code": "FCU"
    },
    {
      "key": "bochum",
      "name": "VfL Bochum",
      "code": "BOC"
    },
    {
      "key": "stpauli",
      "name": "FC St. Pauli",
      "code": "STP"
    },
    {
      "key": "sandhausen",
      "name": "SV Sandhausen",
      "code": "SAN"
    },
    {
      "key": "karlsruhe",
      "name": "Karlsruhe",
      "code": "KSC"
    },
    {
      "key": "heidenheim",
      "name": "1. FC Heidenheim",
      "code": "HDH"
    },
    {
      "key": "leipzig",
      "name": "RB Leipzig",
      "code": "RBL"
    },
    {
      "key": "aalen",
      "name": "VfR Aalen",
      "code": "AAL"
    },
    {
      "key": "aue",
      "name": "Erzgebirge Aue",
      "code": "AUE"
    }
  ]
}