{
  "name": "Österr. Erste Liga 2013/14",
  "clubs": [
    {
      "key": "mattersburg",
      "name": "SV Mattersburg",
      "code": "MAT"
    },
    {
      "key": "altach",
      "name": "SCR Altach",
      "code": "ALT"
    },
    {
      "key": "alustenau",
      "name": "SC Austria Lustenau",
      "code": "ALU"
    },
    {
      "key": "stpoelten",
      "name": "SKN St. Pölten",
      "code": "SKN"
    },
    {
      "key": "ksv",
      "name": "Kapfenberger SV",
      "code": "KSV"
    },
    {
      "key": "liefering",
      "name": "FC Liefering",
      "code": "FCL"
    },
    {
      "key": "parndorf",
      "name": "SC/ESV Parndorf 1919",
      "code": "PAR"
    },
    {
      "key": "horn",
      "name": "SV Horn",
      "code": "SVH"
    },
    {
      "key": "hartberg",
      "name": "TSV Hartberg",
      "code": "HTB"
    },
    {
      "key": "vienna",
      "name": "Vienna FC 1894",
      "code": "VIE"
    }
  ]
}