{
  "name": "Serie A 2013/14",
  "clubs": [
    {
      "key": "milan",
      "name": "Milan",
      "code": "MIL"
    },
    {
      "key": "inter",
      "name": "Inter",
      "code": "INT"
    },
    {
      "key": "lazio",
      "name": "Lazio",
      "code": "LAZ"
    },
    {
      "key": "roma",
      "name": "Roma",
      "code": "ROM"
    },
    {
      "key": "genoa",
      "name": "Genoa",
      "code": "GEN"
    },
    {
      "key": "sampdoria",
      "name": "Sampdoria",
      "code": "SAM"
    },
    {
      "key": "juventus",
      "name": "Juventus",
      "code": "JUV"
    },
    {
      "key": "torino",
      "name": "Torino",
      "code": "TOR"
    },
    {
      "key": "napoli",
      "name": "Napoli",
      "code": "NAP"
    },
    {
      "key": "atalanta",
      "name": "Atalanta",
      "code": "ATA"
    },
    {
      "key": "chievoverona",
      "name": "Chievo",
      "code": "CHI"
    },
    {
      "key": "fiorentina",
      "name": "Fiorentina",
      "code": "FIO"
    },
    {
      "key": "udinese",
      "name": "Udinese",
      "code": "UDI"
    },
    {
      "key": "sassuolo",
      "name": "Sassuolo",
      "code": "SAS"
    },
    {
      "key": "bologna",
      "name": "Bologna",
      "code": "BOL"
    },
    {
      "key": "cagliari",
      "name": "Cagliari",
      "code": "CAG"
    },
    {
      "key": "parma",
      "name": "Parma",
      "code": "PAR"
    },
    {
      "key": "catania",
      "name": "Catania",
      "code": "CAT"
    },
    {
      "key": "livorno",
      "name": "Livorno",
      "code": "LIV"
    },
    {
      "key": "hellasverona",
      "name": "Verona",
      "code": "HEL"
    }
  ]
}