{
  "name": "Österr. Bundesliga 2012/13",
  "rounds": [
    {
      "name": "1. Runde",
      "matches": [
        {
          "date": "2012-07-21",
          "team1": {
            "key": "sturm",
            "name": "SK Sturm Graz",
            "code": "STU"
          },
          "team2": {
            "key": "salzburg",
            "name": "FC RB Salzburg",
            "code": "RBS"
          },
          "score1": 0,
          "score2": 2
        },
        {
          "date": "2012-07-21",
          "team1": {
            "key": "mattersburg",
            "name": "SV Mattersburg",
            "code": "MAT"
          },
          "team2": {
            "key": "wrneustadt",
            "name": "SC Wiener Neustadt",
            "code": "WRN"
          },
          "score1": 2,
          "score2": 0
        },
        {
          "date": "2012-07-21",
          "team1": {
            "key": "rapid",
            "name": "SK Rapid Wien",
            "code": "RAP"
          },
          "team2": {
            "key": "innsbruck",
            "name": "FC Wacker Innsbruck",
            "code": "FCW"
          },
          "score1": 4,
          "score2": 0
        },
        {
          "date": "2012-07-22",
          "team1": {
            "key": "admira",
            "name": "FC Admira Wacker",
            "code": "ADM"
          },
          "team2": {
            "key": "ried",
            "name": "SV Ried",
            "code": "RIE"
          },
          "score1": 0,
          "score2": 2
        },
        {
          "date": "2012-07-25",
          "team1": {
            "key": "wac",
            "name": "Wolfsberger AC",
            "code": "WAC"
          },
          "team2": {
            "key": "austria",
            "name": "FK Austria Wien",
            "code": "AUS"
          },
          "score1": 0,
          "score2": 1
        }
      ]
    },
    {
      "name": "2. Runde",
      "matches": [
        {
          "date": "2012-07-28",
          "team1": {
            "key": "austria",
            "name": "FK Austria Wien",
            "code": "AUS"
          },
          "team2": {
            "key": "sturm",
            "name": "SK Sturm Graz",
            "code": "STU"
          },
          "score1": 0,
          "score2": 1
        },
        {
          "date": "2012-07-28",
          "team1": {
            "key": "salzburg",
            "name": "FC RB Salzburg",
            "code": "RBS"
          },
          "team2": {
            "key": "mattersburg",
            "name": "SV Mattersburg",
            "code": "MAT"
          },
          "score1": 3,
          "score2": 2
        },
        {
          "date": "2012-07-28",
          "team1": {
            "key": "wrneustadt",
            "name": "SC Wiener Neustadt",
            "code": "WRN"
          },
          "team2": {
            "key": "rapid",
            "name": "SK Rapid Wien",
            "code": "RAP"
          },
          "score1": 0,
          "score2": 1
        },
        {
          "date": "2012-07-29",
          "team1": {
            "key": "innsbruck",
            "name": "FC Wacker Innsbruck",
            "code": "FCW"
          },
          "team2": {
            "key": "admira",
            "name": "FC Admira Wacker",
            "code": "ADM"
          },
          "score1": 1,
          "score2": 2
        },
        {
          "date": "2012-07-29",
          "team1": {
            "key": "ried",
            "name": "SV Ried",
            "code": "RIE"
          },
          "team2": {
            "key": "wac",
            "name": "Wolfsberger AC",
            "code": "WAC"
          },
          "score1": 0,
          "score2": 2
        }
      ]
    },
    {
      "name": "3. Runde",
      "matches": [
        {
          "date": "2012-08-04",
          "team1": {
            "key": "mattersburg",
            "name": "SV Mattersburg",
            "code": "MAT"
          },
          "team2": {
            "key": "sturm",
            "name": "SK Sturm Graz",
            "code": "STU"
          },
          "score1": 3,
          "score2": 1
        },
        {
          "date": "2012-08-04",
          "team1": {
            "key": "wac",
            "name": "Wolfsberger AC",
            "code": "WAC"
          },
          "team2": {
            "key": "salzburg",
            "name": "FC RB Salzburg",
            "code": "RBS"
          },
          "score1": 0,
          "score2": 2
        },
        {
          "date": "2012-08-05",
          "team1": {
            "key": "rapid",
            "name": "SK Rapid Wien",
            "code": "RAP"
          },
          "team2": {
            "key": "austria",
            "name": "FK Austria Wien",
            "code": "AUS"
          },
          "score1": 0,
          "score2": 3
        },
        {
          "date": "2012-08-05",
          "team1": {
            "key": "ried",
            "name": "SV Ried",
            "code": "RIE"
          },
          "team2": {
            "key": "innsbruck",
            "name": "FC Wacker Innsbruck",
            "code": "FCW"
          },
          "score1": 2,
          "score2": 0
        },
        {
          "date": "2012-08-05",
          "team1": {
            "key": "admira",
            "name": "FC Admira Wacker",
            "code": "ADM"
          },
          "team2": {
            "key": "wrneustadt",
            "name": "SC Wiener Neustadt",
            "code": "WRN"
          },
          "score1": 4,
          "score2": 0
        }
      ]
    },
    {
      "name": "4. Runde",
      "matches": [
        {
          "date": "2012-08-11",
          "team1": {
            "key": "innsbruck",
            "name": "FC Wacker Innsbruck",
            "code": "FCW"
          },
          "team2": {
            "key": "mattersburg",
            "name": "SV Mattersburg",
            "code": "MAT"
          },
          "score1": 2,
          "score2": 1
        },
        {
          "date": "2012-08-11",
          "team1": {
            "key": "sturm",
            "name": "SK Sturm Graz",
            "code": "STU"
          },
          "team2": {
            "key": "wac",
            "name": "Wolfsberger AC",
            "code": "WAC"
          },
          "score1": 4,
          "score2": 1
        },
        {
          "date": "2012-08-12",
          "team1": {
            "key": "salzburg",
            "name": "FC RB Salzburg",
            "code": "RBS"
          },
          "team2": {
            "key": "rapid",
            "name": "SK Rapid Wien",
            "code": "RAP"
          },
          "score1": 0,
          "score2": 2
        },
        {
          "date": "2012-08-12",
          "team1": {
            "key": "wrneustadt",
            "name": "SC Wiener Neustadt",
            "code": "WRN"
          },
          "team2": {
            "key": "ried",
            "name": "SV Ried",
            "code": "RIE"
          },
          "score1": 2,
          "score2": 3
        },
        {
          "date": "2012-08-12",
          "team1": {
            "key": "austria",
            "name": "FK Austria Wien",
            "code": "AUS"
          },
          "team2": {
            "key": "admira",
            "name": "FC Admira Wacker",
            "code": "ADM"
          },
          "score1": 1,
          "score2": 0
        }
      ]
    },
    {
      "name": "5. Runde",
      "matches": [
        {
          "date": "2012-08-18",
          "team1": {
            "key": "rapid",
            "name": "SK Rapid Wien",
            "code": "RAP"
          },
          "team2": {
            "key": "sturm",
            "name": "SK Sturm Graz",
            "code": "STU"
          },
          "score1": 3,
          "score2": 0
        },
        {
          "date": "2012-08-18",
          "team1": {
            "key": "admira",
            "name": "FC Admira Wacker",
            "code": "ADM"
          },
          "team2": {
            "key": "salzburg",
            "name": "FC RB Salzburg",
            "code": "RBS"
          },
          "score1": 4,
          "score2": 4
        },
        {
          "date": "2012-08-18",
          "team1": {
            "key": "innsbruck",
            "name": "FC Wacker Innsbruck",
            "code": "FCW"
          },
          "team2": {
            "key": "wrneustadt",
            "name": "SC Wiener Neustadt",
            "code": "WRN"
          },
          "score1": 2,
          "score2": 3
        },
        {
          "date": "2012-08-18",
          "team1": {
            "key": "wac",
            "name": "Wolfsberger AC",
            "code": "WAC"
          },
          "team2": {
            "key": "mattersburg",
            "name": "SV Mattersburg",
            "code": "MAT"
          },
          "score1": 0,
          "score2": 1
        },
        {
          "date": "2012-08-19",
          "team1": {
            "key": "ried",
            "name": "SV Ried",
            "code": "RIE"
          },
          "team2": {
            "key": "austria",
            "name": "FK Austria Wien",
            "code": "AUS"
          },
          "score1": 0,
          "score2": 1
        }
      ]
    },
    {
      "name": "6. Runde",
      "matches": [
        {
          "date": "2012-08-25",
          "team1": {
            "key": "mattersburg",
            "name": "SV Mattersburg",
            "code": "MAT"
          },
          "team2": {
            "key": "ried",
            "name": "SV Ried",
            "code": "RIE"
          },
          "score1": 2,
          "score2": 1
        },
        {
          "date": "2012-08-25",
          "team1": {
            "key": "austria",
            "name": "FK Austria Wien",
            "code": "AUS"
          },
          "team2": {
            "key": "innsbruck",
            "name": "FC Wacker Innsbruck",
            "code": "FCW"
          },
          "score1": 2,
          "score2": 0
        },
        {
          "date": "2012-08-25",
          "team1": {
            "key": "salzburg",
            "name": "FC RB Salzburg",
            "code": "RBS"
          },
          "team2": {
            "key": "wrneustadt",
            "name": "SC Wiener Neustadt",
            "code": "WRN"
          },
          "score1": 1,
          "score2": 1
        },
        {
          "date": "2012-08-25",
          "team1": {
            "key": "sturm",
            "name": "SK Sturm Graz",
            "code": "STU"
          },
          "team2": {
            "key": "admira",
            "name": "FC Admira Wacker",
            "code": "ADM"
          },
          "score1": 3,
          "score2": 2
        },
        {
          "date": "2012-08-26",
          "team1": {
            "key": "wac",
            "name": "Wolfsberger AC",
            "code": "WAC"
          },
          "team2": {
            "key": "rapid",
            "name": "SK Rapid Wien",
            "code": "RAP"
          },
          "score1": 1,
          "score2": 0
        }
      ]
    },
    {
      "name": "7. Runde",
      "matches": [
        {
          "date": "2012-09-01",
          "team1": {
            "key": "innsbruck",
            "name": "FC Wacker Innsbruck",
            "code": "FCW"
          },
          "team2": {
            "key": "salzburg",
            "name": "FC RB Salzburg",
            "code": "RBS"
          },
          "score1": 0,
          "score2": 4
        },
        {
          "date": "2012-09-01",
          "team1": {
            "key": "wrneustadt",
            "name": "SC Wiener Neustadt",
            "code": "WRN"
          },
          "team2": {
            "key": "austria",
            "name": "FK Austria Wien",
            "code": "AUS"
          },
          "score1": 0,
          "score2": 2
        },
        {
          "date": "2012-09-01",
          "team1": {
            "key": "ried",
            "name": "SV Ried",
            "code": "RIE"
          },
          "team2": {
            "key": "sturm",
            "name": "SK Sturm Graz",
            "code": "STU"
          },
          "score1": 0,
          "score2": 1
        },
        {
          "date": "2012-09-01",
          "team1": {
            "key": "admira",
            "name": "FC Admira Wacker",
            "code": "ADM"
          },
          "team2": {
            "key": "wac",
            "name": "Wolfsberger AC",
            "code": "WAC"
          },
          "score1": 1,
          "score2": 1
        },
        {
          "date": "2012-09-02",
          "team1": {
            "key": "rapid",
            "name": "SK Rapid Wien",
            "code": "RAP"
          },
          "team2": {
            "key": "mattersburg",
            "name": "SV Mattersburg",
            "code": "MAT"
          },
          "score1": 3,
          "score2": 0
        }
      ]
    },
    {
      "name": "8. Runde",
      "matches": [
        {
          "date": "2012-09-15",
          "team1": {
            "key": "wac",
            "name": "Wolfsberger AC",
            "code": "WAC"
          },
          "team2": {
            "key": "wrneustadt",
            "name": "SC Wiener Neustadt",
            "code": "WRN"
          },
          "score1": 6,
          "score2": 0
        },
        {
          "date": "2012-09-15",
          "team1": {
            "key": "sturm",
            "name": "SK Sturm Graz",
            "code": "STU"
          },
          "team2": {
            "key": "innsbruck",
            "name": "FC Wacker Innsbruck",
            "code": "FCW"
          },
          "score1": 3,
          "score2": 0
        },
        {
          "date": "2012-09-15",
          "team1": {
            "key": "rapid",
            "name": "SK Rapid Wien",
            "code": "RAP"
          },
          "team2": {
            "key": "admira",
            "name": "FC Admira Wacker",
            "code": "ADM"
          },
          "score1": 0,
          "score2": 0
        },
        {
          "date": "2012-09-15",
          "team1": {
            "key": "salzburg",
            "name": "FC RB Salzburg",
            "code": "RBS"
          },
          "team2": {
            "key": "ried",
            "name": "SV Ried",
            "code": "RIE"
          },
          "score1": 1,
          "score2": 1
        },
        {
          "date": "2012-09-16",
          "team1": {
            "key": "mattersburg",
            "name": "SV Mattersburg",
            "code": "MAT"
          },
          "team2": {
            "key": "austria",
            "name": "FK Austria Wien",
            "code": "AUS"
          },
          "score1": 2,
          "score2": 4
        }
      ]
    },
    {
      "name": "9. Runde",
      "matches": [
        {
          "date": "2012-09-22",
          "team1": {
            "key": "admira",
            "name": "FC Admira Wacker",
            "code": "ADM"
          },
          "team2": {
            "key": "mattersburg",
            "name": "SV Mattersburg",
            "code": "MAT"
          },
          "score1": 5,
          "score2": 1
        },
        {
          "date": "2012-09-22",
          "team1": {
            "key": "austria",
            "name": "FK Austria Wien",
            "code": "AUS"
          },
          "team2": {
            "key": "salzburg",
            "name": "FC RB Salzburg",
            "code": "RBS"
          },
          "score1": 0,
          "score2": 1
        },
        {
          "date": "2012-09-22",
          "team1": {
            "key": "wrneustadt",
            "name": "SC Wiener Neustadt",
            "code": "WRN"
          },
          "team2": {
            "key": "sturm",
            "name": "SK Sturm Graz",
            "code": "STU"
          },
          "score1": 1,
          "score2": 1
        },
        {
          "date": "2012-09-22",
          "team1": {
            "key": "innsbruck",
            "name": "FC Wacker Innsbruck",
            "code": "FCW"
          },
          "team2": {
            "key": "wac",
            "name": "Wolfsberger AC",
            "code": "WAC"
          },
          "score1": 0,
          "score2": 1
        },
        {
          "date": "2012-09-23",
          "team1": {
            "key": "ried",
            "name": "SV Ried",
            "code": "RIE"
          },
          "team2": {
            "key": "rapid",
            "name": "SK Rapid Wien",
            "code": "RAP"
          },
          "score1": 0,
          "score2": 2
        }
      ]
    },
    {
      "name": "10. Runde",
      "matches": [
        {
          "date": "2012-09-29",
          "team1": {
            "key": "austria",
            "name": "FK Austria Wien",
            "code": "AUS"
          },
          "team2": {
            "key": "wac",
            "name": "Wolfsberger AC",
            "code": "WAC"
          },
          "score1": 1,
          "score2": 1
        },
        {
          "date": "2012-09-29",
          "team1": {
            "key": "ried",
            "name": "SV Ried",
            "code": "RIE"
          },
          "team2": {
            "key": "admira",
            "name": "FC Admira Wacker",
            "code": "ADM"
          },
          "score1": 1,
          "score2": 1
        },
        {
          "date": "2012-09-29",
          "team1": {
            "key": "innsbruck",
            "name": "FC Wacker Innsbruck",
            "code": "FCW"
          },
          "team2": {
            "key": "rapid",
            "name": "SK Rapid Wien",
            "code": "RAP"
          },
          "score1": 0,
          "score2": 2
        },
        {
          "date": "2012-09-29",
          "team1": {
            "key": "wrneustadt",
            "name": "SC Wiener Neustadt",
            "code": "WRN"
          },
          "team2": {
            "key": "mattersburg",
            "name": "SV Mattersburg",
            "code": "MAT"
          },
          "score1": 0,
          "score2": 0
        },
        {
          "date": "2012-09-30",
          "team1": {
            "key": "salzburg",
            "name": "FC RB Salzburg",
            "code": "RBS"
          },
          "team2": {
            "key": "sturm",
            "name": "SK Sturm Graz",
            "code": "STU"
          },
          "score1": 3,
          "score2": 2
        }
      ]
    },
    {
      "name": "11. Runde",
      "matches": [
        {
          "date": "2012-10-06",
          "team1": {
            "key": "wac",
            "name": "Wolfsberger AC",
            "code": "WAC"
          },
          "team2": {
            "key": "ried",
            "name": "SV Ried",
            "code": "RIE"
          },
          "score1": 2,
          "score2": 5
        },
        {
          "date": "2012-10-06",
          "team1": {
            "key": "admira",
            "name": "FC Admira Wacker",
            "code": "ADM"
          },
          "team2": {
            "key": "innsbruck",
            "name": "FC Wacker Innsbruck",
            "code": "FCW"
          },
          "score1": 4,
          "score2": 1
        },
        {
          "date": "2012-10-06",
          "team1": {
            "key": "mattersburg",
            "name": "SV Mattersburg",
            "code": "MAT"
          },
          "team2": {
            "key": "salzburg",
            "name": "FC RB Salzburg",
            "code": "RBS"
          },
          "score1": 1,
          "score2": 3
        },
        {
          "date": "2012-10-07",
          "team1": {
            "key": "sturm",
            "name": "SK Sturm Graz",
            "code": "STU"
          },
          "team2": {
            "key": "austria",
            "name": "FK Austria Wien",
            "code": "AUS"
          },
          "score1": 1,
          "score2": 1
        },
        {
          "date": "2012-10-07",
          "team1": {
            "key": "rapid",
            "name": "SK Rapid Wien",
            "code": "RAP"
          },
          "team2": {
            "key": "wrneustadt",
            "name": "SC Wiener Neustadt",
            "code": "WRN"
          },
          "score1": 1,
          "score2": 1
        }
      ]
    },
    {
      "name": "12. Runde",
      "matches": [
        {
          "date": "2012-10-20",
          "team1": {
            "key": "salzburg",
            "name": "FC RB Salzburg",
            "code": "RBS"
          },
          "team2": {
            "key": "wac",
            "name": "Wolfsberger AC",
            "code": "WAC"
          },
          "score1": 4,
          "score2": 1
        },
        {
          "date": "2012-10-20",
          "team1": {
            "key": "wrneustadt",
            "name": "SC Wiener Neustadt",
            "code": "WRN"
          },
          "team2": {
            "key": "admira",
            "name": "FC Admira Wacker",
            "code": "ADM"
          },
          "score1": 2,
          "score2": 1
        },
        {
          "date": "2012-10-20",
          "team1": {
            "key": "sturm",
            "name": "SK Sturm Graz",
            "code": "STU"
          },
          "team2": {
            "key": "mattersburg",
            "name": "SV Mattersburg",
            "code": "MAT"
          },
          "score1": 0,
          "score2": 0
        },
        {
          "date": "2012-10-20",
          "team1": {
            "key": "innsbruck",
            "name": "FC Wacker Innsbruck",
            "code": "FCW"
          },
          "team2": {
            "key": "ried",
            "name": "SV Ried",
            "code": "RIE"
          },
          "score1": 1,
          "score2": 0
        },
        {
          "date": "2012-10-21",
          "team1": {
            "key": "austria",
            "name": "FK Austria Wien",
            "code": "AUS"
          },
          "team2": {
            "key": "rapid",
            "name": "SK Rapid Wien",
            "code": "RAP"
          },
          "score1": 2,
          "score2": 0
        }
      ]
    },
    {
      "name": "13. Runde",
      "matches": [
        {
          "date": "2012-10-27",
          "team1": {
            "key": "ried",
            "name": "SV Ried",
            "code": "RIE"
          },
          "team2": {
            "key": "wrneustadt",
            "name": "SC Wiener Neustadt",
            "code": "WRN"
          },
          "score1": 3,
          "score2": 1
        },
        {
          "date": "2012-10-27",
          "team1": {
            "key": "mattersburg",
            "name": "SV Mattersburg",
            "code": "MAT"
          },
          "team2": {
            "key": "innsbruck",
            "name": "FC Wacker Innsbruck",
            "code": "FCW"
          },
          "score1": 1,
          "score2": 2
        },
        {
          "date": "2012-10-27",
          "team1": {
            "key": "admira",
            "name": "FC Admira Wacker",
            "code": "ADM"
          },
          "team2": {
            "key": "austria",
            "name": "FK Austria Wien",
            "code": "AUS"
          },
          "score1": 4,
          "score2": 6
        },
        {
          "date": "2012-10-27",
          "team1": {
            "key": "wac",
            "name": "Wolfsberger AC",
            "code": "WAC"
          },
          "team2": {
            "key": "sturm",
            "name": "SK Sturm Graz",
            "code": "STU"
          },
          "score1": 0,
          "score2": 0
        },
        {
          "date": "2012-10-28",
          "team1": {
            "key": "rapid",
            "name": "SK Rapid Wien",
            "code": "RAP"
          },
          "team2": {
            "key": "salzburg",
            "name": "FC RB Salzburg",
            "code": "RBS"
          },
          "score1": 2,
          "score2": 0
        }
      ]
    },
    {
      "name": "14. Runde",
      "matches": [
        {
          "date": "2012-11-03",
          "team1": {
            "key": "wrneustadt",
            "name": "SC Wiener Neustadt",
            "code": "WRN"
          },
          "team2": {
            "key": "innsbruck",
            "name": "FC Wacker Innsbruck",
            "code": "FCW"
          },
          "score1": 0,
          "score2": 1
        },
        {
          "date": "2012-11-03",
          "team1": {
            "key": "sturm",
            "name": "SK Sturm Graz",
            "code": "STU"
          },
          "team2": {
            "key": "rapid",
            "name": "SK Rapid Wien",
            "code": "RAP"
          },
          "score1": 2,
          "score2": 1
        },
        {
          "date": "2012-11-03",
          "team1": {
            "key": "salzburg",
            "name": "FC RB Salzburg",
            "code": "RBS"
          },
          "team2": {
            "key": "admira",
            "name": "FC Admira Wacker",
            "code": "ADM"
          },
          "score1": 5,
          "score2": 0
        },
        {
          "date": "2012-11-03",
          "team1": {
            "key": "mattersburg",
            "name": "SV Mattersburg",
            "code": "MAT"
          },
          "team2": {
            "key": "wac",
            "name": "Wolfsberger AC",
            "code": "WAC"
          },
          "score1": 1,
          "score2": 1
        },
        {
          "date": "2012-11-04",
          "team1": {
            "key": "austria",
            "name": "FK Austria Wien",
            "code": "AUS"
          },
          "team2": {
            "key": "ried",
            "name": "SV Ried",
            "code": "RIE"
          },
          "score1": 6,
          "score2": 1
        }
      ]
    },
    {
      "name": "15. Runde",
      "matches": [
        {
          "date": "2012-11-10",
          "team1": {
            "key": "admira",
            "name": "FC Admira Wacker",
            "code": "ADM"
          },
          "team2": {
            "key": "sturm",
            "name": "SK Sturm Graz",
            "code": "STU"
          },
          "score1": 1,
          "score2": 2
        },
        {
          "date": "2012-11-10",
          "team1": {
            "key": "innsbruck",
            "name": "FC Wacker Innsbruck",
            "code": "FCW"
          },
          "team2": {
            "key": "austria",
            "name": "FK Austria Wien",
            "code": "AUS"
          },
          "score1": 0,
          "score2": 3
        },
        {
          "date": "2012-11-10",
          "team1": {
            "key": "ried",
            "name": "SV Ried",
            "code": "RIE"
          },
          "team2": {
            "key": "mattersburg",
            "name": "SV Mattersburg",
            "code": "MAT"
          },
          "score1": 6,
          "score2": 1
        },
        {
          "date": "2012-11-11",
          "team1": {
            "key": "wrneustadt",
            "name": "SC Wiener Neustadt",
            "code": "WRN"
          },
          "team2": {
            "key": "salzburg",
            "name": "FC RB Salzburg",
            "code": "RBS"
          },
          "score1": 0,
          "score2": 3
        },
        {
          "date": "2012-11-11",
          "team1": {
            "key": "rapid",
            "name": "SK Rapid Wien",
            "code": "RAP"
          },
          "team2": {
            "key": "wac",
            "name": "Wolfsberger AC",
            "code": "WAC"
          },
          "score1": 0,
          "score2": 2
        }
      ]
    },
    {
      "name": "16. Runde",
      "matches": [
        {
          "date": "2012-11-17",
          "team1": {
            "key": "salzburg",
            "name": "FC RB Salzburg",
            "code": "RBS"
          },
          "team2": {
            "key": "innsbruck",
            "name": "FC Wacker Innsbruck",
            "code": "FCW"
          },
          "score1": 2,
          "score2": 0
        },
        {
          "date": "2012-11-17",
          "team1": {
            "key": "austria",
            "name": "FK Austria Wien",
            "code": "AUS"
          },
          "team2": {
            "key": "wrneustadt",
            "name": "SC Wiener Neustadt",
            "code": "WRN"
          },
          "score1": 3,
          "score2": 0
        },
        {
          "date": "2012-11-17",
          "team1": {
            "key": "mattersburg",
            "name": "SV Mattersburg",
            "code": "MAT"
          },
          "team2": {
            "key": "rapid",
            "name": "SK Rapid Wien",
            "code": "RAP"
          },
          "score1": 0,
          "score2": 3
        },
        {
          "date": "2012-11-17",
          "team1": {
            "key": "sturm",
            "name": "SK Sturm Graz",
            "code": "STU"
          },
          "team2": {
            "key": "ried",
            "name": "SV Ried",
            "code": "RIE"
          },
          "score1": 3,
          "score2": 1
        },
        {
          "date": "2012-11-17",
          "team1": {
            "key": "wac",
            "name": "Wolfsberger AC",
            "code": "WAC"
          },
          "team2": {
            "key": "admira",
            "name": "FC Admira Wacker",
            "code": "ADM"
          },
          "score1": 1,
          "score2": 1
        }
      ]
    },
    {
      "name": "17. Runde",
      "matches": [
        {
          "date": "2012-11-24",
          "team1": {
            "key": "innsbruck",
            "name": "FC Wacker Innsbruck",
            "code": "FCW"
          },
          "team2": {
            "key": "sturm",
            "name": "SK Sturm Graz",
            "code": "STU"
          },
          "score1": 0,
          "score2": 3
        },
        {
          "date": "2012-11-24",
          "team1": {
            "key": "admira",
            "name": "FC Admira Wacker",
            "code": "ADM"
          },
          "team2": {
            "key": "rapid",
            "name": "SK Rapid Wien",
            "code": "RAP"
          },
          "score1": 0,
          "score2": 2
        },
        {
          "date": "2012-11-24",
          "team1": {
            "key": "austria",
            "name": "FK Austria Wien",
            "code": "AUS"
          },
          "team2": {
            "key": "mattersburg",
            "name": "SV Mattersburg",
            "code": "MAT"
          },
          "score1": 3,
          "score2": 1
        },
        {
          "date": "2012-11-24",
          "team1": {
            "key": "ried",
            "name": "SV Ried",
            "code": "RIE"
          },
          "team2": {
            "key": "salzburg",
            "name": "FC RB Salzburg",
            "code": "RBS"
          },
          "score1": 3,
          "score2": 1
        },
        {
          "date": "2012-11-24",
          "team1": {
            "key": "wrneustadt",
            "name": "SC Wiener Neustadt",
            "code": "WRN"
          },
          "team2": {
            "key": "wac",
            "name": "Wolfsberger AC",
            "code": "WAC"
          },
          "score1": 2,
          "score2": 1
        }
      ]
    },
    {
      "name": "18. Runde",
      "matches": [
        {
          "date": "2012-12-01",
          "team1": {
            "key": "sturm",
            "name": "SK Sturm Graz",
            "code": "STU"
          },
          "team2": {
            "key": "wrneustadt",
            "name": "SC Wiener Neustadt",
            "code": "WRN"
          },
          "score1": 3,
          "score2": 1
        },
        {
          "date": "2012-12-01",
          "team1": {
            "key": "rapid",
            "name": "SK Rapid Wien",
            "code": "RAP"
          },
          "team2": {
            "key": "ried",
            "name": "SV Ried",
            "code": "RIE"
          },
          "score1": 4,
          "score2": 3
        },
        {
          "date": "2012-12-01",
          "team1": {
            "key": "salzburg",
            "name": "FC RB Salzburg",
            "code": "RBS"
          },
          "team2": {
            "key": "austria",
            "name": "FK Austria Wien",
            "code": "AUS"
          },
          "score1": 0,
          "score2": 0
        },
        {
          "date": "2012-12-01",
          "team1": {
            "key": "mattersburg",
            "name": "SV Mattersburg",
            "code": "MAT"
          },
          "team2": {
            "key": "admira",
            "name": "FC Admira Wacker",
            "code": "ADM"
          },
          "score1": 3,
          "score2": 0
        },
        {
          "date": "2012-12-01",
          "team1": {
            "key": "wac",
            "name": "Wolfsberger AC",
            "code": "WAC"
          },
          "team2": {
            "key": "innsbruck",
            "name": "FC Wacker Innsbruck",
            "code": "FCW"
          },
          "score1": 2,
          "score2": 2
        }
      ]
    },
    {
      "name": "19. Runde",
      "matches": [
        {
          "date": "2012-12-08",
          "team1": {
            "key": "mattersburg",
            "name": "SV Mattersburg",
            "code": "MAT"
          },
          "team2": {
            "key": "wrneustadt",
            "name": "SC Wiener Neustadt",
            "code": "WRN"
          },
          "score1": 1,
          "score2": 0
        },
        {
          "date": "2012-12-08",
          "team1": {
            "key": "admira",
            "name": "FC Admira Wacker",
            "code": "ADM"
          },
          "team2": {
            "key": "ried",
            "name": "SV Ried",
            "code": "RIE"
          },
          "score1": 0,
          "score2": 3
        },
        {
          "date": "2012-12-08",
          "team1": {
            "key": "rapid",
            "name": "SK Rapid Wien",
            "code": "RAP"
          },
          "team2": {
            "key": "innsbruck",
            "name": "FC Wacker Innsbruck",
            "code": "FCW"
          },
          "score1": 2,
          "score2": 1
        },
        {
          "date": "2012-12-08",
          "team1": {
            "key": "sturm",
            "name": "SK Sturm Graz",
            "code": "STU"
          },
          "team2": {
            "key": "salzburg",
            "name": "FC RB Salzburg",
            "code": "RBS"
          },
          "score1": 1,
          "score2": 1
        },
        {
          "date": "2012-12-08",
          "team1": {
            "key": "wac",
            "name": "Wolfsberger AC",
            "code": "WAC"
          },
          "team2": {
            "key": "austria",
            "name": "FK Austria Wien",
            "code": "AUS"
          },
          "score1": 3,
          "score2": 6
        }
      ]
    },
    {
      "name": "20. Runde",
      "matches": [
        {
          "date": "2012-12-15",
          "team1": {
            "key": "salzburg",
            "name": "FC RB Salzburg",
            "code": "RBS"
          },
          "team2": {
            "key": "mattersburg",
            "name": "SV Mattersburg",
            "code": "MAT"
          },
          "score1": 7,
          "score2": 0
        },
        {
          "date": "2012-12-15",
          "team1": {
            "key": "innsbruck",
            "name": "FC Wacker Innsbruck",
            "code": "FCW"
          },
          "team2": {
            "key": "admira",
            "name": "FC Admira Wacker",
            "code": "ADM"
          },
          "score1": 3,
          "score2": 1
        },
        {
          "date": "2012-12-15",
          "team1": {
            "key": "austria",
            "name": "FK Austria Wien",
            "code": "AUS"
          },
          "team2": {
            "key": "sturm",
            "name": "SK Sturm Graz",
            "code": "STU"
          },
          "score1": 3,
          "score2": 1
        },
        {
          "date": "2012-12-15",
          "team1": {
            "key": "wrneustadt",
            "name": "SC Wiener Neustadt",
            "code": "WRN"
          },
          "team2": {
            "key": "rapid",
            "name": "SK Rapid Wien",
            "code": "RAP"
          },
          "score1": 1,
          "score2": 0
        },
        {
          "date": "2013-02-20",
          "team1": {
            "key": "ried",
            "name": "SV Ried",
            "code": "RIE"
          },
          "team2": {
            "key": "wac",
            "name": "Wolfsberger AC",
            "code": "WAC"
          },
          "score1": 1,
          "score2": 1
        }
      ]
    },
    {
      "name": "21. Runde",
      "matches": [
        {
          "date": "2013-02-16",
          "team1": {
            "key": "ried",
            "name": "SV Ried",
            "code": "RIE"
          },
          "team2": {
            "key": "innsbruck",
            "name": "FC Wacker Innsbruck",
            "code": "FCW"
          },
          "score1": 3,
          "score2": 0
        },
        {
          "date": "2013-02-16",
          "team1": {
            "key": "rapid",
            "name": "SK Rapid Wien",
            "code": "RAP"
          },
          "team2": {
            "key": "austria",
            "name": "FK Austria Wien",
            "code": "AUS"
          },
          "score1": 1,
          "score2": 2
        },
        {
          "date": "2013-02-16",
          "team1": {
            "key": "mattersburg",
            "name": "SV Mattersburg",
            "code": "MAT"
          },
          "team2": {
            "key": "sturm",
            "name": "SK Sturm Graz",
            "code": "STU"
          },
          "score1": 0,
          "score2": 0
        },
        {
          "date": "2013-02-16",
          "team1": {
            "key": "admira",
            "name": "FC Admira Wacker",
            "code": "ADM"
          },
          "team2": {
            "key": "wrneustadt",
            "name": "SC Wiener Neustadt",
            "code": "WRN"
          },
          "score1": 1,
          "score2": 2
        },
        {
          "date": "2013-03-06",
          "team1": {
            "key": "wac",
            "name": "Wolfsberger AC",
            "code": "WAC"
          },
          "team2": {
            "key": "salzburg",
            "name": "FC RB Salzburg",
            "code": "RBS"
          },
          "score1": 1,
          "score2": 1
        }
      ]
    },
    {
      "name": "22. Runde",
      "matches": [
        {
          "date": "2013-02-23",
          "team1": {
            "key": "wrneustadt",
            "name": "SC Wiener Neustadt",
            "code": "WRN"
          },
          "team2": {
            "key": "ried",
            "name": "SV Ried",
            "code": "RIE"
          },
          "score1": 0,
          "score2": 0
        },
        {
          "date": "2013-02-23",
          "team1": {
            "key": "sturm",
            "name": "SK Sturm Graz",
            "code": "STU"
          },
          "team2": {
            "key": "wac",
            "name": "Wolfsberger AC",
            "code": "WAC"
          },
          "score1": 1,
          "score2": 3
        },
        {
          "date": "2013-02-23",
          "team1": {
            "key": "salzburg",
            "name": "FC RB Salzburg",
            "code": "RBS"
          },
          "team2": {
            "key": "rapid",
            "name": "SK Rapid Wien",
            "code": "RAP"
          },
          "score1": 3,
          "score2": 3
        },
        {
          "date": "2013-02-23",
          "team1": {
            "key": "austria",
            "name": "FK Austria Wien",
            "code": "AUS"
          },
          "team2": {
            "key": "admira",
            "name": "FC Admira Wacker",
            "code": "ADM"
          },
          "score1": 4,
          "score2": 0
        },
        {
          "date": "2013-02-23",
          "team1": {
            "key": "innsbruck",
            "name": "FC Wacker Innsbruck",
            "code": "FCW"
          },
          "team2": {
            "key": "mattersburg",
            "name": "SV Mattersburg",
            "code": "MAT"
          },
          "score1": 2,
          "score2": 0
        }
      ]
    },
    {
      "name": "23. Runde",
      "matches": [
        {
          "date": "2013-02-26",
          "team1": {
            "key": "ried",
            "name": "SV Ried",
            "code": "RIE"
          },
          "team2": {
            "key": "austria",
            "name": "FK Austria Wien",
            "code": "AUS"
          },
          "score1": 1,
          "score2": 3
        },
        {
          "date": "2013-02-26",
          "team1": {
            "key": "rapid",
            "name": "SK Rapid Wien",
            "code": "RAP"
          },
          "team2": {
            "key": "sturm",
            "name": "SK Sturm Graz",
            "code": "STU"
          },
          "score1": 1,
          "score2": 1
        },
        {
          "date": "2013-02-26",
          "team1": {
            "key": "innsbruck",
            "name": "FC Wacker Innsbruck",
            "code": "FCW"
          },
          "team2": {
            "key": "wrneustadt",
            "name": "SC Wiener Neustadt",
            "code": "WRN"
          },
          "score1": 1,
          "score2": 0
        },
        {
          "date": "2013-03-13",
          "team1": {
            "key": "wac",
            "name": "Wolfsberger AC",
            "code": "WAC"
          },
          "team2": {
            "key": "mattersburg",
            "name": "SV Mattersburg",
            "code": "MAT"
          },
          "score1": 1,
          "score2": 0
        },
        {
          "date": "2013-03-13",
          "team1": {
            "key": "admira",
            "name": "FC Admira Wacker",
            "code": "ADM"
          },
          "team2": {
            "key": "salzburg",
            "name": "FC RB Salzburg",
            "code": "RBS"
          },
          "score1": 1,
          "score2": 1
        }
      ]
    },
    {
      "name": "24. Runde",
      "matches": [
        {
          "date": "2013-03-02",
          "team1": {
            "key": "sturm",
            "name": "SK Sturm Graz",
            "code": "STU"
          },
          "team2": {
            "key": "admira",
            "name": "FC Admira Wacker",
            "code": "ADM"
          },
          "score1": 1,
          "score2": 2
        },
        {
          "date": "2013-03-02",
          "team1": {
            "key": "salzburg",
            "name": "FC RB Salzburg",
            "code": "RBS"
          },
          "team2": {
            "key": "wrneustadt",
            "name": "SC Wiener Neustadt",
            "code": "WRN"
          },
          "score1": 3,
          "score2": 1
        },
        {
          "date": "2013-03-02",
          "team1": {
            "key": "austria",
            "name": "FK Austria Wien",
            "code": "AUS"
          },
          "team2": {
            "key": "innsbruck",
            "name": "FC Wacker Innsbruck",
            "code": "FCW"
          },
          "score1": 4,
          "score2": 0
        },
        {
          "date": "2013-03-02",
          "team1": {
            "key": "mattersburg",
            "name": "SV Mattersburg",
            "code": "MAT"
          },
          "team2": {
            "key": "ried",
            "name": "SV Ried",
            "code": "RIE"
          },
          "score1": 1,
          "score2": 0
        },
        {
          "date": "2013-03-02",
          "team1": {
            "key": "wac",
            "name": "Wolfsberger AC",
            "code": "WAC"
          },
          "team2": {
            "key": "rapid",
            "name": "SK Rapid Wien",
            "code": "RAP"
          },
          "score1": 2,
          "score2": 1
        }
      ]
    },
    {
      "name": "25. Runde",
      "matches": [
        {
          "date": "2013-03-09",
          "team1": {
            "key": "wrneustadt",
            "name": "SC Wiener Neustadt",
            "code": "WRN"
          },
          "team2": {
            "key": "austria",
            "name": "FK Austria Wien",
            "code": "AUS"
          },
          "score1": 0,
          "score2": 0
        },
        {
          "date": "2013-03-09",
          "team1": {
            "key": "ried",
            "name": "SV Ried",
            "code": "RIE"
          },
          "team2": {
            "key": "sturm",
            "name": "SK Sturm Graz",
            "code": "STU"
          },
          "score1": 1,
          "score2": 2
        },
        {
          "date": "2013-03-09",
          "team1": {
            "key": "rapid",
            "name": "SK Rapid Wien",
            "code": "RAP"
          },
          "team2": {
            "key": "mattersburg",
            "name": "SV Mattersburg",
            "code": "MAT"
          },
          "score1": 2,
          "score2": 2
        },
        {
          "date": "2013-03-09",
          "team1": {
            "key": "admira",
            "name": "FC Admira Wacker",
            "code": "ADM"
          },
          "team2": {
            "key": "wac",
            "name": "Wolfsberger AC",
            "code": "WAC"
          },
          "score1": 0,
          "score2": 1
        },
        {
          "date": "2013-03-10",
          "team1": {
            "key": "innsbruck",
            "name": "FC Wacker Innsbruck",
            "code": "FCW"
          },
          "team2": {
            "key": "salzburg",
            "name": "FC RB Salzburg",
            "code": "RBS"
          },
          "score1": 2,
          "score2": 3
        }
      ]
    },
    {
      "name": "26. Runde",
      "matches": [
        {
          "date": "2013-03-16",
          "team1": {
            "key": "rapid",
            "name": "SK Rapid Wien",
            "code": "RAP"
          },
          "team2": {
            "key": "admira",
            "name": "FC Admira Wacker",
            "code": "ADM"
          },
          "score1": 1,
          "score2": 1
        },
        {
          "date": "2013-03-16",
          "team1": {
            "key": "sturm",
            "name": "SK Sturm Graz",
            "code": "STU"
          },
          "team2": {
            "key": "innsbruck",
            "name": "FC Wacker Innsbruck",
            "code": "FCW"
          },
          "score1": 3,
          "score2": 2
        },
        {
          "date": "2013-03-16",
          "team1": {
            "key": "salzburg",
            "name": "FC RB Salzburg",
            "code": "RBS"
          },
          "team2": {
            "key": "ried",
            "name": "SV Ried",
            "code": "RIE"
          },
          "score1": 2,
          "score2": 2
        },
        {
          "date": "2013-03-16",
          "team1": {
            "key": "wac",
            "name": "Wolfsberger AC",
            "code": "WAC"
          },
          "team2": {
            "key": "wrneustadt",
            "name": "SC Wiener Neustadt",
            "code": "WRN"
          },
          "score1": 1,
          "score2": 1
        },
        {
          "date": "2013-03-17",
          "team1": {
            "key": "mattersburg",
            "name": "SV Mattersburg",
            "code": "MAT"
          },
          "team2": {
            "key": "austria",
            "name": "FK Austria Wien",
            "code": "AUS"
          },
          "score1": 0,
          "score2": 4
        }
      ]
    },
    {
      "name": "27. Runde",
      "matches": [
        {
          "date": "2013-03-30",
          "team1": {
            "key": "admira",
            "name": "FC Admira Wacker",
            "code": "ADM"
          },
          "team2": {
            "key": "mattersburg",
            "name": "SV Mattersburg",
            "code": "MAT"
          },
          "score1": 1,
          "score2": 0
        },
        {
          "date": "2013-03-30",
          "team1": {
            "key": "ried",
            "name": "SV Ried",
            "code": "RIE"
          },
          "team2": {
            "key": "rapid",
            "name": "SK Rapid Wien",
            "code": "RAP"
          },
          "score1": 3,
          "score2": 2
        },
        {
          "date": "2013-03-30",
          "team1": {
            "key": "wrneustadt",
            "name": "SC Wiener Neustadt",
            "code": "WRN"
          },
          "team2": {
            "key": "sturm",
            "name": "SK Sturm Graz",
            "code": "STU"
          },
          "score1": 1,
          "score2": 0
        },
        {
          "date": "2013-03-30",
          "team1": {
            "key": "innsbruck",
            "name": "FC Wacker Innsbruck",
            "code": "FCW"
          },
          "team2": {
            "key": "wac",
            "name": "Wolfsberger AC",
            "code": "WAC"
          },
          "score1": 2,
          "score2": 3
        },
        {
          "date": "2013-03-31",
          "team1": {
            "key": "austria",
            "name": "FK Austria Wien",
            "code": "AUS"
          },
          "team2": {
            "key": "salzburg",
            "name": "FC RB Salzburg",
            "code": "RBS"
          },
          "score1": 1,
          "score2": 1
        }
      ]
    },
    {
      "name": "28. Runde",
      "matches": [
        {
          "date": "2013-04-06",
          "team1": {
            "key": "salzburg",
            "name": "FC RB Salzburg",
            "code": "RBS"
          },
          "team2": {
            "key": "sturm",
            "name": "SK Sturm Graz",
            "code": "STU"
          },
          "score1": 3,
          "score2": 0
        },
        {
          "date": "2013-04-06",
          "team1": {
            "key": "innsbruck",
            "name": "FC Wacker Innsbruck",
            "code": "FCW"
          },
          "team2": {
            "key": "rapid",
            "name": "SK Rapid Wien",
            "code": "RAP"
          },
          "score1": 1,
          "score2": 1
        },
        {
          "date": "2013-04-06",
          "team1": {
            "key": "wrneustadt",
            "name": "SC Wiener Neustadt",
            "code": "WRN"
          },
          "team2": {
            "key": "mattersburg",
            "name": "SV Mattersburg",
            "code": "MAT"
          },
          "score1": 0,
          "score2": 0
        },
        {
          "date": "2013-04-06",
          "team1": {
            "key": "austria",
            "name": "FK Austria Wien",
            "code": "AUS"
          },
          "team2": {
            "key": "wac",
            "name": "Wolfsberger AC",
            "code": "WAC"
          },
          "score1": 0,
          "score2": 4
        },
        {
          "date": "2013-04-06",
          "team1": {
            "key": "ried",
            "name": "SV Ried",
            "code": "RIE"
          },
          "team2": {
            "key": "admira",
            "name": "FC Admira Wacker",
            "code": "ADM"
          },
          "score1": 4,
          "score2": 1
        }
      ]
    },
    {
      "name": "29. Runde",
      "matches": [
        {
          "date": "2013-04-13",
          "team1": {
            "key": "wac",
            "name": "Wolfsberger AC",
            "code": "WAC"
          },
          "team2": {
            "key": "ried",
            "name": "SV Ried",
            "code": "RIE"
          },
          "score1": 1,
          "score2": 3
        },
        {
          "date": "2013-04-13",
          "team1": {
            "key": "rapid",
            "name": "SK Rapid Wien",
            "code": "RAP"
          },
          "team2": {
            "key": "wrneustadt",
            "name": "SC Wiener Neustadt",
            "code": "WRN"
          },
          "score1": 2,
          "score2": 0
        },
        {
          "date": "2013-04-13",
          "team1": {
            "key": "mattersburg",
            "name": "SV Mattersburg",
            "code": "MAT"
          },
          "team2": {
            "key": "salzburg",
            "name": "FC RB Salzburg",
            "code": "RBS"
          },
          "score1": 1,
          "score2": 2
        },
        {
          "date": "2013-04-13",
          "team1": {
            "key": "sturm",
            "name": "SK Sturm Graz",
            "code": "STU"
          },
          "team2": {
            "key": "austria",
            "name": "FK Austria Wien",
            "code": "AUS"
          },
          "score1": 1,
          "score2": 1
        },
        {
          "date": "2013-04-13",
          "team1": {
            "key": "admira",
            "name": "FC Admira Wacker",
            "code": "ADM"
          },
          "team2": {
            "key": "innsbruck",
            "name": "FC Wacker Innsbruck",
            "code": "FCW"
          },
          "score1": 4,
          "score2": 3
        }
      ]
    },
    {
      "name": "30. Runde",
      "matches": [
        {
          "date": "2013-04-20",
          "team1": {
            "key": "innsbruck",
            "name": "FC Wacker Innsbruck",
            "code": "FCW"
          },
          "team2": {
            "key": "ried",
            "name": "SV Ried",
            "code": "RIE"
          },
          "score1": 2,
          "score2": 0
        },
        {
          "date": "2013-04-20",
          "team1": {
            "key": "austria",
            "name": "FK Austria Wien",
            "code": "AUS"
          },
          "team2": {
            "key": "rapid",
            "name": "SK Rapid Wien",
            "code": "RAP"
          },
          "score1": 2,
          "score2": 2
        },
        {
          "date": "2013-04-20",
          "team1": {
            "key": "sturm",
            "name": "SK Sturm Graz",
            "code": "STU"
          },
          "team2": {
            "key": "mattersburg",
            "name": "SV Mattersburg",
            "code": "MAT"
          },
          "score1": 2,
          "score2": 2
        },
        {
          "date": "2013-04-20",
          "team1": {
            "key": "salzburg",
            "name": "FC RB Salzburg",
            "code": "RBS"
          },
          "team2": {
            "key": "wac",
            "name": "Wolfsberger AC",
            "code": "WAC"
          },
          "score1": 6,
          "score2": 2
        },
        {
          "date": "2013-04-20",
          "team1": {
            "key": "wrneustadt",
            "name": "SC Wiener Neustadt",
            "code": "WRN"
          },
          "team2": {
            "key": "admira",
            "name": "FC Admira Wacker",
            "code": "ADM"
          },
          "score1": 3,
          "score2": 0
        }
      ]
    },
    {
      "name": "31. Runde",
      "matches": [
        {
          "date": "2013-04-27",
          "team1": {
            "key": "ried",
            "name": "SV Ried",
            "code": "RIE"
          },
          "team2": {
            "key": "wrneustadt",
            "name": "SC Wiener Neustadt",
            "code": "WRN"
          },
          "score1": 2,
          "score2": 1
        },
        {
          "date": "2013-04-27",
          "team1": {
            "key": "wac",
            "name": "Wolfsberger AC",
            "code": "WAC"
          },
          "team2": {
            "key": "sturm",
            "name": "SK Sturm Graz",
            "code": "STU"
          },
          "score1": 3,
          "score2": 0
        },
        {
          "date": "2013-04-27",
          "team1": {
            "key": "rapid",
            "name": "SK Rapid Wien",
            "code": "RAP"
          },
          "team2": {
            "key": "salzburg",
            "name": "FC RB Salzburg",
            "code": "RBS"
          },
          "score1": 1,
          "score2": 3
        },
        {
          "date": "2013-04-27",
          "team1": {
            "key": "admira",
            "name": "FC Admira Wacker",
            "code": "ADM"
          },
          "team2": {
            "key": "austria",
            "name": "FK Austria Wien",
            "code": "AUS"
          },
          "score1": 0,
          "score2": 2
        },
        {
          "date": "2013-04-27",
          "team1": {
            "key": "mattersburg",
            "name": "SV Mattersburg",
            "code": "MAT"
          },
          "team2": {
            "key": "innsbruck",
            "name": "FC Wacker Innsbruck",
            "code": "FCW"
          },
          "score1": 1,
          "score2": 2
        }
      ]
    },
    {
      "name": "32. Runde",
      "matches": [
        {
          "date": "2013-05-04",
          "team1": {
            "key": "austria",
            "name": "FK Austria Wien",
            "code": "AUS"
          },
          "team2": {
            "key": "ried",
            "name": "SV Ried",
            "code": "RIE"
          },
          "score1": 3,
          "score2": 1
        },
        {
          "date": "2013-05-04",
          "team1": {
            "key": "sturm",
            "name": "SK Sturm Graz",
            "code": "STU"
          },
          "team2": {
            "key": "rapid",
            "name": "SK Rapid Wien",
            "code": "RAP"
          },
          "score1": 1,
          "score2": 3
        },
        {
          "date": "2013-05-04",
          "team1": {
            "key": "wrneustadt",
            "name": "SC Wiener Neustadt",
            "code": "WRN"
          },
          "team2": {
            "key": "innsbruck",
            "name": "FC Wacker Innsbruck",
            "code": "FCW"
          },
          "score1": 2,
          "score2": 2
        },
        {
          "date": "2013-05-04",
          "team1": {
            "key": "mattersburg",
            "name": "SV Mattersburg",
            "code": "MAT"
          },
          "team2": {
            "key": "wac",
            "name": "Wolfsberger AC",
            "code": "WAC"
          },
          "score1": 3,
          "score2": 1
        },
        {
          "date": "2013-05-04",
          "team1": {
            "key": "salzburg",
            "name": "FC RB Salzburg",
            "code": "RBS"
          },
          "team2": {
            "key": "admira",
            "name": "FC Admira Wacker",
            "code": "ADM"
          },
          "score1": 2,
          "score2": 1
        }
      ]
    },
    {
      "name": "33. Runde",
      "matches": [
        {
          "date": "2013-05-11",
          "team1": {
            "key": "admira",
            "name": "FC Admira Wacker",
            "code": "ADM"
          },
          "team2": {
            "key": "sturm",
            "name": "SK Sturm Graz",
            "code": "STU"
          },
          "score1": 3,
          "score2": 0
        },
        {
          "date": "2013-05-11",
          "team1": {
            "key": "wrneustadt",
            "name": "SC Wiener Neustadt",
            "code": "WRN"
          },
          "team2": {
            "key": "salzburg",
            "name": "FC RB Salzburg",
            "code": "RBS"
          },
          "score1": 0,
          "score2": 6
        },
        {
          "date": "2013-05-11",
          "team1": {
            "key": "innsbruck",
            "name": "FC Wacker Innsbruck",
            "code": "FCW"
          },
          "team2": {
            "key": "austria",
            "name": "FK Austria Wien",
            "code": "AUS"
          },
          "score1": 0,
          "score2": 3
        },
        {
          "date": "2013-05-11",
          "team1": {
            "key": "ried",
            "name": "SV Ried",
            "code": "RIE"
          },
          "team2": {
            "key": "mattersburg",
            "name": "SV Mattersburg",
            "code": "MAT"
          },
          "score1": 1,
          "score2": 1
        },
        {
          "date": "2013-05-11",
          "team1": {
            "key": "rapid",
            "name": "SK Rapid Wien",
            "code": "RAP"
          },
          "team2": {
            "key": "wac",
            "name": "Wolfsberger AC",
            "code": "WAC"
          },
          "score1": 0,
          "score2": 0
        }
      ]
    },
    {
      "name": "34. Runde",
      "matches": [
        {
          "date": "2013-05-18",
          "team1": {
            "key": "sturm",
            "name": "SK Sturm Graz",
            "code": "STU"
          },
          "team2": {
            "key": "ried",
            "name": "SV Ried",
            "code": "RIE"
          },
          "score1": 3,
          "score2": 1
        },
        {
          "date": "2013-05-18",
          "team1": {
            "key": "austria",
            "name": "FK Austria Wien",
            "code": "AUS"
          },
          "team2": {
            "key": "wrneustadt",
            "name": "SC Wiener Neustadt",
            "code": "WRN"
          },
          "score1": 3,
          "score2": 1
        },
        {
          "date": "2013-05-18",
          "team1": {
            "key": "mattersburg",
            "name": "SV Mattersburg",
            "code": "MAT"
          },
          "team2": {
            "key": "rapid",
            "name": "SK Rapid Wien",
            "code": "RAP"
          },
          "score1": 2,
          "score2": 0
        },
        {
          "date": "2013-05-18",
          "team1": {
            "key": "salzburg",
            "name": "FC RB Salzburg",
            "code": "RBS"
          },
          "team2": {
            "key": "innsbruck",
            "name": "FC Wacker Innsbruck",
            "code": "FCW"
          },
          "score1": 3,
          "score2": 1
        },
        {
          "date": "2013-05-18",
          "team1": {
            "key": "wac",
            "name": "Wolfsberger AC",
            "code": "WAC"
          },
          "team2": {
            "key": "admira",
            "name": "FC Admira Wacker",
            "code": "ADM"
          },
          "score1": 0,
          "score2": 0
        }
      ]
    },
    {
      "name": "35. Runde",
      "matches": [
        {
          "date": "2013-05-22",
          "team1": {
            "key": "innsbruck",
            "name": "FC Wacker Innsbruck",
            "code": "FCW"
          },
          "team2": {
            "key": "sturm",
            "name": "SK Sturm Graz",
            "code": "STU"
          },
          "score1": 2,
          "score2": 1
        },
        {
          "date": "2013-05-22",
          "team1": {
            "key": "ried",
            "name": "SV Ried",
            "code": "RIE"
          },
          "team2": {
            "key": "salzburg",
            "name": "FC RB Salzburg",
            "code": "RBS"
          },
          "score1": 2,
          "score2": 2
        },
        {
          "date": "2013-05-22",
          "team1": {
            "key": "admira",
            "name": "FC Admira Wacker",
            "code": "ADM"
          },
          "team2": {
            "key": "rapid",
            "name": "SK Rapid Wien",
            "code": "RAP"
          },
          "score1": 0,
          "score2": 2
        },
        {
          "date": "2013-05-22",
          "team1": {
            "key": "austria",
            "name": "FK Austria Wien",
            "code": "AUS"
          },
          "team2": {
            "key": "mattersburg",
            "name": "SV Mattersburg",
            "code": "MAT"
          },
          "score1": 4,
          "score2": 0
        },
        {
          "date": "2013-05-22",
          "team1": {
            "key": "wrneustadt",
            "name": "SC Wiener Neustadt",
            "code": "WRN"
          },
          "team2": {
            "key": "wac",
            "name": "Wolfsberger AC",
            "code": "WAC"
          },
          "score1": 2,
          "score2": 0
        }
      ]
    },
    {
      "name": "36. Runde",
      "matches": [
        {
          "date": "2013-05-26",
          "team1": {
            "key": "rapid",
            "name": "SK Rapid Wien",
            "code": "RAP"
          },
          "team2": {
            "key": "ried",
            "name": "SV Ried",
            "code": "RIE"
          },
          "score1": 3,
          "score2": 0
        },
        {
          "date": "2013-05-26",
          "team1": {
            "key": "sturm",
            "name": "SK Sturm Graz",
            "code": "STU"
          },
          "team2": {
            "key": "wrneustadt",
            "name": "SC Wiener Neustadt",
            "code": "WRN"
          },
          "score1": 0,
          "score2": 3
        },
        {
          "date": "2013-05-26",
          "team1": {
            "key": "salzburg",
            "name": "FC RB Salzburg",
            "code": "RBS"
          },
          "team2": {
            "key": "austria",
            "name": "FK Austria Wien",
            "code": "AUS"
          },
          "score1": 3,
          "score2": 0
        },
        {
          "date": "2013-05-26",
          "team1": {
            "key": "wac",
            "name": "Wolfsberger AC",
            "code": "WAC"
          },
          "team2": {
            "key": "innsbruck",
            "name": "FC Wacker Innsbruck",
            "code": "FCW"
          },
          "score1": 2,
          "score2": 3
        },
        {
          "date": "2013-05-26",
          "team1": {
            "key": "mattersburg",
            "name": "SV Mattersburg",
            "code": "MAT"
          },
          "team2": {
            "key": "admira",
            "name": "FC Admira Wacker",
            "code": "ADM"
          },
          "score1": 0,
          "score2": 1
        }
      ]
    }
  ]
}