{
  "name": "Österr. Erste Liga 2012/13",
  "clubs": [
    {
      "key": "groedig",
      "name": "SV Grödig",
      "code": "SVG"
    },
    {
      "key": "altach",
      "name": "SCR Altach",
      "code": "ALT"
    },
    {
      "key": "alustenau",
      "name": "SC Austria Lustenau",
      "code": "ALU"
    },
    {
      "key": "stpoelten",
      "name": "SKN St. Pölten",
      "code": "SKN"
    },
    {
      "key": "ksv",
      "name": "Kapfenberger SV",
      "code": "KSV"
    },
    {
      "key": "horn",
      "name": "SV Horn",
      "code": "SVH"
    },
    {
      "key": "linz",
      "name": "FC Blau-Weiß Linz",
      "code": "BWL"
    },
    {
      "key": "hartberg",
      "name": "TSV Hartberg",
      "code": "HTB"
    },
    {
      "key": "lustenau",
      "name": "FC Lustenau 1907",
      "code": "LUS"
    },
    {
      "key": "vienna",
      "name": "Vienna FC 1894",
      "code": "VIE"
    }
  ]
}