{
  "name": "English Premier League 2012/13",
  "clubs": [
    {
      "key": "chelsea",
      "name": "Chelsea",
      "code": "CHE"
    },
    {
      "key": "arsenal",
      "name": "Arsenal",
      "code": "ARS"
    },
    {
      "key": "tottenham",
      "name": "Tottenham Hotspur",
      "code": "TOT"
    },
    {
      "key": "westham",
      "name": "West Ham United",
      "code": "WHU"
    },
    {
      "key": "manutd",
      "name": "Manchester United",
      "code": "MUN"
    },
    {
      "key": "mancity",
      "name": "Manchester City",
      "code": "MCI"
    },
    {
      "key": "everton",
      "name": "Everton",
      "code": "EVE"
    },
    {
      "key": "liverpool",
      "name": "Liverpool",
      "code": "LIV"
    },
    {
      "key": "westbrom",
      "name": "West Bromwich Albion",
      "code": "WBA"
    },
    {
      "key": "newcastle",
      "name": "Newcastle United",
      "code": "NEW"
    },
    {
      "key": "stoke",
      "name": "Stoke City",
      "code": "STK"
    },
    {
      "key": "sunderland",
      "name": "Sunderland",
      "code": "SUN"
    },
    {
      "key": "astonvilla",
      "name": "Aston Villa",
      "code": "AVL"
    },
    {
      "key": "southampton",
      "name": "Southampton",
      "code": "SOU"
    },
    {
      "key": "norwich",
      "name": "Norwich",
      "code": "NOR"
    },
    {
      "key": "qpr",
      "name": "Queens Park Rangers",
      "code": "QPR"
    },
    {
      "key": "fulham",
      "name": "Fulham",
      "code": "FUL"
    },
    {
      "key": "reading",
      "name": "Reading",
      "code": "RDG"
    },
    {
      "key": "swansea",
      "name": "Swansea",
      "code": "SWA"
    },
    {
      "key": "wigan",
      "name": "Wigan Athletic",
      "code": "WIG"
    }
  ]
}