{
  "name": "Primera División 2012/13",
  "clubs": [
    {
      "key": "barcelona",
      "name": "Barcelona",
      "code": "BAR"
    },
    {
      "key": "espanyol",
      "name": "Espanyol",
      "code": "ESP"
    },
    {
      "key": "madrid",
      "name": "R. Madrid",
      "code": "RMD"
    },
    {
      "key": "atletico",
      "name": "Atlético",
      "code": "ATL"
    },
    {
      "key": "getafe",
      "name": "Getafe",
      "code": "GET"
    },
    {
      "key": "rayo",
      "name": "Rayo",
      "code": "RAY"
    },
    {
      "key": "sevilla",
      "name": "Sevilla",
      "code": "SEV"
    },
    {
      "key": "valencia",
      "name": "Valencia",
      "code": "VAL"
    },
    {
      "key": "levante",
      "name": "Levante",
      "code": "LEV"
    },
    {
      "key": "malaga",
      "name": "Málaga",
      "code": "MAG"
    },
    {
      "key": "athletic",
      "name": "Athletic",
      "code": "ATH"
    },
    {
      "key": "granada",
      "name": "Granada",
      "code": "GRA"
    },
    {
      "key": "celta",
      "name": "Celta",
      "code": "CEL"
    },
    {
      "key": "realsociedad",
      "name": "R. Sociedad",
      "code": "RSO"
    },
    {
      "key": "valladolid",
      "name": "Valladolid",
      "code": "VID"
    },
    {
      "key": "deportivo",
      "name": "Deportivo",
      "code": "DEP"
    },
    {
      "key": "betis",
      "name": "Betis",
      "code": "BET"
    },
    {
      "key": "osasuna",
      "name": "Osasuna",
      "code": "OSA"
    },
    {
      "key": "mallorca",
      "name": "Mallorca",
      "code": "MLL"
    },
    {
      "key": "zaragoza",
      "name": "Zaragoza",
      "code": "ZAR"
    }
  ]
}