{
  "name": "Österr. Bundesliga 2015/16",
  "rounds": [
    {
      "name": "1. Runde",
      "matches": [
        {
          "date": "2015-07-25",
          "team1": {
            "key": "mattersburg",
            "name": "SV Mattersburg",
            "code": "MAT"
          },
          "team2": {
            "key": "salzburg",
            "name": "FC RB Salzburg",
            "code": "RBS"
          },
          "score1": 2,
          "score2": 1
        },
        {
          "date": "2015-07-25",
          "team1": {
            "key": "sturm",
            "name": "SK Sturm Graz",
            "code": "STU"
          },
          "team2": {
            "key": "admira",
            "name": "FC Admira Wacker",
            "code": "ADM"
          },
          "score1": 1,
          "score2": 1
        },
        {
          "date": "2015-07-25",
          "team1": {
            "key": "rapid",
            "name": "SK Rapid Wien",
            "code": "RAP"
          },
          "team2": {
            "key": "ried",
            "name": "SV Ried",
            "code": "RIE"
          },
          "score1": 3,
          "score2": 0
        },
        {
          "date": "2015-07-25",
          "team1": {
            "key": "groedig",
            "name": "SV Grödig",
            "code": "SVG"
          },
          "team2": {
            "key": "altach",
            "name": "SCR Altach",
            "code": "ALT"
          },
          "score1": 2,
          "score2": 1
        },
        {
          "date": "2015-07-26",
          "team1": {
            "key": "wac",
            "name": "Wolfsberger AC",
            "code": "WAC"
          },
          "team2": {
            "key": "austria",
            "name": "FK Austria Wien",
            "code": "AUS"
          },
          "score1": 0,
          "score2": 2
        }
      ]
    },
    {
      "name": "2. Runde",
      "matches": [
        {
          "date": "2015-08-01",
          "team1": {
            "key": "salzburg",
            "name": "FC RB Salzburg",
            "code": "RBS"
          },
          "team2": {
            "key": "rapid",
            "name": "SK Rapid Wien",
            "code": "RAP"
          },
          "score1": 1,
          "score2": 2
        },
        {
          "date": "2015-08-01",
          "team1": {
            "key": "ried",
            "name": "SV Ried",
            "code": "RIE"
          },
          "team2": {
            "key": "wac",
            "name": "Wolfsberger AC",
            "code": "WAC"
          },
          "score1": 0,
          "score2": 0
        },
        {
          "date": "2015-08-01",
          "team1": {
            "key": "admira",
            "name": "FC Admira Wacker",
            "code": "ADM"
          },
          "team2": {
            "key": "mattersburg",
            "name": "SV Mattersburg",
            "code": "MAT"
          },
          "score1": 2,
          "score2": 1
        },
        {
          "date": "2015-08-02",
          "team1": {
            "key": "austria",
            "name": "FK Austria Wien",
            "code": "AUS"
          },
          "team2": {
            "key": "altach",
            "name": "SCR Altach",
            "code": "ALT"
          },
          "score1": 3,
          "score2": 1
        },
        {
          "date": "2015-08-02",
          "team1": {
            "key": "sturm",
            "name": "SK Sturm Graz",
            "code": "STU"
          },
          "team2": {
            "key": "groedig",
            "name": "SV Grödig",
            "code": "SVG"
          },
          "score1": 1,
          "score2": 1
        }
      ]
    },
    {
      "name": "3. Runde",
      "matches": [
        {
          "date": "2015-08-08",
          "team1": {
            "key": "groedig",
            "name": "SV Grödig",
            "code": "SVG"
          },
          "team2": {
            "key": "austria",
            "name": "FK Austria Wien",
            "code": "AUS"
          },
          "score1": 2,
          "score2": 2
        },
        {
          "date": "2015-08-08",
          "team1": {
            "key": "mattersburg",
            "name": "SV Mattersburg",
            "code": "MAT"
          },
          "team2": {
            "key": "ried",
            "name": "SV Ried",
            "code": "RIE"
          },
          "score1": 4,
          "score2": 1
        },
        {
          "date": "2015-08-08",
          "team1": {
            "key": "rapid",
            "name": "SK Rapid Wien",
            "code": "RAP"
          },
          "team2": {
            "key": "wac",
            "name": "Wolfsberger AC",
            "code": "WAC"
          },
          "score1": 2,
          "score2": 1
        },
        {
          "date": "2015-08-08",
          "team1": {
            "key": "admira",
            "name": "FC Admira Wacker",
            "code": "ADM"
          },
          "team2": {
            "key": "salzburg",
            "name": "FC RB Salzburg",
            "code": "RBS"
          },
          "score1": 2,
          "score2": 2
        },
        {
          "date": "2015-08-09",
          "team1": {
            "key": "altach",
            "name": "SCR Altach",
            "code": "ALT"
          },
          "team2": {
            "key": "sturm",
            "name": "SK Sturm Graz",
            "code": "STU"
          },
          "score1": 0,
          "score2": 1
        }
      ]
    },
    {
      "name": "4. Runde",
      "matches": [
        {
          "date": "2015-08-11",
          "team1": {
            "key": "ried",
            "name": "SV Ried",
            "code": "RIE"
          },
          "team2": {
            "key": "salzburg",
            "name": "FC RB Salzburg",
            "code": "RBS"
          },
          "score1": 1,
          "score2": 4
        },
        {
          "date": "2015-08-12",
          "team1": {
            "key": "wac",
            "name": "Wolfsberger AC",
            "code": "WAC"
          },
          "team2": {
            "key": "sturm",
            "name": "SK Sturm Graz",
            "code": "STU"
          },
          "score1": 0,
          "score2": 2
        },
        {
          "date": "2015-08-12",
          "team1": {
            "key": "altach",
            "name": "SCR Altach",
            "code": "ALT"
          },
          "team2": {
            "key": "mattersburg",
            "name": "SV Mattersburg",
            "code": "MAT"
          },
          "score1": 3,
          "score2": 1
        },
        {
          "date": "2015-08-12",
          "team1": {
            "key": "groedig",
            "name": "SV Grödig",
            "code": "SVG"
          },
          "team2": {
            "key": "admira",
            "name": "FC Admira Wacker",
            "code": "ADM"
          },
          "score1": 2,
          "score2": 3
        },
        {
          "date": "2015-08-12",
          "team1": {
            "key": "austria",
            "name": "FK Austria Wien",
            "code": "AUS"
          },
          "team2": {
            "key": "rapid",
            "name": "SK Rapid Wien",
            "code": "RAP"
          },
          "score1": 2,
          "score2": 5
        }
      ]
    },
    {
      "name": "5. Runde",
      "matches": [
        {
          "date": "2015-08-15",
          "team1": {
            "key": "austria",
            "name": "FK Austria Wien",
            "code": "AUS"
          },
          "team2": {
            "key": "mattersburg",
            "name": "SV Mattersburg",
            "code": "MAT"
          },
          "score1": 5,
          "score2": 1
        },
        {
          "date": "2015-08-15",
          "team1": {
            "key": "admira",
            "name": "FC Admira Wacker",
            "code": "ADM"
          },
          "team2": {
            "key": "ried",
            "name": "SV Ried",
            "code": "RIE"
          },
          "score1": 3,
          "score2": 1
        },
        {
          "date": "2015-08-15",
          "team1": {
            "key": "wac",
            "name": "Wolfsberger AC",
            "code": "WAC"
          },
          "team2": {
            "key": "groedig",
            "name": "SV Grödig",
            "code": "SVG"
          },
          "score1": 3,
          "score2": 2
        },
        {
          "date": "2015-08-15",
          "team1": {
            "key": "salzburg",
            "name": "FC RB Salzburg",
            "code": "RBS"
          },
          "team2": {
            "key": "altach",
            "name": "SCR Altach",
            "code": "ALT"
          },
          "score1": 2,
          "score2": 0
        },
        {
          "date": "2015-08-16",
          "team1": {
            "key": "sturm",
            "name": "SK Sturm Graz",
            "code": "STU"
          },
          "team2": {
            "key": "rapid",
            "name": "SK Rapid Wien",
            "code": "RAP"
          },
          "score1": 2,
          "score2": 2
        }
      ]
    },
    {
      "name": "6. Runde",
      "matches": [
        {
          "date": "2015-08-22",
          "team1": {
            "key": "rapid",
            "name": "SK Rapid Wien",
            "code": "RAP"
          },
          "team2": {
            "key": "groedig",
            "name": "SV Grödig",
            "code": "SVG"
          },
          "score1": 3,
          "score2": 0
        },
        {
          "date": "2015-08-22",
          "team1": {
            "key": "altach",
            "name": "SCR Altach",
            "code": "ALT"
          },
          "team2": {
            "key": "admira",
            "name": "FC Admira Wacker",
            "code": "ADM"
          },
          "score1": 1,
          "score2": 2
        },
        {
          "date": "2015-08-22",
          "team1": {
            "key": "ried",
            "name": "SV Ried",
            "code": "RIE"
          },
          "team2": {
            "key": "sturm",
            "name": "SK Sturm Graz",
            "code": "STU"
          },
          "score1": 1,
          "score2": 0
        },
        {
          "date": "2015-08-22",
          "team1": {
            "key": "mattersburg",
            "name": "SV Mattersburg",
            "code": "MAT"
          },
          "team2": {
            "key": "wac",
            "name": "Wolfsberger AC",
            "code": "WAC"
          },
          "score1": 1,
          "score2": 0
        },
        {
          "date": "2015-08-23",
          "team1": {
            "key": "salzburg",
            "name": "FC RB Salzburg",
            "code": "RBS"
          },
          "team2": {
            "key": "austria",
            "name": "FK Austria Wien",
            "code": "AUS"
          },
          "score1": 2,
          "score2": 2
        }
      ]
    },
    {
      "name": "7. Runde",
      "matches": [
        {
          "date": "2015-08-29",
          "team1": {
            "key": "sturm",
            "name": "SK Sturm Graz",
            "code": "STU"
          },
          "team2": {
            "key": "salzburg",
            "name": "FC RB Salzburg",
            "code": "RBS"
          },
          "score1": 2,
          "score2": 3
        },
        {
          "date": "2015-08-29",
          "team1": {
            "key": "wac",
            "name": "Wolfsberger AC",
            "code": "WAC"
          },
          "team2": {
            "key": "altach",
            "name": "SCR Altach",
            "code": "ALT"
          },
          "score1": 0,
          "score2": 2
        },
        {
          "date": "2015-08-29",
          "team1": {
            "key": "groedig",
            "name": "SV Grödig",
            "code": "SVG"
          },
          "team2": {
            "key": "ried",
            "name": "SV Ried",
            "code": "RIE"
          },
          "score1": 4,
          "score2": 1
        },
        {
          "date": "2015-08-29",
          "team1": {
            "key": "admira",
            "name": "FC Admira Wacker",
            "code": "ADM"
          },
          "team2": {
            "key": "austria",
            "name": "FK Austria Wien",
            "code": "AUS"
          },
          "score1": 0,
          "score2": 1
        },
        {
          "date": "2015-08-30",
          "team1": {
            "key": "rapid",
            "name": "SK Rapid Wien",
            "code": "RAP"
          },
          "team2": {
            "key": "mattersburg",
            "name": "SV Mattersburg",
            "code": "MAT"
          },
          "score1": 2,
          "score2": 4
        }
      ]
    },
    {
      "name": "8. Runde",
      "matches": [
        {
          "date": "2015-09-12",
          "team1": {
            "key": "salzburg",
            "name": "FC RB Salzburg",
            "code": "RBS"
          },
          "team2": {
            "key": "groedig",
            "name": "SV Grödig",
            "code": "SVG"
          },
          "score1": 4,
          "score2": 2
        },
        {
          "date": "2015-09-12",
          "team1": {
            "key": "altach",
            "name": "SCR Altach",
            "code": "ALT"
          },
          "team2": {
            "key": "rapid",
            "name": "SK Rapid Wien",
            "code": "RAP"
          },
          "score1": 2,
          "score2": 0
        },
        {
          "date": "2015-09-12",
          "team1": {
            "key": "austria",
            "name": "FK Austria Wien",
            "code": "AUS"
          },
          "team2": {
            "key": "ried",
            "name": "SV Ried",
            "code": "RIE"
          },
          "score1": 1,
          "score2": 1
        },
        {
          "date": "2015-09-12",
          "team1": {
            "key": "admira",
            "name": "FC Admira Wacker",
            "code": "ADM"
          },
          "team2": {
            "key": "wac",
            "name": "Wolfsberger AC",
            "code": "WAC"
          },
          "score1": 1,
          "score2": 0
        },
        {
          "date": "2015-09-13",
          "team1": {
            "key": "mattersburg",
            "name": "SV Mattersburg",
            "code": "MAT"
          },
          "team2": {
            "key": "sturm",
            "name": "SK Sturm Graz",
            "code": "STU"
          },
          "score1": 2,
          "score2": 0
        }
      ]
    },
    {
      "name": "9. Runde",
      "matches": [
        {
          "date": "2015-09-19",
          "team1": {
            "key": "rapid",
            "name": "SK Rapid Wien",
            "code": "RAP"
          },
          "team2": {
            "key": "admira",
            "name": "FC Admira Wacker",
            "code": "ADM"
          },
          "score1": 2,
          "score2": 0
        },
        {
          "date": "2015-09-19",
          "team1": {
            "key": "sturm",
            "name": "SK Sturm Graz",
            "code": "STU"
          },
          "team2": {
            "key": "austria",
            "name": "FK Austria Wien",
            "code": "AUS"
          },
          "score1": 2,
          "score2": 0
        },
        {
          "date": "2015-09-19",
          "team1": {
            "key": "wac",
            "name": "Wolfsberger AC",
            "code": "WAC"
          },
          "team2": {
            "key": "salzburg",
            "name": "FC RB Salzburg",
            "code": "RBS"
          },
          "score1": 1,
          "score2": 1
        },
        {
          "date": "2015-09-19",
          "team1": {
            "key": "ried",
            "name": "SV Ried",
            "code": "RIE"
          },
          "team2": {
            "key": "altach",
            "name": "SCR Altach",
            "code": "ALT"
          },
          "score1": 2,
          "score2": 0
        },
        {
          "date": "2015-09-19",
          "team1": {
            "key": "groedig",
            "name": "SV Grödig",
            "code": "SVG"
          },
          "team2": {
            "key": "mattersburg",
            "name": "SV Mattersburg",
            "code": "MAT"
          },
          "score1": 1,
          "score2": 1
        }
      ]
    },
    {
      "name": "10. Runde",
      "matches": [
        {
          "date": "2015-09-26",
          "team1": {
            "key": "salzburg",
            "name": "FC RB Salzburg",
            "code": "RBS"
          },
          "team2": {
            "key": "mattersburg",
            "name": "SV Mattersburg",
            "code": "MAT"
          },
          "score1": 4,
          "score2": 2
        },
        {
          "date": "2015-09-26",
          "team1": {
            "key": "admira",
            "name": "FC Admira Wacker",
            "code": "ADM"
          },
          "team2": {
            "key": "sturm",
            "name": "SK Sturm Graz",
            "code": "STU"
          },
          "score1": 0,
          "score2": 1
        },
        {
          "date": "2015-09-26",
          "team1": {
            "key": "ried",
            "name": "SV Ried",
            "code": "RIE"
          },
          "team2": {
            "key": "rapid",
            "name": "SK Rapid Wien",
            "code": "RAP"
          },
          "score1": 0,
          "score2": 1
        },
        {
          "date": "2015-09-26",
          "team1": {
            "key": "altach",
            "name": "SCR Altach",
            "code": "ALT"
          },
          "team2": {
            "key": "groedig",
            "name": "SV Grödig",
            "code": "SVG"
          },
          "score1": 1,
          "score2": 0
        },
        {
          "date": "2015-09-26",
          "team1": {
            "key": "austria",
            "name": "FK Austria Wien",
            "code": "AUS"
          },
          "team2": {
            "key": "wac",
            "name": "Wolfsberger AC",
            "code": "WAC"
          },
          "score1": 1,
          "score2": 0
        }
      ]
    },
    {
      "name": "11. Runde",
      "matches": [
        {
          "date": "2015-10-03",
          "team1": {
            "key": "rapid",
            "name": "SK Rapid Wien",
            "code": "RAP"
          },
          "team2": {
            "key": "salzburg",
            "name": "FC RB Salzburg",
            "code": "RBS"
          },
          "score1": 1,
          "score2": 2
        },
        {
          "date": "2015-10-03",
          "team1": {
            "key": "wac",
            "name": "Wolfsberger AC",
            "code": "WAC"
          },
          "team2": {
            "key": "ried",
            "name": "SV Ried",
            "code": "RIE"
          },
          "score1": 1,
          "score2": 1
        },
        {
          "date": "2015-10-03",
          "team1": {
            "key": "mattersburg",
            "name": "SV Mattersburg",
            "code": "MAT"
          },
          "team2": {
            "key": "admira",
            "name": "FC Admira Wacker",
            "code": "ADM"
          },
          "score1": 0,
          "score2": 4
        },
        {
          "date": "2015-10-03",
          "team1": {
            "key": "altach",
            "name": "SCR Altach",
            "code": "ALT"
          },
          "team2": {
            "key": "austria",
            "name": "FK Austria Wien",
            "code": "AUS"
          },
          "score1": 1,
          "score2": 2
        },
        {
          "date": "2015-10-03",
          "team1": {
            "key": "groedig",
            "name": "SV Grödig",
            "code": "SVG"
          },
          "team2": {
            "key": "sturm",
            "name": "SK Sturm Graz",
            "code": "STU"
          },
          "score1": 3,
          "score2": 0
        }
      ]
    },
    {
      "name": "12. Runde",
      "matches": [
        {
          "date": "2015-10-17",
          "team1": {
            "key": "austria",
            "name": "FK Austria Wien",
            "code": "AUS"
          },
          "team2": {
            "key": "groedig",
            "name": "SV Grödig",
            "code": "SVG"
          },
          "score1": 2,
          "score2": 1
        },
        {
          "date": "2015-10-17",
          "team1": {
            "key": "ried",
            "name": "SV Ried",
            "code": "RIE"
          },
          "team2": {
            "key": "mattersburg",
            "name": "SV Mattersburg",
            "code": "MAT"
          },
          "score1": 0,
          "score2": 1
        },
        {
          "date": "2015-10-17",
          "team1": {
            "key": "wac",
            "name": "Wolfsberger AC",
            "code": "WAC"
          },
          "team2": {
            "key": "rapid",
            "name": "SK Rapid Wien",
            "code": "RAP"
          },
          "score1": 2,
          "score2": 1
        },
        {
          "date": "2015-10-17",
          "team1": {
            "key": "salzburg",
            "name": "FC RB Salzburg",
            "code": "RBS"
          },
          "team2": {
            "key": "admira",
            "name": "FC Admira Wacker",
            "code": "ADM"
          },
          "score1": 8,
          "score2": 0
        },
        {
          "date": "2015-10-17",
          "team1": {
            "key": "sturm",
            "name": "SK Sturm Graz",
            "code": "STU"
          },
          "team2": {
            "key": "altach",
            "name": "SCR Altach",
            "code": "ALT"
          },
          "score1": 3,
          "score2": 1
        }
      ]
    },
    {
      "name": "13. Runde",
      "matches": [
        {
          "date": "2015-10-24",
          "team1": {
            "key": "salzburg",
            "name": "FC RB Salzburg",
            "code": "RBS"
          },
          "team2": {
            "key": "ried",
            "name": "SV Ried",
            "code": "RIE"
          },
          "score1": 2,
          "score2": 1
        },
        {
          "date": "2015-10-24",
          "team1": {
            "key": "sturm",
            "name": "SK Sturm Graz",
            "code": "STU"
          },
          "team2": {
            "key": "wac",
            "name": "Wolfsberger AC",
            "code": "WAC"
          },
          "score1": 2,
          "score2": 0
        },
        {
          "date": "2015-10-24",
          "team1": {
            "key": "mattersburg",
            "name": "SV Mattersburg",
            "code": "MAT"
          },
          "team2": {
            "key": "altach",
            "name": "SCR Altach",
            "code": "ALT"
          },
          "score1": 2,
          "score2": 1
        },
        {
          "date": "2015-10-24",
          "team1": {
            "key": "admira",
            "name": "FC Admira Wacker",
            "code": "ADM"
          },
          "team2": {
            "key": "groedig",
            "name": "SV Grödig",
            "code": "SVG"
          },
          "score1": 0,
          "score2": 0
        },
        {
          "date": "2015-10-24",
          "team1": {
            "key": "rapid",
            "name": "SK Rapid Wien",
            "code": "RAP"
          },
          "team2": {
            "key": "austria",
            "name": "FK Austria Wien",
            "code": "AUS"
          },
          "score1": 1,
          "score2": 2
        }
      ]
    },
    {
      "name": "14. Runde",
      "matches": [
        {
          "date": "2015-10-31",
          "team1": {
            "key": "mattersburg",
            "name": "SV Mattersburg",
            "code": "MAT"
          },
          "team2": {
            "key": "austria",
            "name": "FK Austria Wien",
            "code": "AUS"
          },
          "score1": 1,
          "score2": 2
        },
        {
          "date": "2015-10-31",
          "team1": {
            "key": "ried",
            "name": "SV Ried",
            "code": "RIE"
          },
          "team2": {
            "key": "admira",
            "name": "FC Admira Wacker",
            "code": "ADM"
          },
          "score1": 1,
          "score2": 1
        },
        {
          "date": "2015-10-31",
          "team1": {
            "key": "groedig",
            "name": "SV Grödig",
            "code": "SVG"
          },
          "team2": {
            "key": "wac",
            "name": "Wolfsberger AC",
            "code": "WAC"
          },
          "score1": 1,
          "score2": 0
        },
        {
          "date": "2015-10-31",
          "team1": {
            "key": "altach",
            "name": "SCR Altach",
            "code": "ALT"
          },
          "team2": {
            "key": "salzburg",
            "name": "FC RB Salzburg",
            "code": "RBS"
          },
          "score1": 1,
          "score2": 0
        },
        {
          "date": "2015-10-31",
          "team1": {
            "key": "rapid",
            "name": "SK Rapid Wien",
            "code": "RAP"
          },
          "team2": {
            "key": "sturm",
            "name": "SK Sturm Graz",
            "code": "STU"
          },
          "score1": 2,
          "score2": 1
        }
      ]
    },
    {
      "name": "15. Runde",
      "matches": [
        {
          "date": "2015-11-07",
          "team1": {
            "key": "austria",
            "name": "FK Austria Wien",
            "code": "AUS"
          },
          "team2": {
            "key": "salzburg",
            "name": "FC RB Salzburg",
            "code": "RBS"
          },
          "score1": 1,
          "score2": 1
        },
        {
          "date": "2015-11-07",
          "team1": {
            "key": "groedig",
            "name": "SV Grödig",
            "code": "SVG"
          },
          "team2": {
            "key": "rapid",
            "name": "SK Rapid Wien",
            "code": "RAP"
          },
          "score1": 2,
          "score2": 1
        },
        {
          "date": "2015-11-07",
          "team1": {
            "key": "admira",
            "name": "FC Admira Wacker",
            "code": "ADM"
          },
          "team2": {
            "key": "altach",
            "name": "SCR Altach",
            "code": "ALT"
          },
          "score1": 1,
          "score2": 1
        },
        {
          "date": "2015-11-07",
          "team1": {
            "key": "sturm",
            "name": "SK Sturm Graz",
            "code": "STU"
          },
          "team2": {
            "key": "ried",
            "name": "SV Ried",
            "code": "RIE"
          },
          "score1": 3,
          "score2": 2
        },
        {
          "date": "2015-11-07",
          "team1": {
            "key": "wac",
            "name": "Wolfsberger AC",
            "code": "WAC"
          },
          "team2": {
            "key": "mattersburg",
            "name": "SV Mattersburg",
            "code": "MAT"
          },
          "score1": 2,
          "score2": 1
        }
      ]
    },
    {
      "name": "16. Runde",
      "matches": [
        {
          "date": "2015-11-21",
          "team1": {
            "key": "mattersburg",
            "name": "SV Mattersburg",
            "code": "MAT"
          },
          "team2": {
            "key": "rapid",
            "name": "SK Rapid Wien",
            "code": "RAP"
          },
          "score1": 1,
          "score2": 6
        },
        {
          "date": "2015-11-21",
          "team1": {
            "key": "salzburg",
            "name": "FC RB Salzburg",
            "code": "RBS"
          },
          "team2": {
            "key": "sturm",
            "name": "SK Sturm Graz",
            "code": "STU"
          },
          "score1": 3,
          "score2": 1
        },
        {
          "date": "2015-11-21",
          "team1": {
            "key": "altach",
            "name": "SCR Altach",
            "code": "ALT"
          },
          "team2": {
            "key": "wac",
            "name": "Wolfsberger AC",
            "code": "WAC"
          },
          "score1": 2,
          "score2": 1
        },
        {
          "date": "2015-11-21",
          "team1": {
            "key": "ried",
            "name": "SV Ried",
            "code": "RIE"
          },
          "team2": {
            "key": "groedig",
            "name": "SV Grödig",
            "code": "SVG"
          },
          "score1": 1,
          "score2": 0
        },
        {
          "date": "2015-11-21",
          "team1": {
            "key": "austria",
            "name": "FK Austria Wien",
            "code": "AUS"
          },
          "team2": {
            "key": "admira",
            "name": "FC Admira Wacker",
            "code": "ADM"
          },
          "score1": 1,
          "score2": 1
        }
      ]
    },
    {
      "name": "17. Runde",
      "matches": [
        {
          "date": "2015-11-28",
          "team1": {
            "key": "groedig",
            "name": "SV Grödig",
            "code": "SVG"
          },
          "team2": {
            "key": "salzburg",
            "name": "FC RB Salzburg",
            "code": "RBS"
          },
          "score1": 1,
          "score2": 1
        },
        {
          "date": "2015-11-28",
          "team1": {
            "key": "rapid",
            "name": "SK Rapid Wien",
            "code": "RAP"
          },
          "team2": {
            "key": "altach",
            "name": "SCR Altach",
            "code": "ALT"
          },
          "score1": 3,
          "score2": 1
        },
        {
          "date": "2015-11-28",
          "team1": {
            "key": "ried",
            "name": "SV Ried",
            "code": "RIE"
          },
          "team2": {
            "key": "austria",
            "name": "FK Austria Wien",
            "code": "AUS"
          },
          "score1": 4,
          "score2": 2
        },
        {
          "date": "2015-11-28",
          "team1": {
            "key": "wac",
            "name": "Wolfsberger AC",
            "code": "WAC"
          },
          "team2": {
            "key": "admira",
            "name": "FC Admira Wacker",
            "code": "ADM"
          },
          "score1": 4,
          "score2": 0
        },
        {
          "date": "2015-11-28",
          "team1": {
            "key": "sturm",
            "name": "SK Sturm Graz",
            "code": "STU"
          },
          "team2": {
            "key": "mattersburg",
            "name": "SV Mattersburg",
            "code": "MAT"
          },
          "score1": 0,
          "score2": 0
        }
      ]
    },
    {
      "name": "18. Runde",
      "matches": [
        {
          "date": "2015-12-01",
          "team1": {
            "key": "admira",
            "name": "FC Admira Wacker",
            "code": "ADM"
          },
          "team2": {
            "key": "rapid",
            "name": "SK Rapid Wien",
            "code": "RAP"
          },
          "score1": 2,
          "score2": 1
        },
        {
          "date": "2015-12-01",
          "team1": {
            "key": "austria",
            "name": "FK Austria Wien",
            "code": "AUS"
          },
          "team2": {
            "key": "sturm",
            "name": "SK Sturm Graz",
            "code": "STU"
          },
          "score1": 2,
          "score2": 1
        },
        {
          "date": "2015-12-01",
          "team1": {
            "key": "salzburg",
            "name": "FC RB Salzburg",
            "code": "RBS"
          },
          "team2": {
            "key": "wac",
            "name": "Wolfsberger AC",
            "code": "WAC"
          },
          "score1": 1,
          "score2": 1
        },
        {
          "date": "2015-12-01",
          "team1": {
            "key": "altach",
            "name": "SCR Altach",
            "code": "ALT"
          },
          "team2": {
            "key": "ried",
            "name": "SV Ried",
            "code": "RIE"
          },
          "score1": 1,
          "score2": 3
        },
        {
          "date": "2015-12-01",
          "team1": {
            "key": "mattersburg",
            "name": "SV Mattersburg",
            "code": "MAT"
          },
          "team2": {
            "key": "groedig",
            "name": "SV Grödig",
            "code": "SVG"
          },
          "score1": 0,
          "score2": 2
        }
      ]
    },
    {
      "name": "19. Runde",
      "matches": [
        {
          "date": "2015-12-05",
          "team1": {
            "key": "rapid",
            "name": "SK Rapid Wien",
            "code": "RAP"
          },
          "team2": {
            "key": "ried",
            "name": "SV Ried",
            "code": "RIE"
          },
          "score1": 2,
          "score2": 1
        },
        {
          "date": "2015-12-05",
          "team1": {
            "key": "sturm",
            "name": "SK Sturm Graz",
            "code": "STU"
          },
          "team2": {
            "key": "admira",
            "name": "FC Admira Wacker",
            "code": "ADM"
          },
          "score1": 1,
          "score2": 1
        },
        {
          "date": "2015-12-05",
          "team1": {
            "key": "wac",
            "name": "Wolfsberger AC",
            "code": "WAC"
          },
          "team2": {
            "key": "austria",
            "name": "FK Austria Wien",
            "code": "AUS"
          },
          "score1": 2,
          "score2": 0
        },
        {
          "date": "2015-12-05",
          "team1": {
            "key": "groedig",
            "name": "SV Grödig",
            "code": "SVG"
          },
          "team2": {
            "key": "altach",
            "name": "SCR Altach",
            "code": "ALT"
          },
          "score1": 0,
          "score2": 3
        },
        {
          "date": "2015-12-05",
          "team1": {
            "key": "mattersburg",
            "name": "SV Mattersburg",
            "code": "MAT"
          },
          "team2": {
            "key": "salzburg",
            "name": "FC RB Salzburg",
            "code": "RBS"
          },
          "score1": 0,
          "score2": 0
        }
      ]
    },
    {
      "name": "20. Runde",
      "matches": [
        {
          "date": "2015-12-12",
          "team1": {
            "key": "salzburg",
            "name": "FC RB Salzburg",
            "code": "RBS"
          },
          "team2": {
            "key": "rapid",
            "name": "SK Rapid Wien",
            "code": "RAP"
          },
          "score1": 2,
          "score2": 0
        },
        {
          "date": "2015-12-12",
          "team1": {
            "key": "sturm",
            "name": "SK Sturm Graz",
            "code": "STU"
          },
          "team2": {
            "key": "groedig",
            "name": "SV Grödig",
            "code": "SVG"
          },
          "score1": 2,
          "score2": 0
        },
        {
          "date": "2015-12-12",
          "team1": {
            "key": "ried",
            "name": "SV Ried",
            "code": "RIE"
          },
          "team2": {
            "key": "wac",
            "name": "Wolfsberger AC",
            "code": "WAC"
          },
          "score1": 1,
          "score2": 0
        },
        {
          "date": "2015-12-12",
          "team1": {
            "key": "austria",
            "name": "FK Austria Wien",
            "code": "AUS"
          },
          "team2": {
            "key": "altach",
            "name": "SCR Altach",
            "code": "ALT"
          },
          "score1": 1,
          "score2": 2
        },
        {
          "date": "2015-12-12",
          "team1": {
            "key": "admira",
            "name": "FC Admira Wacker",
            "code": "ADM"
          },
          "team2": {
            "key": "mattersburg",
            "name": "SV Mattersburg",
            "code": "MAT"
          },
          "score1": 1,
          "score2": 1
        }
      ]
    },
    {
      "name": "21. Runde",
      "matches": [
        {
          "date": "2016-02-06",
          "team1": {
            "key": "rapid",
            "name": "SK Rapid Wien",
            "code": "RAP"
          },
          "team2": {
            "key": "wac",
            "name": "Wolfsberger AC",
            "code": "WAC"
          },
          "score1": 3,
          "score2": 0
        },
        {
          "date": "2016-02-06",
          "team1": {
            "key": "altach",
            "name": "SCR Altach",
            "code": "ALT"
          },
          "team2": {
            "key": "sturm",
            "name": "SK Sturm Graz",
            "code": "STU"
          },
          "score1": 2,
          "score2": 2
        },
        {
          "date": "2016-02-06",
          "team1": {
            "key": "groedig",
            "name": "SV Grödig",
            "code": "SVG"
          },
          "team2": {
            "key": "austria",
            "name": "FK Austria Wien",
            "code": "AUS"
          },
          "score1": 0,
          "score2": 1
        },
        {
          "date": "2016-02-06",
          "team1": {
            "key": "admira",
            "name": "FC Admira Wacker",
            "code": "ADM"
          },
          "team2": {
            "key": "salzburg",
            "name": "FC RB Salzburg",
            "code": "RBS"
          },
          "score1": 1,
          "score2": 2
        },
        {
          "date": "2016-02-06",
          "team1": {
            "key": "mattersburg",
            "name": "SV Mattersburg",
            "code": "MAT"
          },
          "team2": {
            "key": "ried",
            "name": "SV Ried",
            "code": "RIE"
          },
          "score1": 3,
          "score2": 3
        }
      ]
    },
    {
      "name": "22. Runde",
      "matches": [
        {
          "date": "2016-02-13",
          "team1": {
            "key": "altach",
            "name": "SCR Altach",
            "code": "ALT"
          },
          "team2": {
            "key": "mattersburg",
            "name": "SV Mattersburg",
            "code": "MAT"
          },
          "score1": 1,
          "score2": 2
        },
        {
          "date": "2016-02-13",
          "team1": {
            "key": "wac",
            "name": "Wolfsberger AC",
            "code": "WAC"
          },
          "team2": {
            "key": "sturm",
            "name": "SK Sturm Graz",
            "code": "STU"
          },
          "score1": 0,
          "score2": 0
        },
        {
          "date": "2016-02-13",
          "team1": {
            "key": "ried",
            "name": "SV Ried",
            "code": "RIE"
          },
          "team2": {
            "key": "salzburg",
            "name": "FC RB Salzburg",
            "code": "RBS"
          },
          "score1": 1,
          "score2": 0
        },
        {
          "date": "2016-02-13",
          "team1": {
            "key": "austria",
            "name": "FK Austria Wien",
            "code": "AUS"
          },
          "team2": {
            "key": "rapid",
            "name": "SK Rapid Wien",
            "code": "RAP"
          },
          "score1": 0,
          "score2": 3
        },
        {
          "date": "2016-02-13",
          "team1": {
            "key": "groedig",
            "name": "SV Grödig",
            "code": "SVG"
          },
          "team2": {
            "key": "admira",
            "name": "FC Admira Wacker",
            "code": "ADM"
          },
          "score1": 2,
          "score2": 2
        }
      ]
    },
    {
      "name": "23. Runde",
      "matches": [
        {
          "date": "2016-02-20",
          "team1": {
            "key": "salzburg",
            "name": "FC RB Salzburg",
            "code": "RBS"
          },
          "team2": {
            "key": "altach",
            "name": "SCR Altach",
            "code": "ALT"
          },
          "score1": 2,
          "score2": 0
        },
        {
          "date": "2016-02-20",
          "team1": {
            "key": "sturm",
            "name": "SK Sturm Graz",
            "code": "STU"
          },
          "team2": {
            "key": "rapid",
            "name": "SK Rapid Wien",
            "code": "RAP"
          },
          "score1": 0,
          "score2": 2
        },
        {
          "date": "2016-02-20",
          "team1": {
            "key": "wac",
            "name": "Wolfsberger AC",
            "code": "WAC"
          },
          "team2": {
            "key": "groedig",
            "name": "SV Grödig",
            "code": "SVG"
          },
          "score1": 2,
          "score2": 0
        },
        {
          "date": "2016-02-20",
          "team1": {
            "key": "austria",
            "name": "FK Austria Wien",
            "code": "AUS"
          },
          "team2": {
            "key": "mattersburg",
            "name": "SV Mattersburg",
            "code": "MAT"
          },
          "score1": 2,
          "score2": 2
        },
        {
          "date": "2016-02-20",
          "team1": {
            "key": "admira",
            "name": "FC Admira Wacker",
            "code": "ADM"
          },
          "team2": {
            "key": "ried",
            "name": "SV Ried",
            "code": "RIE"
          },
          "score1": 0,
          "score2": 0
        }
      ]
    },
    {
      "name": "24. Runde",
      "matches": [
        {
          "date": "2016-02-27",
          "team1": {
            "key": "salzburg",
            "name": "FC RB Salzburg",
            "code": "RBS"
          },
          "team2": {
            "key": "austria",
            "name": "FK Austria Wien",
            "code": "AUS"
          },
          "score1": 4,
          "score2": 1
        },
        {
          "date": "2016-02-27",
          "team1": {
            "key": "rapid",
            "name": "SK Rapid Wien",
            "code": "RAP"
          },
          "team2": {
            "key": "groedig",
            "name": "SV Grödig",
            "code": "SVG"
          },
          "score1": 3,
          "score2": 2
        },
        {
          "date": "2016-02-27",
          "team1": {
            "key": "altach",
            "name": "SCR Altach",
            "code": "ALT"
          },
          "team2": {
            "key": "admira",
            "name": "FC Admira Wacker",
            "code": "ADM"
          },
          "score1": 1,
          "score2": 2
        },
        {
          "date": "2016-02-27",
          "team1": {
            "key": "ried",
            "name": "SV Ried",
            "code": "RIE"
          },
          "team2": {
            "key": "sturm",
            "name": "SK Sturm Graz",
            "code": "STU"
          },
          "score1": 0,
          "score2": 1
        },
        {
          "date": "2016-02-27",
          "team1": {
            "key": "mattersburg",
            "name": "SV Mattersburg",
            "code": "MAT"
          },
          "team2": {
            "key": "wac",
            "name": "Wolfsberger AC",
            "code": "WAC"
          },
          "score1": 1,
          "score2": 1
        }
      ]
    },
    {
      "name": "25. Runde",
      "matches": [
        {
          "date": "2016-03-01",
          "team1": {
            "key": "rapid",
            "name": "SK Rapid Wien",
            "code": "RAP"
          },
          "team2": {
            "key": "mattersburg",
            "name": "SV Mattersburg",
            "code": "MAT"
          },
          "score1": 3,
          "score2": 0
        },
        {
          "date": "2016-03-01",
          "team1": {
            "key": "sturm",
            "name": "SK Sturm Graz",
            "code": "STU"
          },
          "team2": {
            "key": "salzburg",
            "name": "FC RB Salzburg",
            "code": "RBS"
          },
          "score1": 0,
          "score2": 0
        },
        {
          "date": "2016-03-01",
          "team1": {
            "key": "wac",
            "name": "Wolfsberger AC",
            "code": "WAC"
          },
          "team2": {
            "key": "altach",
            "name": "SCR Altach",
            "code": "ALT"
          },
          "score1": 1,
          "score2": 0
        },
        {
          "date": "2016-03-01",
          "team1": {
            "key": "groedig",
            "name": "SV Grödig",
            "code": "SVG"
          },
          "team2": {
            "key": "ried",
            "name": "SV Ried",
            "code": "RIE"
          },
          "score1": 2,
          "score2": 2
        },
        {
          "date": "2016-03-01",
          "team1": {
            "key": "admira",
            "name": "FC Admira Wacker",
            "code": "ADM"
          },
          "team2": {
            "key": "austria",
            "name": "FK Austria Wien",
            "code": "AUS"
          },
          "score1": 0,
          "score2": 3
        }
      ]
    },
    {
      "name": "26. Runde",
      "matches": [
        {
          "date": "2016-03-05",
          "team1": {
            "key": "salzburg",
            "name": "FC RB Salzburg",
            "code": "RBS"
          },
          "team2": {
            "key": "groedig",
            "name": "SV Grödig",
            "code": "SVG"
          },
          "score1": 3,
          "score2": 0
        },
        {
          "date": "2016-03-05",
          "team1": {
            "key": "altach",
            "name": "SCR Altach",
            "code": "ALT"
          },
          "team2": {
            "key": "rapid",
            "name": "SK Rapid Wien",
            "code": "RAP"
          },
          "score1": 0,
          "score2": 0
        },
        {
          "date": "2016-03-05",
          "team1": {
            "key": "austria",
            "name": "FK Austria Wien",
            "code": "AUS"
          },
          "team2": {
            "key": "ried",
            "name": "SV Ried",
            "code": "RIE"
          },
          "score1": 3,
          "score2": 1
        },
        {
          "date": "2016-03-05",
          "team1": {
            "key": "admira",
            "name": "FC Admira Wacker",
            "code": "ADM"
          },
          "team2": {
            "key": "wac",
            "name": "Wolfsberger AC",
            "code": "WAC"
          },
          "score1": 0,
          "score2": 2
        },
        {
          "date": "2016-03-05",
          "team1": {
            "key": "mattersburg",
            "name": "SV Mattersburg",
            "code": "MAT"
          },
          "team2": {
            "key": "sturm",
            "name": "SK Sturm Graz",
            "code": "STU"
          },
          "score1": 1,
          "score2": 0
        }
      ]
    },
    {
      "name": "27. Runde",
      "matches": [
        {
          "date": "2016-03-12",
          "team1": {
            "key": "rapid",
            "name": "SK Rapid Wien",
            "code": "RAP"
          },
          "team2": {
            "key": "admira",
            "name": "FC Admira Wacker",
            "code": "ADM"
          },
          "score1": 0,
          "score2": 4
        },
        {
          "date": "2016-03-12",
          "team1": {
            "key": "sturm",
            "name": "SK Sturm Graz",
            "code": "STU"
          },
          "team2": {
            "key": "austria",
            "name": "FK Austria Wien",
            "code": "AUS"
          },
          "score1": 1,
          "score2": 1
        },
        {
          "date": "2016-03-12",
          "team1": {
            "key": "wac",
            "name": "Wolfsberger AC",
            "code": "WAC"
          },
          "team2": {
            "key": "salzburg",
            "name": "FC RB Salzburg",
            "code": "RBS"
          },
          "score1": 1,
          "score2": 1
        },
        {
          "date": "2016-03-12",
          "team1": {
            "key": "ried",
            "name": "SV Ried",
            "code": "RIE"
          },
          "team2": {
            "key": "altach",
            "name": "SCR Altach",
            "code": "ALT"
          },
          "score1": 0,
          "score2": 2
        },
        {
          "date": "2016-03-12",
          "team1": {
            "key": "groedig",
            "name": "SV Grödig",
            "code": "SVG"
          },
          "team2": {
            "key": "mattersburg",
            "name": "SV Mattersburg",
            "code": "MAT"
          },
          "score1": 0,
          "score2": 1
        }
      ]
    },
    {
      "name": "28. Runde",
      "matches": [
        {
          "date": "2016-03-19",
          "team1": {
            "key": "ried",
            "name": "SV Ried",
            "code": "RIE"
          },
          "team2": {
            "key": "rapid",
            "name": "SK Rapid Wien",
            "code": "RAP"
          },
          "score1": 1,
          "score2": 0
        },
        {
          "date": "2016-03-19",
          "team1": {
            "key": "admira",
            "name": "FC Admira Wacker",
            "code": "ADM"
          },
          "team2": {
            "key": "sturm",
            "name": "SK Sturm Graz",
            "code": "STU"
          },
          "score1": 1,
          "score2": 0
        },
        {
          "date": "2016-03-19",
          "team1": {
            "key": "austria",
            "name": "FK Austria Wien",
            "code": "AUS"
          },
          "team2": {
            "key": "wac",
            "name": "Wolfsberger AC",
            "code": "WAC"
          },
          "score1": 0,
          "score2": 0
        },
        {
          "date": "2016-03-19",
          "team1": {
            "key": "altach",
            "name": "SCR Altach",
            "code": "ALT"
          },
          "team2": {
            "key": "groedig",
            "name": "SV Grödig",
            "code": "SVG"
          },
          "score1": 1,
          "score2": 0
        },
        {
          "date": "2016-03-19",
          "team1": {
            "key": "salzburg",
            "name": "FC RB Salzburg",
            "code": "RBS"
          },
          "team2": {
            "key": "mattersburg",
            "name": "SV Mattersburg",
            "code": "MAT"
          },
          "score1": 2,
          "score2": 1
        }
      ]
    },
    {
      "name": "29. Runde",
      "matches": [
        {
          "date": "2016-04-02",
          "team1": {
            "key": "rapid",
            "name": "SK Rapid Wien",
            "code": "RAP"
          },
          "team2": {
            "key": "salzburg",
            "name": "FC RB Salzburg",
            "code": "RBS"
          },
          "score1": 1,
          "score2": 1
        },
        {
          "date": "2016-04-02",
          "team1": {
            "key": "groedig",
            "name": "SV Grödig",
            "code": "SVG"
          },
          "team2": {
            "key": "sturm",
            "name": "SK Sturm Graz",
            "code": "STU"
          },
          "score1": 1,
          "score2": 3
        },
        {
          "date": "2016-04-02",
          "team1": {
            "key": "wac",
            "name": "Wolfsberger AC",
            "code": "WAC"
          },
          "team2": {
            "key": "ried",
            "name": "SV Ried",
            "code": "RIE"
          },
          "score1": 1,
          "score2": 0
        },
        {
          "date": "2016-04-02",
          "team1": {
            "key": "altach",
            "name": "SCR Altach",
            "code": "ALT"
          },
          "team2": {
            "key": "austria",
            "name": "FK Austria Wien",
            "code": "AUS"
          },
          "score1": 2,
          "score2": 0
        },
        {
          "date": "2016-04-02",
          "team1": {
            "key": "mattersburg",
            "name": "SV Mattersburg",
            "code": "MAT"
          },
          "team2": {
            "key": "admira",
            "name": "FC Admira Wacker",
            "code": "ADM"
          },
          "score1": 0,
          "score2": 3
        }
      ]
    },
    {
      "name": "30. Runde",
      "matches": [
        {
          "date": "2016-04-09",
          "team1": {
            "key": "wac",
            "name": "Wolfsberger AC",
            "code": "WAC"
          },
          "team2": {
            "key": "rapid",
            "name": "SK Rapid Wien",
            "code": "RAP"
          },
          "score1": 2,
          "score2": 2
        },
        {
          "date": "2016-04-09",
          "team1": {
            "key": "sturm",
            "name": "SK Sturm Graz",
            "code": "STU"
          },
          "team2": {
            "key": "altach",
            "name": "SCR Altach",
            "code": "ALT"
          },
          "score1": 4,
          "score2": 1
        },
        {
          "date": "2016-04-09",
          "team1": {
            "key": "austria",
            "name": "FK Austria Wien",
            "code": "AUS"
          },
          "team2": {
            "key": "groedig",
            "name": "SV Grödig",
            "code": "SVG"
          },
          "score1": 0,
          "score2": 2
        },
        {
          "date": "2016-04-09",
          "team1": {
            "key": "salzburg",
            "name": "FC RB Salzburg",
            "code": "RBS"
          },
          "team2": {
            "key": "admira",
            "name": "FC Admira Wacker",
            "code": "ADM"
          },
          "score1": 1,
          "score2": 0
        },
        {
          "date": "2016-04-09",
          "team1": {
            "key": "ried",
            "name": "SV Ried",
            "code": "RIE"
          },
          "team2": {
            "key": "mattersburg",
            "name": "SV Mattersburg",
            "code": "MAT"
          },
          "score1": 1,
          "score2": 0
        }
      ]
    },
    {
      "name": "31. Runde",
      "matches": [
        {
          "date": "2016-04-16",
          "team1": {
            "key": "mattersburg",
            "name": "SV Mattersburg",
            "code": "MAT"
          },
          "team2": {
            "key": "altach",
            "name": "SCR Altach",
            "code": "ALT"
          },
          "score1": 0,
          "score2": 0
        },
        {
          "date": "2016-04-16",
          "team1": {
            "key": "sturm",
            "name": "SK Sturm Graz",
            "code": "STU"
          },
          "team2": {
            "key": "wac",
            "name": "Wolfsberger AC",
            "code": "WAC"
          },
          "score1": 1,
          "score2": 0
        },
        {
          "date": "2016-04-16",
          "team1": {
            "key": "salzburg",
            "name": "FC RB Salzburg",
            "code": "RBS"
          },
          "team2": {
            "key": "ried",
            "name": "SV Ried",
            "code": "RIE"
          },
          "score1": 2,
          "score2": 1
        },
        {
          "date": "2016-04-16",
          "team1": {
            "key": "rapid",
            "name": "SK Rapid Wien",
            "code": "RAP"
          },
          "team2": {
            "key": "austria",
            "name": "FK Austria Wien",
            "code": "AUS"
          },
          "score1": 1,
          "score2": 0
        },
        {
          "date": "2016-04-16",
          "team1": {
            "key": "admira",
            "name": "FC Admira Wacker",
            "code": "ADM"
          },
          "team2": {
            "key": "groedig",
            "name": "SV Grödig",
            "code": "SVG"
          },
          "score1": 1,
          "score2": 1
        }
      ]
    },
    {
      "name": "32. Runde",
      "matches": [
        {
          "date": "2016-04-23",
          "team1": {
            "key": "altach",
            "name": "SCR Altach",
            "code": "ALT"
          },
          "team2": {
            "key": "salzburg",
            "name": "FC RB Salzburg",
            "code": "RBS"
          },
          "score1": 1,
          "score2": 3
        },
        {
          "date": "2016-04-23",
          "team1": {
            "key": "rapid",
            "name": "SK Rapid Wien",
            "code": "RAP"
          },
          "team2": {
            "key": "sturm",
            "name": "SK Sturm Graz",
            "code": "STU"
          },
          "score1": 2,
          "score2": 0
        },
        {
          "date": "2016-04-23",
          "team1": {
            "key": "groedig",
            "name": "SV Grödig",
            "code": "SVG"
          },
          "team2": {
            "key": "wac",
            "name": "Wolfsberger AC",
            "code": "WAC"
          },
          "score1": 0,
          "score2": 1
        },
        {
          "date": "2016-04-23",
          "team1": {
            "key": "mattersburg",
            "name": "SV Mattersburg",
            "code": "MAT"
          },
          "team2": {
            "key": "austria",
            "name": "FK Austria Wien",
            "code": "AUS"
          },
          "score1": 0,
          "score2": 9
        },
        {
          "date": "2016-04-23",
          "team1": {
            "key": "ried",
            "name": "SV Ried",
            "code": "RIE"
          },
          "team2": {
            "key": "admira",
            "name": "FC Admira Wacker",
            "code": "ADM"
          },
          "score1": 1,
          "score2": 0
        }
      ]
    },
    {
      "name": "33. Runde",
      "matches": [
        {
          "date": "2016-04-30",
          "team1": {
            "key": "austria",
            "name": "FK Austria Wien",
            "code": "AUS"
          },
          "team2": {
            "key": "salzburg",
            "name": "FC RB Salzburg",
            "code": "RBS"
          },
          "score1": 0,
          "score2": 2
        },
        {
          "date": "2016-04-30",
          "team1": {
            "key": "groedig",
            "name": "SV Grödig",
            "code": "SVG"
          },
          "team2": {
            "key": "rapid",
            "name": "SK Rapid Wien",
            "code": "RAP"
          },
          "score1": 2,
          "score2": 0
        },
        {
          "date": "2016-04-30",
          "team1": {
            "key": "admira",
            "name": "FC Admira Wacker",
            "code": "ADM"
          },
          "team2": {
            "key": "altach",
            "name": "SCR Altach",
            "code": "ALT"
          },
          "score1": 2,
          "score2": 1
        },
        {
          "date": "2016-04-30",
          "team1": {
            "key": "sturm",
            "name": "SK Sturm Graz",
            "code": "STU"
          },
          "team2": {
            "key": "ried",
            "name": "SV Ried",
            "code": "RIE"
          },
          "score1": 0,
          "score2": 0
        },
        {
          "date": "2016-04-30",
          "team1": {
            "key": "wac",
            "name": "Wolfsberger AC",
            "code": "WAC"
          },
          "team2": {
            "key": "mattersburg",
            "name": "SV Mattersburg",
            "code": "MAT"
          },
          "score1": 2,
          "score2": 0
        }
      ]
    },
    {
      "name": "34. Runde",
      "matches": [
        {
          "date": "2016-05-07",
          "team1": {
            "key": "mattersburg",
            "name": "SV Mattersburg",
            "code": "MAT"
          },
          "team2": {
            "key": "rapid",
            "name": "SK Rapid Wien",
            "code": "RAP"
          },
          "score1": 0,
          "score2": 2
        },
        {
          "date": "2016-05-07",
          "team1": {
            "key": "salzburg",
            "name": "FC RB Salzburg",
            "code": "RBS"
          },
          "team2": {
            "key": "sturm",
            "name": "SK Sturm Graz",
            "code": "STU"
          },
          "score1": 1,
          "score2": 1
        },
        {
          "date": "2016-05-07",
          "team1": {
            "key": "altach",
            "name": "SCR Altach",
            "code": "ALT"
          },
          "team2": {
            "key": "wac",
            "name": "Wolfsberger AC",
            "code": "WAC"
          },
          "score1": 1,
          "score2": 1
        },
        {
          "date": "2016-05-07",
          "team1": {
            "key": "ried",
            "name": "SV Ried",
            "code": "RIE"
          },
          "team2": {
            "key": "groedig",
            "name": "SV Grödig",
            "code": "SVG"
          },
          "score1": 2,
          "score2": 0
        },
        {
          "date": "2016-05-07",
          "team1": {
            "key": "austria",
            "name": "FK Austria Wien",
            "code": "AUS"
          },
          "team2": {
            "key": "admira",
            "name": "FC Admira Wacker",
            "code": "ADM"
          },
          "score1": 3,
          "score2": 1
        }
      ]
    },
    {
      "name": "35. Runde",
      "matches": [
        {
          "date": "2016-05-11",
          "team1": {
            "key": "groedig",
            "name": "SV Grödig",
            "code": "SVG"
          },
          "team2": {
            "key": "salzburg",
            "name": "FC RB Salzburg",
            "code": "RBS"
          },
          "score1": 1,
          "score2": 2
        },
        {
          "date": "2016-05-11",
          "team1": {
            "key": "rapid",
            "name": "SK Rapid Wien",
            "code": "RAP"
          },
          "team2": {
            "key": "altach",
            "name": "SCR Altach",
            "code": "ALT"
          },
          "score1": 1,
          "score2": 1
        },
        {
          "date": "2016-05-11",
          "team1": {
            "key": "ried",
            "name": "SV Ried",
            "code": "RIE"
          },
          "team2": {
            "key": "austria",
            "name": "FK Austria Wien",
            "code": "AUS"
          },
          "score1": 0,
          "score2": 5
        },
        {
          "date": "2016-05-11",
          "team1": {
            "key": "wac",
            "name": "Wolfsberger AC",
            "code": "WAC"
          },
          "team2": {
            "key": "admira",
            "name": "FC Admira Wacker",
            "code": "ADM"
          },
          "score1": 1,
          "score2": 2
        },
        {
          "date": "2016-05-11",
          "team1": {
            "key": "sturm",
            "name": "SK Sturm Graz",
            "code": "STU"
          },
          "team2": {
            "key": "mattersburg",
            "name": "SV Mattersburg",
            "code": "MAT"
          },
          "score1": 1,
          "score2": 1
        }
      ]
    },
    {
      "name": "36. Runde",
      "matches": [
        {
          "date": "2016-05-15",
          "team1": {
            "key": "admira",
            "name": "FC Admira Wacker",
            "code": "ADM"
          },
          "team2": {
            "key": "rapid",
            "name": "SK Rapid Wien",
            "code": "RAP"
          },
          "score1": 1,
          "score2": 3
        },
        {
          "date": "2016-05-15",
          "team1": {
            "key": "austria",
            "name": "FK Austria Wien",
            "code": "AUS"
          },
          "team2": {
            "key": "sturm",
            "name": "SK Sturm Graz",
            "code": "STU"
          },
          "score1": 3,
          "score2": 0
        },
        {
          "date": "2016-05-15",
          "team1": {
            "key": "salzburg",
            "name": "FC RB Salzburg",
            "code": "RBS"
          },
          "team2": {
            "key": "wac",
            "name": "Wolfsberger AC",
            "code": "WAC"
          },
          "score1": 1,
          "score2": 0
        },
        {
          "date": "2016-05-15",
          "team1": {
            "key": "altach",
            "name": "SCR Altach",
            "code": "ALT"
          },
          "team2": {
            "key": "ried",
            "name": "SV Ried",
            "code": "RIE"
          },
          "score1": 0,
          "score2": 0
        },
        {
          "date": "2016-05-15",
          "team1": {
            "key": "mattersburg",
            "name": "SV Mattersburg",
            "code": "MAT"
          },
          "team2": {
            "key": "groedig",
            "name": "SV Grödig",
            "code": "SVG"
          },
          "score1": 2,
          "score2": 3
        }
      ]
    }
  ]
}