{
  "name": "Österr. Bundesliga 2015/16",
  "clubs": [
    {
      "key": "austria",
      "name": "FK Austria Wien",
      "code": "AUS"
    },
    {
      "key": "rapid",
      "name": "SK Rapid Wien",
      "code": "RAP"
    },
    {
      "key": "admira",
      "name": "FC Admira Wacker",
      "code": "ADM"
    },
    {
      "key": "mattersburg",
      "name": "SV Mattersburg",
      "code": "MAT"
    },
    {
      "key": "salzburg",
      "name": "FC RB Salzburg",
      "code": "RBS"
    },
    {
      "key": "groedig",
      "name": "SV Grödig",
      "code": "SVG"
    },
    {
      "key": "sturm",
      "name": "SK Sturm Graz",
      "code": "STU"
    },
    {
      "key": "wac",
      "name": "Wolfsberger AC",
      "code": "WAC"
    },
    {
      "key": "ried",
      "name": "SV Ried",
      "code": "RIE"
    },
    {
      "key": "altach",
      "name": "SCR Altach",
      "code": "ALT"
    }
  ]
}