{
  "name": "Österr. Erste Liga 2015/16",
  "clubs": [
    {
      "key": "wrneustadt",
      "name": "SC Wiener Neustadt",
      "code": "WRN"
    },
    {
      "key": "innsbruck",
      "name": "FC Wacker Innsbruck",
      "code": "FCW"
    },
    {
      "key": "alustenau",
      "name": "SC Austria Lustenau",
      "code": "ALU"
    },
    {
      "key": "stpoelten",
      "name": "SKN St. Pölten",
      "code": "SKN"
    },
    {
      "key": "ksv",
      "name": "Kapfenberger SV",
      "code": "KSV"
    },
    {
      "key": "aklagenfurt",
      "name": "SK Austria Klagenfurt",
      "code": "KLA"
    },
    {
      "key": "asalzburg",
      "name": "SV Austria Salzburg",
      "code": "AUS"
    },
    {
      "key": "liefering",
      "name": "FC Liefering",
      "code": "FCL"
    },
    {
      "key": "fac",
      "name": "Floridsdorfer AC",
      "code": "FAC"
    },
    {
      "key": "lask",
      "name": "LASK Linz",
      "code": "ASK"
    }
  ]
}