{
  "name": "Serie A 2015/16",
  "clubs": [
    {
      "key": "milan",
      "name": "Milan",
      "code": "MIL"
    },
    {
      "key": "inter",
      "name": "Inter",
      "code": "INT"
    },
    {
      "key": "lazio",
      "name": "Lazio",
      "code": "LAZ"
    },
    {
      "key": "roma",
      "name": "Roma",
      "code": "ROM"
    },
    {
      "key": "genoa",
      "name": "Genoa",
      "code": "GEN"
    },
    {
      "key": "sampdoria",
      "name": "Sampdoria",
      "code": "SAM"
    },
    {
      "key": "juventus",
      "name": "Juventus",
      "code": "JUV"
    },
    {
      "key": "torino",
      "name": "Torino",
      "code": "TOR"
    },
    {
      "key": "napoli",
      "name": "Napoli",
      "code": "NAP"
    },
    {
      "key": "atalanta",
      "name": "Atalanta",
      "code": "ATA"
    },
    {
      "key": "chievoverona",
      "name": "Chievo",
      "code": "CHI"
    },
    {
      "key": "fiorentina",
      "name": "Fiorentina",
      "code": "FIO"
    },
    {
      "key": "udinese",
      "name": "Udinese",
      "code": "UDI"
    },
    {
      "key": "sassuolo",
      "name": "Sassuolo",
      "code": "SAS"
    },
    {
      "key": "palermo",
      "name": "Palermo",
      "code": "PAL"
    },
    {
      "key": "empoli",
      "name": "Empoli",
      "code": "EMP"
    },
    {
      "key": "bologna",
      "name": "Bologna",
      "code": "BOL"
    },
    {
      "key": "carpi",
      "name": "Carpi",
      "code": null
    },
    {
      "key": "frosinone",
      "name": "Frosinone",
      "code": null
    },
    {
      "key": "hellasverona",
      "name": "Verona",
      "code": "HEL"
    }
  ]
}