{
  "name": "Österr. Erste Liga 2016/17",
  "rounds": [
    {
      "name": "Runde 1",
      "matches": [
        {
          "date": "2016-07-22",
          "team1": {
            "key": "liefering",
            "name": "FC Liefering",
            "code": "FCL"
          },
          "team2": {
            "key": "horn",
            "name": "SV Horn",
            "code": "SVH"
          },
          "score1": 1,
          "score2": 0
        },
        {
          "date": "2016-07-22",
          "team1": {
            "key": "linz",
            "name": "FC Blau-Weiß Linz",
            "code": "BWL"
          },
          "team2": {
            "key": "wattens",
            "name": "WSG Wattens",
            "code": "WAT"
          },
          "score1": 0,
          "score2": 3
        },
        {
          "date": "2016-07-22",
          "team1": {
            "key": "innsbruck",
            "name": "FC Wacker Innsbruck",
            "code": "FCW"
          },
          "team2": {
            "key": "fac",
            "name": "Floridsdorfer AC",
            "code": "FAC"
          },
          "score1": 2,
          "score2": 1
        },
        {
          "date": "2016-07-22",
          "team1": {
            "key": "ksv",
            "name": "Kapfenberger SV",
            "code": "KSV"
          },
          "team2": {
            "key": "wrneustadt",
            "name": "SC Wiener Neustadt",
            "code": "WRN"
          },
          "score1": 3,
          "score2": 1
        },
        {
          "date": "2016-07-22",
          "team1": {
            "key": "alustenau",
            "name": "SC Austria Lustenau",
            "code": "ALU"
          },
          "team2": {
            "key": "lask",
            "name": "LASK Linz",
            "code": "ASK"
          },
          "score1": 1,
          "score2": 1
        }
      ]
    },
    {
      "name": "Runde 2",
      "matches": [
        {
          "date": "2016-07-29",
          "team1": {
            "key": "wrneustadt",
            "name": "SC Wiener Neustadt",
            "code": "WRN"
          },
          "team2": {
            "key": "liefering",
            "name": "FC Liefering",
            "code": "FCL"
          },
          "score1": 1,
          "score2": 4
        },
        {
          "date": "2016-07-29",
          "team1": {
            "key": "wattens",
            "name": "WSG Wattens",
            "code": "WAT"
          },
          "team2": {
            "key": "fac",
            "name": "Floridsdorfer AC",
            "code": "FAC"
          },
          "score1": 0,
          "score2": 0
        },
        {
          "date": "2016-07-29",
          "team1": {
            "key": "alustenau",
            "name": "SC Austria Lustenau",
            "code": "ALU"
          },
          "team2": {
            "key": "horn",
            "name": "SV Horn",
            "code": "SVH"
          },
          "score1": 2,
          "score2": 1
        },
        {
          "date": "2016-07-29",
          "team1": {
            "key": "ksv",
            "name": "Kapfenberger SV",
            "code": "KSV"
          },
          "team2": {
            "key": "innsbruck",
            "name": "FC Wacker Innsbruck",
            "code": "FCW"
          },
          "score1": 1,
          "score2": 1
        },
        {
          "date": "2016-07-29",
          "team1": {
            "key": "lask",
            "name": "LASK Linz",
            "code": "ASK"
          },
          "team2": {
            "key": "linz",
            "name": "FC Blau-Weiß Linz",
            "code": "BWL"
          },
          "score1": 2,
          "score2": 1
        }
      ]
    },
    {
      "name": "Runde 3",
      "matches": [
        {
          "date": "2016-08-05",
          "team1": {
            "key": "liefering",
            "name": "FC Liefering",
            "code": "FCL"
          },
          "team2": {
            "key": "lask",
            "name": "LASK Linz",
            "code": "ASK"
          },
          "score1": 4,
          "score2": 2
        },
        {
          "date": "2016-08-05",
          "team1": {
            "key": "linz",
            "name": "FC Blau-Weiß Linz",
            "code": "BWL"
          },
          "team2": {
            "key": "wrneustadt",
            "name": "SC Wiener Neustadt",
            "code": "WRN"
          },
          "score1": 0,
          "score2": 1
        },
        {
          "date": "2016-08-05",
          "team1": {
            "key": "horn",
            "name": "SV Horn",
            "code": "SVH"
          },
          "team2": {
            "key": "ksv",
            "name": "Kapfenberger SV",
            "code": "KSV"
          },
          "score1": 1,
          "score2": 2
        },
        {
          "date": "2016-08-05",
          "team1": {
            "key": "fac",
            "name": "Floridsdorfer AC",
            "code": "FAC"
          },
          "team2": {
            "key": "alustenau",
            "name": "SC Austria Lustenau",
            "code": "ALU"
          },
          "score1": 1,
          "score2": 3
        },
        {
          "date": "2016-08-05",
          "team1": {
            "key": "innsbruck",
            "name": "FC Wacker Innsbruck",
            "code": "FCW"
          },
          "team2": {
            "key": "wattens",
            "name": "WSG Wattens",
            "code": "WAT"
          },
          "score1": 1,
          "score2": 2
        }
      ]
    },
    {
      "name": "Runde 4",
      "matches": [
        {
          "date": "2016-08-12",
          "team1": {
            "key": "liefering",
            "name": "FC Liefering",
            "code": "FCL"
          },
          "team2": {
            "key": "fac",
            "name": "Floridsdorfer AC",
            "code": "FAC"
          },
          "score1": 2,
          "score2": 1
        },
        {
          "date": "2016-08-12",
          "team1": {
            "key": "wattens",
            "name": "WSG Wattens",
            "code": "WAT"
          },
          "team2": {
            "key": "wrneustadt",
            "name": "SC Wiener Neustadt",
            "code": "WRN"
          },
          "score1": 0,
          "score2": 1
        },
        {
          "date": "2016-08-12",
          "team1": {
            "key": "alustenau",
            "name": "SC Austria Lustenau",
            "code": "ALU"
          },
          "team2": {
            "key": "ksv",
            "name": "Kapfenberger SV",
            "code": "KSV"
          },
          "score1": 1,
          "score2": 3
        },
        {
          "date": "2016-08-12",
          "team1": {
            "key": "horn",
            "name": "SV Horn",
            "code": "SVH"
          },
          "team2": {
            "key": "linz",
            "name": "FC Blau-Weiß Linz",
            "code": "BWL"
          },
          "score1": 2,
          "score2": 1
        },
        {
          "date": "2016-08-12",
          "team1": {
            "key": "lask",
            "name": "LASK Linz",
            "code": "ASK"
          },
          "team2": {
            "key": "innsbruck",
            "name": "FC Wacker Innsbruck",
            "code": "FCW"
          },
          "score1": 1,
          "score2": 0
        }
      ]
    },
    {
      "name": "Runde 5",
      "matches": [
        {
          "date": "2016-08-15",
          "team1": {
            "key": "linz",
            "name": "FC Blau-Weiß Linz",
            "code": "BWL"
          },
          "team2": {
            "key": "alustenau",
            "name": "SC Austria Lustenau",
            "code": "ALU"
          },
          "score1": 1,
          "score2": 1
        },
        {
          "date": "2016-08-16",
          "team1": {
            "key": "wrneustadt",
            "name": "SC Wiener Neustadt",
            "code": "WRN"
          },
          "team2": {
            "key": "lask",
            "name": "LASK Linz",
            "code": "ASK"
          },
          "score1": 1,
          "score2": 2
        },
        {
          "date": "2016-08-16",
          "team1": {
            "key": "innsbruck",
            "name": "FC Wacker Innsbruck",
            "code": "FCW"
          },
          "team2": {
            "key": "liefering",
            "name": "FC Liefering",
            "code": "FCL"
          },
          "score1": 1,
          "score2": 1
        },
        {
          "date": "2016-08-16",
          "team1": {
            "key": "ksv",
            "name": "Kapfenberger SV",
            "code": "KSV"
          },
          "team2": {
            "key": "wattens",
            "name": "WSG Wattens",
            "code": "WAT"
          },
          "score1": 3,
          "score2": 0
        },
        {
          "date": "2016-08-16",
          "team1": {
            "key": "fac",
            "name": "Floridsdorfer AC",
            "code": "FAC"
          },
          "team2": {
            "key": "horn",
            "name": "SV Horn",
            "code": "SVH"
          },
          "score1": 2,
          "score2": 1
        }
      ]
    },
    {
      "name": "Runde 6",
      "matches": [
        {
          "date": "2016-08-19",
          "team1": {
            "key": "liefering",
            "name": "FC Liefering",
            "code": "FCL"
          },
          "team2": {
            "key": "ksv",
            "name": "Kapfenberger SV",
            "code": "KSV"
          },
          "score1": 2,
          "score2": 0
        },
        {
          "date": "2016-08-19",
          "team1": {
            "key": "lask",
            "name": "LASK Linz",
            "code": "ASK"
          },
          "team2": {
            "key": "wattens",
            "name": "WSG Wattens",
            "code": "WAT"
          },
          "score1": 4,
          "score2": 0
        },
        {
          "date": "2016-08-19",
          "team1": {
            "key": "innsbruck",
            "name": "FC Wacker Innsbruck",
            "code": "FCW"
          },
          "team2": {
            "key": "alustenau",
            "name": "SC Austria Lustenau",
            "code": "ALU"
          },
          "score1": 0,
          "score2": 1
        },
        {
          "date": "2016-08-19",
          "team1": {
            "key": "fac",
            "name": "Floridsdorfer AC",
            "code": "FAC"
          },
          "team2": {
            "key": "linz",
            "name": "FC Blau-Weiß Linz",
            "code": "BWL"
          },
          "score1": 2,
          "score2": 1
        },
        {
          "date": "2016-08-19",
          "team1": {
            "key": "horn",
            "name": "SV Horn",
            "code": "SVH"
          },
          "team2": {
            "key": "wrneustadt",
            "name": "SC Wiener Neustadt",
            "code": "WRN"
          },
          "score1": 0,
          "score2": 1
        }
      ]
    },
    {
      "name": "Runde 7",
      "matches": [
        {
          "date": "2016-08-26",
          "team1": {
            "key": "wrneustadt",
            "name": "SC Wiener Neustadt",
            "code": "WRN"
          },
          "team2": {
            "key": "fac",
            "name": "Floridsdorfer AC",
            "code": "FAC"
          },
          "score1": 0,
          "score2": 3
        },
        {
          "date": "2016-08-26",
          "team1": {
            "key": "linz",
            "name": "FC Blau-Weiß Linz",
            "code": "BWL"
          },
          "team2": {
            "key": "innsbruck",
            "name": "FC Wacker Innsbruck",
            "code": "FCW"
          },
          "score1": 2,
          "score2": 2
        },
        {
          "date": "2016-08-26",
          "team1": {
            "key": "wattens",
            "name": "WSG Wattens",
            "code": "WAT"
          },
          "team2": {
            "key": "horn",
            "name": "SV Horn",
            "code": "SVH"
          },
          "score1": 2,
          "score2": 2
        },
        {
          "date": "2016-08-26",
          "team1": {
            "key": "alustenau",
            "name": "SC Austria Lustenau",
            "code": "ALU"
          },
          "team2": {
            "key": "liefering",
            "name": "FC Liefering",
            "code": "FCL"
          },
          "score1": 1,
          "score2": 1
        },
        {
          "date": "2016-08-26",
          "team1": {
            "key": "ksv",
            "name": "Kapfenberger SV",
            "code": "KSV"
          },
          "team2": {
            "key": "lask",
            "name": "LASK Linz",
            "code": "ASK"
          },
          "score1": 1,
          "score2": 2
        }
      ]
    },
    {
      "name": "Runde 8",
      "matches": [
        {
          "date": "2016-09-09",
          "team1": {
            "key": "wrneustadt",
            "name": "SC Wiener Neustadt",
            "code": "WRN"
          },
          "team2": {
            "key": "alustenau",
            "name": "SC Austria Lustenau",
            "code": "ALU"
          },
          "score1": 1,
          "score2": 4
        },
        {
          "date": "2016-09-09",
          "team1": {
            "key": "linz",
            "name": "FC Blau-Weiß Linz",
            "code": "BWL"
          },
          "team2": {
            "key": "ksv",
            "name": "Kapfenberger SV",
            "code": "KSV"
          },
          "score1": 0,
          "score2": 1
        },
        {
          "date": "2016-09-09",
          "team1": {
            "key": "wattens",
            "name": "WSG Wattens",
            "code": "WAT"
          },
          "team2": {
            "key": "liefering",
            "name": "FC Liefering",
            "code": "FCL"
          },
          "score1": 1,
          "score2": 1
        },
        {
          "date": "2016-09-09",
          "team1": {
            "key": "horn",
            "name": "SV Horn",
            "code": "SVH"
          },
          "team2": {
            "key": "innsbruck",
            "name": "FC Wacker Innsbruck",
            "code": "FCW"
          },
          "score1": 2,
          "score2": 1
        },
        {
          "date": "2016-09-09",
          "team1": {
            "key": "fac",
            "name": "Floridsdorfer AC",
            "code": "FAC"
          },
          "team2": {
            "key": "lask",
            "name": "LASK Linz",
            "code": "ASK"
          },
          "score1": 2,
          "score2": 3
        }
      ]
    },
    {
      "name": "Runde 9",
      "matches": [
        {
          "date": "2016-09-13",
          "team1": {
            "key": "liefering",
            "name": "FC Liefering",
            "code": "FCL"
          },
          "team2": {
            "key": "linz",
            "name": "FC Blau-Weiß Linz",
            "code": "BWL"
          },
          "score1": 2,
          "score2": 0
        },
        {
          "date": "2016-09-13",
          "team1": {
            "key": "lask",
            "name": "LASK Linz",
            "code": "ASK"
          },
          "team2": {
            "key": "horn",
            "name": "SV Horn",
            "code": "SVH"
          },
          "score1": 1,
          "score2": 1
        },
        {
          "date": "2016-09-13",
          "team1": {
            "key": "innsbruck",
            "name": "FC Wacker Innsbruck",
            "code": "FCW"
          },
          "team2": {
            "key": "wrneustadt",
            "name": "SC Wiener Neustadt",
            "code": "WRN"
          },
          "score1": 3,
          "score2": 2
        },
        {
          "date": "2016-09-13",
          "team1": {
            "key": "alustenau",
            "name": "SC Austria Lustenau",
            "code": "ALU"
          },
          "team2": {
            "key": "wattens",
            "name": "WSG Wattens",
            "code": "WAT"
          },
          "score1": 4,
          "score2": 0
        },
        {
          "date": "2016-09-13",
          "team1": {
            "key": "ksv",
            "name": "Kapfenberger SV",
            "code": "KSV"
          },
          "team2": {
            "key": "fac",
            "name": "Floridsdorfer AC",
            "code": "FAC"
          },
          "score1": 2,
          "score2": 0
        }
      ]
    },
    {
      "name": "Runde 10",
      "matches": [
        {
          "date": "2016-09-16",
          "team1": {
            "key": "wrneustadt",
            "name": "SC Wiener Neustadt",
            "code": "WRN"
          },
          "team2": {
            "key": "ksv",
            "name": "Kapfenberger SV",
            "code": "KSV"
          },
          "score1": 2,
          "score2": 0
        },
        {
          "date": "2016-09-16",
          "team1": {
            "key": "lask",
            "name": "LASK Linz",
            "code": "ASK"
          },
          "team2": {
            "key": "alustenau",
            "name": "SC Austria Lustenau",
            "code": "ALU"
          },
          "score1": 3,
          "score2": 1
        },
        {
          "date": "2016-09-16",
          "team1": {
            "key": "wattens",
            "name": "WSG Wattens",
            "code": "WAT"
          },
          "team2": {
            "key": "linz",
            "name": "FC Blau-Weiß Linz",
            "code": "BWL"
          },
          "score1": 0,
          "score2": 0
        },
        {
          "date": "2016-09-16",
          "team1": {
            "key": "horn",
            "name": "SV Horn",
            "code": "SVH"
          },
          "team2": {
            "key": "liefering",
            "name": "FC Liefering",
            "code": "FCL"
          },
          "score1": 2,
          "score2": 3
        },
        {
          "date": "2016-09-16",
          "team1": {
            "key": "fac",
            "name": "Floridsdorfer AC",
            "code": "FAC"
          },
          "team2": {
            "key": "innsbruck",
            "name": "FC Wacker Innsbruck",
            "code": "FCW"
          },
          "score1": 3,
          "score2": 1
        }
      ]
    },
    {
      "name": "Runde 11",
      "matches": [
        {
          "date": "2016-09-23",
          "team1": {
            "key": "liefering",
            "name": "FC Liefering",
            "code": "FCL"
          },
          "team2": {
            "key": "wrneustadt",
            "name": "SC Wiener Neustadt",
            "code": "WRN"
          },
          "score1": 3,
          "score2": 1
        },
        {
          "date": "2016-09-23",
          "team1": {
            "key": "linz",
            "name": "FC Blau-Weiß Linz",
            "code": "BWL"
          },
          "team2": {
            "key": "lask",
            "name": "LASK Linz",
            "code": "ASK"
          },
          "score1": 2,
          "score2": 0
        },
        {
          "date": "2016-09-23",
          "team1": {
            "key": "innsbruck",
            "name": "FC Wacker Innsbruck",
            "code": "FCW"
          },
          "team2": {
            "key": "ksv",
            "name": "Kapfenberger SV",
            "code": "KSV"
          },
          "score1": 1,
          "score2": 0
        },
        {
          "date": "2016-09-23",
          "team1": {
            "key": "horn",
            "name": "SV Horn",
            "code": "SVH"
          },
          "team2": {
            "key": "alustenau",
            "name": "SC Austria Lustenau",
            "code": "ALU"
          },
          "score1": 1,
          "score2": 3
        },
        {
          "date": "2016-09-23",
          "team1": {
            "key": "fac",
            "name": "Floridsdorfer AC",
            "code": "FAC"
          },
          "team2": {
            "key": "wattens",
            "name": "WSG Wattens",
            "code": "WAT"
          },
          "score1": 1,
          "score2": 1
        }
      ]
    },
    {
      "name": "Runde 12",
      "matches": [
        {
          "date": "2016-09-30",
          "team1": {
            "key": "wrneustadt",
            "name": "SC Wiener Neustadt",
            "code": "WRN"
          },
          "team2": {
            "key": "linz",
            "name": "FC Blau-Weiß Linz",
            "code": "BWL"
          },
          "score1": 3,
          "score2": 2
        },
        {
          "date": "2016-09-30",
          "team1": {
            "key": "lask",
            "name": "LASK Linz",
            "code": "ASK"
          },
          "team2": {
            "key": "liefering",
            "name": "FC Liefering",
            "code": "FCL"
          },
          "score1": 3,
          "score2": 3
        },
        {
          "date": "2016-09-30",
          "team1": {
            "key": "wattens",
            "name": "WSG Wattens",
            "code": "WAT"
          },
          "team2": {
            "key": "innsbruck",
            "name": "FC Wacker Innsbruck",
            "code": "FCW"
          },
          "score1": 2,
          "score2": 1
        },
        {
          "date": "2016-09-30",
          "team1": {
            "key": "alustenau",
            "name": "SC Austria Lustenau",
            "code": "ALU"
          },
          "team2": {
            "key": "fac",
            "name": "Floridsdorfer AC",
            "code": "FAC"
          },
          "score1": 1,
          "score2": 1
        },
        {
          "date": "2016-09-30",
          "team1": {
            "key": "ksv",
            "name": "Kapfenberger SV",
            "code": "KSV"
          },
          "team2": {
            "key": "horn",
            "name": "SV Horn",
            "code": "SVH"
          },
          "score1": 1,
          "score2": 0
        }
      ]
    },
    {
      "name": "Runde 13",
      "matches": [
        {
          "date": "2016-10-14",
          "team1": {
            "key": "wrneustadt",
            "name": "SC Wiener Neustadt",
            "code": "WRN"
          },
          "team2": {
            "key": "wattens",
            "name": "WSG Wattens",
            "code": "WAT"
          },
          "score1": 2,
          "score2": 1
        },
        {
          "date": "2016-10-14",
          "team1": {
            "key": "linz",
            "name": "FC Blau-Weiß Linz",
            "code": "BWL"
          },
          "team2": {
            "key": "horn",
            "name": "SV Horn",
            "code": "SVH"
          },
          "score1": 1,
          "score2": 0
        },
        {
          "date": "2016-10-14",
          "team1": {
            "key": "innsbruck",
            "name": "FC Wacker Innsbruck",
            "code": "FCW"
          },
          "team2": {
            "key": "lask",
            "name": "LASK Linz",
            "code": "ASK"
          },
          "score1": 2,
          "score2": 1
        },
        {
          "date": "2016-10-14",
          "team1": {
            "key": "ksv",
            "name": "Kapfenberger SV",
            "code": "KSV"
          },
          "team2": {
            "key": "alustenau",
            "name": "SC Austria Lustenau",
            "code": "ALU"
          },
          "score1": 0,
          "score2": 1
        },
        {
          "date": "2016-10-14",
          "team1": {
            "key": "fac",
            "name": "Floridsdorfer AC",
            "code": "FAC"
          },
          "team2": {
            "key": "liefering",
            "name": "FC Liefering",
            "code": "FCL"
          },
          "score1": 1,
          "score2": 5
        }
      ]
    },
    {
      "name": "Runde 14",
      "matches": [
        {
          "date": "2016-10-18",
          "team1": {
            "key": "liefering",
            "name": "FC Liefering",
            "code": "FCL"
          },
          "team2": {
            "key": "innsbruck",
            "name": "FC Wacker Innsbruck",
            "code": "FCW"
          },
          "score1": 1,
          "score2": 2
        },
        {
          "date": "2016-10-18",
          "team1": {
            "key": "lask",
            "name": "LASK Linz",
            "code": "ASK"
          },
          "team2": {
            "key": "wrneustadt",
            "name": "SC Wiener Neustadt",
            "code": "WRN"
          },
          "score1": 2,
          "score2": 2
        },
        {
          "date": "2016-10-18",
          "team1": {
            "key": "wattens",
            "name": "WSG Wattens",
            "code": "WAT"
          },
          "team2": {
            "key": "ksv",
            "name": "Kapfenberger SV",
            "code": "KSV"
          },
          "score1": 3,
          "score2": 3
        },
        {
          "date": "2016-10-18",
          "team1": {
            "key": "alustenau",
            "name": "SC Austria Lustenau",
            "code": "ALU"
          },
          "team2": {
            "key": "linz",
            "name": "FC Blau-Weiß Linz",
            "code": "BWL"
          },
          "score1": 0,
          "score2": 0
        },
        {
          "date": "2016-10-18",
          "team1": {
            "key": "horn",
            "name": "SV Horn",
            "code": "SVH"
          },
          "team2": {
            "key": "fac",
            "name": "Floridsdorfer AC",
            "code": "FAC"
          },
          "score1": 2,
          "score2": 1
        }
      ]
    },
    {
      "name": "Runde 15",
      "matches": [
        {
          "date": "2016-10-21",
          "team1": {
            "key": "wrneustadt",
            "name": "SC Wiener Neustadt",
            "code": "WRN"
          },
          "team2": {
            "key": "horn",
            "name": "SV Horn",
            "code": "SVH"
          },
          "score1": 2,
          "score2": 1
        },
        {
          "date": "2016-10-21",
          "team1": {
            "key": "linz",
            "name": "FC Blau-Weiß Linz",
            "code": "BWL"
          },
          "team2": {
            "key": "fac",
            "name": "Floridsdorfer AC",
            "code": "FAC"
          },
          "score1": 0,
          "score2": 0
        },
        {
          "date": "2016-10-21",
          "team1": {
            "key": "wattens",
            "name": "WSG Wattens",
            "code": "WAT"
          },
          "team2": {
            "key": "lask",
            "name": "LASK Linz",
            "code": "ASK"
          },
          "score1": 3,
          "score2": 2
        },
        {
          "date": "2016-10-21",
          "team1": {
            "key": "alustenau",
            "name": "SC Austria Lustenau",
            "code": "ALU"
          },
          "team2": {
            "key": "innsbruck",
            "name": "FC Wacker Innsbruck",
            "code": "FCW"
          },
          "score1": 2,
          "score2": 2
        },
        {
          "date": "2016-10-21",
          "team1": {
            "key": "ksv",
            "name": "Kapfenberger SV",
            "code": "KSV"
          },
          "team2": {
            "key": "liefering",
            "name": "FC Liefering",
            "code": "FCL"
          },
          "score1": 1,
          "score2": 0
        }
      ]
    },
    {
      "name": "Runde 16",
      "matches": [
        {
          "date": "2016-11-01",
          "team1": {
            "key": "liefering",
            "name": "FC Liefering",
            "code": "FCL"
          },
          "team2": {
            "key": "alustenau",
            "name": "SC Austria Lustenau",
            "code": "ALU"
          },
          "score1": 3,
          "score2": 5
        },
        {
          "date": "2016-11-01",
          "team1": {
            "key": "lask",
            "name": "LASK Linz",
            "code": "ASK"
          },
          "team2": {
            "key": "ksv",
            "name": "Kapfenberger SV",
            "code": "KSV"
          },
          "score1": 3,
          "score2": 1
        },
        {
          "date": "2016-11-01",
          "team1": {
            "key": "innsbruck",
            "name": "FC Wacker Innsbruck",
            "code": "FCW"
          },
          "team2": {
            "key": "linz",
            "name": "FC Blau-Weiß Linz",
            "code": "BWL"
          },
          "score1": 1,
          "score2": 1
        },
        {
          "date": "2016-11-01",
          "team1": {
            "key": "horn",
            "name": "SV Horn",
            "code": "SVH"
          },
          "team2": {
            "key": "wattens",
            "name": "WSG Wattens",
            "code": "WAT"
          },
          "score1": 2,
          "score2": 0
        },
        {
          "date": "2016-11-01",
          "team1": {
            "key": "fac",
            "name": "Floridsdorfer AC",
            "code": "FAC"
          },
          "team2": {
            "key": "wrneustadt",
            "name": "SC Wiener Neustadt",
            "code": "WRN"
          },
          "score1": 1,
          "score2": 1
        }
      ]
    },
    {
      "name": "Runde 17",
      "matches": [
        {
          "date": "2016-11-04",
          "team1": {
            "key": "liefering",
            "name": "FC Liefering",
            "code": "FCL"
          },
          "team2": {
            "key": "wattens",
            "name": "WSG Wattens",
            "code": "WAT"
          },
          "score1": 0,
          "score2": 0
        },
        {
          "date": "2016-11-04",
          "team1": {
            "key": "lask",
            "name": "LASK Linz",
            "code": "ASK"
          },
          "team2": {
            "key": "fac",
            "name": "Floridsdorfer AC",
            "code": "FAC"
          },
          "score1": 1,
          "score2": 0
        },
        {
          "date": "2016-11-04",
          "team1": {
            "key": "innsbruck",
            "name": "FC Wacker Innsbruck",
            "code": "FCW"
          },
          "team2": {
            "key": "horn",
            "name": "SV Horn",
            "code": "SVH"
          },
          "score1": 0,
          "score2": 0
        },
        {
          "date": "2016-11-04",
          "team1": {
            "key": "alustenau",
            "name": "SC Austria Lustenau",
            "code": "ALU"
          },
          "team2": {
            "key": "wrneustadt",
            "name": "SC Wiener Neustadt",
            "code": "WRN"
          },
          "score1": 1,
          "score2": 0
        },
        {
          "date": "2016-11-04",
          "team1": {
            "key": "ksv",
            "name": "Kapfenberger SV",
            "code": "KSV"
          },
          "team2": {
            "key": "linz",
            "name": "FC Blau-Weiß Linz",
            "code": "BWL"
          },
          "score1": 2,
          "score2": 2
        }
      ]
    },
    {
      "name": "Runde 18",
      "matches": [
        {
          "date": "2016-11-18",
          "team1": {
            "key": "wrneustadt",
            "name": "SC Wiener Neustadt",
            "code": "WRN"
          },
          "team2": {
            "key": "innsbruck",
            "name": "FC Wacker Innsbruck",
            "code": "FCW"
          },
          "score1": 2,
          "score2": 2
        },
        {
          "date": "2016-11-18",
          "team1": {
            "key": "linz",
            "name": "FC Blau-Weiß Linz",
            "code": "BWL"
          },
          "team2": {
            "key": "liefering",
            "name": "FC Liefering",
            "code": "FCL"
          },
          "score1": 1,
          "score2": 1
        },
        {
          "date": "2016-11-18",
          "team1": {
            "key": "wattens",
            "name": "WSG Wattens",
            "code": "WAT"
          },
          "team2": {
            "key": "alustenau",
            "name": "SC Austria Lustenau",
            "code": "ALU"
          },
          "score1": 2,
          "score2": 4
        },
        {
          "date": "2016-11-18",
          "team1": {
            "key": "horn",
            "name": "SV Horn",
            "code": "SVH"
          },
          "team2": {
            "key": "lask",
            "name": "LASK Linz",
            "code": "ASK"
          },
          "score1": 1,
          "score2": 4
        },
        {
          "date": "2016-11-18",
          "team1": {
            "key": "fac",
            "name": "Floridsdorfer AC",
            "code": "FAC"
          },
          "team2": {
            "key": "ksv",
            "name": "Kapfenberger SV",
            "code": "KSV"
          },
          "score1": 0,
          "score2": 1
        }
      ]
    },
    {
      "name": "Runde 19",
      "matches": [
        {
          "date": "2016-11-25",
          "team1": {
            "key": "liefering",
            "name": "FC Liefering",
            "code": "FCL"
          },
          "team2": {
            "key": "horn",
            "name": "SV Horn",
            "code": "SVH"
          },
          "score1": 1,
          "score2": 1
        },
        {
          "date": "2016-11-25",
          "team1": {
            "key": "linz",
            "name": "FC Blau-Weiß Linz",
            "code": "BWL"
          },
          "team2": {
            "key": "wattens",
            "name": "WSG Wattens",
            "code": "WAT"
          },
          "score1": 0,
          "score2": 0
        },
        {
          "date": "2016-11-25",
          "team1": {
            "key": "innsbruck",
            "name": "FC Wacker Innsbruck",
            "code": "FCW"
          },
          "team2": {
            "key": "fac",
            "name": "Floridsdorfer AC",
            "code": "FAC"
          },
          "score1": 2,
          "score2": 1
        },
        {
          "date": "2016-11-25",
          "team1": {
            "key": "alustenau",
            "name": "SC Austria Lustenau",
            "code": "ALU"
          },
          "team2": {
            "key": "lask",
            "name": "LASK Linz",
            "code": "ASK"
          },
          "score1": 2,
          "score2": 4
        },
        {
          "date": "2016-11-25",
          "team1": {
            "key": "ksv",
            "name": "Kapfenberger SV",
            "code": "KSV"
          },
          "team2": {
            "key": "wrneustadt",
            "name": "SC Wiener Neustadt",
            "code": "WRN"
          },
          "score1": 0,
          "score2": 3
        }
      ]
    },
    {
      "name": "Runde 20",
      "matches": [
        {
          "date": "2016-12-02",
          "team1": {
            "key": "wrneustadt",
            "name": "SC Wiener Neustadt",
            "code": "WRN"
          },
          "team2": {
            "key": "liefering",
            "name": "FC Liefering",
            "code": "FCL"
          },
          "score1": 0,
          "score2": 1
        },
        {
          "date": "2016-12-02",
          "team1": {
            "key": "lask",
            "name": "LASK Linz",
            "code": "ASK"
          },
          "team2": {
            "key": "linz",
            "name": "FC Blau-Weiß Linz",
            "code": "BWL"
          },
          "score1": 4,
          "score2": 0
        },
        {
          "date": "2016-12-02",
          "team1": {
            "key": "wattens",
            "name": "WSG Wattens",
            "code": "WAT"
          },
          "team2": {
            "key": "fac",
            "name": "Floridsdorfer AC",
            "code": "FAC"
          },
          "score1": 1,
          "score2": 0
        },
        {
          "date": "2016-12-02",
          "team1": {
            "key": "alustenau",
            "name": "SC Austria Lustenau",
            "code": "ALU"
          },
          "team2": {
            "key": "horn",
            "name": "SV Horn",
            "code": "SVH"
          },
          "score1": 2,
          "score2": 3
        },
        {
          "date": "2016-12-02",
          "team1": {
            "key": "ksv",
            "name": "Kapfenberger SV",
            "code": "KSV"
          },
          "team2": {
            "key": "innsbruck",
            "name": "FC Wacker Innsbruck",
            "code": "FCW"
          },
          "score1": 1,
          "score2": 3
        }
      ]
    },
    {
      "name": "Runde 21",
      "matches": [
        {
          "date": "2017-02-24",
          "team1": {
            "key": "liefering",
            "name": "FC Liefering",
            "code": "FCL"
          },
          "team2": {
            "key": "lask",
            "name": "LASK Linz",
            "code": "ASK"
          },
          "score1": 0,
          "score2": 3
        },
        {
          "date": "2017-02-24",
          "team1": {
            "key": "linz",
            "name": "FC Blau-Weiß Linz",
            "code": "BWL"
          },
          "team2": {
            "key": "wrneustadt",
            "name": "SC Wiener Neustadt",
            "code": "WRN"
          },
          "score1": 3,
          "score2": 0
        },
        {
          "date": "2017-02-24",
          "team1": {
            "key": "innsbruck",
            "name": "FC Wacker Innsbruck",
            "code": "FCW"
          },
          "team2": {
            "key": "wattens",
            "name": "WSG Wattens",
            "code": "WAT"
          },
          "score1": 0,
          "score2": 1
        },
        {
          "date": "2017-02-24",
          "team1": {
            "key": "horn",
            "name": "SV Horn",
            "code": "SVH"
          },
          "team2": {
            "key": "ksv",
            "name": "Kapfenberger SV",
            "code": "KSV"
          },
          "score1": 2,
          "score2": 1
        },
        {
          "date": "2017-02-24",
          "team1": {
            "key": "fac",
            "name": "Floridsdorfer AC",
            "code": "FAC"
          },
          "team2": {
            "key": "alustenau",
            "name": "SC Austria Lustenau",
            "code": "ALU"
          },
          "score1": 1,
          "score2": 0
        }
      ]
    },
    {
      "name": "Runde 22",
      "matches": [
        {
          "date": "2017-03-03",
          "team1": {
            "key": "liefering",
            "name": "FC Liefering",
            "code": "FCL"
          },
          "team2": {
            "key": "fac",
            "name": "Floridsdorfer AC",
            "code": "FAC"
          },
          "score1": 1,
          "score2": 0
        },
        {
          "date": "2017-03-03",
          "team1": {
            "key": "lask",
            "name": "LASK Linz",
            "code": "ASK"
          },
          "team2": {
            "key": "innsbruck",
            "name": "FC Wacker Innsbruck",
            "code": "FCW"
          },
          "score1": 3,
          "score2": 1
        },
        {
          "date": "2017-03-03",
          "team1": {
            "key": "wattens",
            "name": "WSG Wattens",
            "code": "WAT"
          },
          "team2": {
            "key": "wrneustadt",
            "name": "SC Wiener Neustadt",
            "code": "WRN"
          },
          "score1": 3,
          "score2": 0
        },
        {
          "date": "2017-03-03",
          "team1": {
            "key": "alustenau",
            "name": "SC Austria Lustenau",
            "code": "ALU"
          },
          "team2": {
            "key": "ksv",
            "name": "Kapfenberger SV",
            "code": "KSV"
          },
          "score1": 0,
          "score2": 0
        },
        {
          "date": "2017-03-03",
          "team1": {
            "key": "horn",
            "name": "SV Horn",
            "code": "SVH"
          },
          "team2": {
            "key": "linz",
            "name": "FC Blau-Weiß Linz",
            "code": "BWL"
          },
          "score1": 0,
          "score2": 2
        }
      ]
    },
    {
      "name": "Runde 23",
      "matches": [
        {
          "date": "2017-03-10",
          "team1": {
            "key": "wrneustadt",
            "name": "SC Wiener Neustadt",
            "code": "WRN"
          },
          "team2": {
            "key": "lask",
            "name": "LASK Linz",
            "code": "ASK"
          },
          "score1": 0,
          "score2": 2
        },
        {
          "date": "2017-03-10",
          "team1": {
            "key": "linz",
            "name": "FC Blau-Weiß Linz",
            "code": "BWL"
          },
          "team2": {
            "key": "alustenau",
            "name": "SC Austria Lustenau",
            "code": "ALU"
          },
          "score1": 0,
          "score2": 0
        },
        {
          "date": "2017-03-10",
          "team1": {
            "key": "innsbruck",
            "name": "FC Wacker Innsbruck",
            "code": "FCW"
          },
          "team2": {
            "key": "liefering",
            "name": "FC Liefering",
            "code": "FCL"
          },
          "score1": 0,
          "score2": 2
        },
        {
          "date": "2017-03-10",
          "team1": {
            "key": "ksv",
            "name": "Kapfenberger SV",
            "code": "KSV"
          },
          "team2": {
            "key": "wattens",
            "name": "WSG Wattens",
            "code": "WAT"
          },
          "score1": 2,
          "score2": 1
        },
        {
          "date": "2017-03-10",
          "team1": {
            "key": "fac",
            "name": "Floridsdorfer AC",
            "code": "FAC"
          },
          "team2": {
            "key": "horn",
            "name": "SV Horn",
            "code": "SVH"
          },
          "score1": 0,
          "score2": 2
        }
      ]
    },
    {
      "name": "Runde 24",
      "matches": [
        {
          "date": "2017-03-14",
          "team1": {
            "key": "liefering",
            "name": "FC Liefering",
            "code": "FCL"
          },
          "team2": {
            "key": "ksv",
            "name": "Kapfenberger SV",
            "code": "KSV"
          },
          "score1": 1,
          "score2": 1
        },
        {
          "date": "2017-03-14",
          "team1": {
            "key": "lask",
            "name": "LASK Linz",
            "code": "ASK"
          },
          "team2": {
            "key": "wattens",
            "name": "WSG Wattens",
            "code": "WAT"
          },
          "score1": 2,
          "score2": 0
        },
        {
          "date": "2017-03-14",
          "team1": {
            "key": "innsbruck",
            "name": "FC Wacker Innsbruck",
            "code": "FCW"
          },
          "team2": {
            "key": "alustenau",
            "name": "SC Austria Lustenau",
            "code": "ALU"
          },
          "score1": 1,
          "score2": 0
        },
        {
          "date": "2017-03-14",
          "team1": {
            "key": "horn",
            "name": "SV Horn",
            "code": "SVH"
          },
          "team2": {
            "key": "wrneustadt",
            "name": "SC Wiener Neustadt",
            "code": "WRN"
          },
          "score1": 2,
          "score2": 0
        },
        {
          "date": "2017-03-14",
          "team1": {
            "key": "fac",
            "name": "Floridsdorfer AC",
            "code": "FAC"
          },
          "team2": {
            "key": "linz",
            "name": "FC Blau-Weiß Linz",
            "code": "BWL"
          },
          "score1": 1,
          "score2": 2
        }
      ]
    },
    {
      "name": "Runde 25",
      "matches": [
        {
          "date": "2017-03-17",
          "team1": {
            "key": "wrneustadt",
            "name": "SC Wiener Neustadt",
            "code": "WRN"
          },
          "team2": {
            "key": "fac",
            "name": "Floridsdorfer AC",
            "code": "FAC"
          },
          "score1": 0,
          "score2": 3
        },
        {
          "date": "2017-03-17",
          "team1": {
            "key": "linz",
            "name": "FC Blau-Weiß Linz",
            "code": "BWL"
          },
          "team2": {
            "key": "innsbruck",
            "name": "FC Wacker Innsbruck",
            "code": "FCW"
          },
          "score1": 3,
          "score2": 1
        },
        {
          "date": "2017-03-17",
          "team1": {
            "key": "wattens",
            "name": "WSG Wattens",
            "code": "WAT"
          },
          "team2": {
            "key": "horn",
            "name": "SV Horn",
            "code": "SVH"
          },
          "score1": 1,
          "score2": 1
        },
        {
          "date": "2017-03-17",
          "team1": {
            "key": "alustenau",
            "name": "SC Austria Lustenau",
            "code": "ALU"
          },
          "team2": {
            "key": "liefering",
            "name": "FC Liefering",
            "code": "FCL"
          },
          "score1": 2,
          "score2": 0
        },
        {
          "date": "2017-03-17",
          "team1": {
            "key": "ksv",
            "name": "Kapfenberger SV",
            "code": "KSV"
          },
          "team2": {
            "key": "lask",
            "name": "LASK Linz",
            "code": "ASK"
          },
          "score1": 2,
          "score2": 2
        }
      ]
    },
    {
      "name": "Runde 26",
      "matches": [
        {
          "date": "2017-03-31",
          "team1": {
            "key": "wrneustadt",
            "name": "SC Wiener Neustadt",
            "code": "WRN"
          },
          "team2": {
            "key": "alustenau",
            "name": "SC Austria Lustenau",
            "code": "ALU"
          },
          "score1": 1,
          "score2": 1
        },
        {
          "date": "2017-03-31",
          "team1": {
            "key": "linz",
            "name": "FC Blau-Weiß Linz",
            "code": "BWL"
          },
          "team2": {
            "key": "ksv",
            "name": "Kapfenberger SV",
            "code": "KSV"
          },
          "score1": 1,
          "score2": 2
        },
        {
          "date": "2017-03-31",
          "team1": {
            "key": "wattens",
            "name": "WSG Wattens",
            "code": "WAT"
          },
          "team2": {
            "key": "liefering",
            "name": "FC Liefering",
            "code": "FCL"
          },
          "score1": 5,
          "score2": 0
        },
        {
          "date": "2017-03-31",
          "team1": {
            "key": "horn",
            "name": "SV Horn",
            "code": "SVH"
          },
          "team2": {
            "key": "innsbruck",
            "name": "FC Wacker Innsbruck",
            "code": "FCW"
          },
          "score1": 1,
          "score2": 2
        },
        {
          "date": "2017-03-31",
          "team1": {
            "key": "fac",
            "name": "Floridsdorfer AC",
            "code": "FAC"
          },
          "team2": {
            "key": "lask",
            "name": "LASK Linz",
            "code": "ASK"
          },
          "score1": 1,
          "score2": 3
        }
      ]
    },
    {
      "name": "Runde 27",
      "matches": [
        {
          "date": "2017-04-07",
          "team1": {
            "key": "liefering",
            "name": "FC Liefering",
            "code": "FCL"
          },
          "team2": {
            "key": "linz",
            "name": "FC Blau-Weiß Linz",
            "code": "BWL"
          },
          "score1": 0,
          "score2": 3
        },
        {
          "date": "2017-04-07",
          "team1": {
            "key": "lask",
            "name": "LASK Linz",
            "code": "ASK"
          },
          "team2": {
            "key": "horn",
            "name": "SV Horn",
            "code": "SVH"
          },
          "score1": 2,
          "score2": 1
        },
        {
          "date": "2017-04-07",
          "team1": {
            "key": "innsbruck",
            "name": "FC Wacker Innsbruck",
            "code": "FCW"
          },
          "team2": {
            "key": "wrneustadt",
            "name": "SC Wiener Neustadt",
            "code": "WRN"
          },
          "score1": 2,
          "score2": 2
        },
        {
          "date": "2017-04-07",
          "team1": {
            "key": "alustenau",
            "name": "SC Austria Lustenau",
            "code": "ALU"
          },
          "team2": {
            "key": "wattens",
            "name": "WSG Wattens",
            "code": "WAT"
          },
          "score1": 2,
          "score2": 2
        },
        {
          "date": "2017-04-07",
          "team1": {
            "key": "ksv",
            "name": "Kapfenberger SV",
            "code": "KSV"
          },
          "team2": {
            "key": "fac",
            "name": "Floridsdorfer AC",
            "code": "FAC"
          },
          "score1": 0,
          "score2": 1
        }
      ]
    },
    {
      "name": "Runde 28",
      "matches": [
        {
          "date": "2017-04-14",
          "team1": {
            "key": "wrneustadt",
            "name": "SC Wiener Neustadt",
            "code": "WRN"
          },
          "team2": {
            "key": "ksv",
            "name": "Kapfenberger SV",
            "code": "KSV"
          },
          "score1": 3,
          "score2": 1
        },
        {
          "date": "2017-04-14",
          "team1": {
            "key": "lask",
            "name": "LASK Linz",
            "code": "ASK"
          },
          "team2": {
            "key": "alustenau",
            "name": "SC Austria Lustenau",
            "code": "ALU"
          },
          "score1": 2,
          "score2": 0
        },
        {
          "date": "2017-04-14",
          "team1": {
            "key": "wattens",
            "name": "WSG Wattens",
            "code": "WAT"
          },
          "team2": {
            "key": "linz",
            "name": "FC Blau-Weiß Linz",
            "code": "BWL"
          },
          "score1": 3,
          "score2": 3
        },
        {
          "date": "2017-04-14",
          "team1": {
            "key": "horn",
            "name": "SV Horn",
            "code": "SVH"
          },
          "team2": {
            "key": "liefering",
            "name": "FC Liefering",
            "code": "FCL"
          },
          "score1": 0,
          "score2": 1
        },
        {
          "date": "2017-04-14",
          "team1": {
            "key": "fac",
            "name": "Floridsdorfer AC",
            "code": "FAC"
          },
          "team2": {
            "key": "innsbruck",
            "name": "FC Wacker Innsbruck",
            "code": "FCW"
          },
          "score1": 1,
          "score2": 2
        }
      ]
    },
    {
      "name": "Nachtrag Runde 29",
      "matches": [
        {
          "date": "2017-04-25",
          "team1": {
            "key": "liefering",
            "name": "FC Liefering",
            "code": "FCL"
          },
          "team2": {
            "key": "wrneustadt",
            "name": "SC Wiener Neustadt",
            "code": "WRN"
          },
          "score1": 2,
          "score2": 1
        },
        {
          "date": "2017-04-18",
          "team1": {
            "key": "linz",
            "name": "FC Blau-Weiß Linz",
            "code": "BWL"
          },
          "team2": {
            "key": "lask",
            "name": "LASK Linz",
            "code": "ASK"
          },
          "score1": 1,
          "score2": 1
        },
        {
          "date": "2017-04-18",
          "team1": {
            "key": "innsbruck",
            "name": "FC Wacker Innsbruck",
            "code": "FCW"
          },
          "team2": {
            "key": "ksv",
            "name": "Kapfenberger SV",
            "code": "KSV"
          },
          "score1": 3,
          "score2": 3
        },
        {
          "date": "2017-04-18",
          "team1": {
            "key": "horn",
            "name": "SV Horn",
            "code": "SVH"
          },
          "team2": {
            "key": "alustenau",
            "name": "SC Austria Lustenau",
            "code": "ALU"
          },
          "score1": 1,
          "score2": 2
        },
        {
          "date": "2017-04-18",
          "team1": {
            "key": "fac",
            "name": "Floridsdorfer AC",
            "code": "FAC"
          },
          "team2": {
            "key": "wattens",
            "name": "WSG Wattens",
            "code": "WAT"
          },
          "score1": 0,
          "score2": 2
        }
      ]
    },
    {
      "name": "Runde 30",
      "matches": [
        {
          "date": "2017-04-21",
          "team1": {
            "key": "wrneustadt",
            "name": "SC Wiener Neustadt",
            "code": "WRN"
          },
          "team2": {
            "key": "linz",
            "name": "FC Blau-Weiß Linz",
            "code": "BWL"
          },
          "score1": 0,
          "score2": 0
        },
        {
          "date": "2017-04-21",
          "team1": {
            "key": "lask",
            "name": "LASK Linz",
            "code": "ASK"
          },
          "team2": {
            "key": "liefering",
            "name": "FC Liefering",
            "code": "FCL"
          },
          "score1": 3,
          "score2": 0
        },
        {
          "date": "2017-04-21",
          "team1": {
            "key": "wattens",
            "name": "WSG Wattens",
            "code": "WAT"
          },
          "team2": {
            "key": "innsbruck",
            "name": "FC Wacker Innsbruck",
            "code": "FCW"
          },
          "score1": 3,
          "score2": 4
        },
        {
          "date": "2017-04-21",
          "team1": {
            "key": "alustenau",
            "name": "SC Austria Lustenau",
            "code": "ALU"
          },
          "team2": {
            "key": "fac",
            "name": "Floridsdorfer AC",
            "code": "FAC"
          },
          "score1": 0,
          "score2": 0
        },
        {
          "date": "2017-04-21",
          "team1": {
            "key": "ksv",
            "name": "Kapfenberger SV",
            "code": "KSV"
          },
          "team2": {
            "key": "horn",
            "name": "SV Horn",
            "code": "SVH"
          },
          "score1": 1,
          "score2": 1
        }
      ]
    },
    {
      "name": "Nachtrag Runde 31",
      "matches": [
        {
          "date": "2017-04-28",
          "team1": {
            "key": "wrneustadt",
            "name": "SC Wiener Neustadt",
            "code": "WRN"
          },
          "team2": {
            "key": "wattens",
            "name": "WSG Wattens",
            "code": "WAT"
          },
          "score1": 2,
          "score2": 0
        },
        {
          "date": "2017-04-28",
          "team1": {
            "key": "linz",
            "name": "FC Blau-Weiß Linz",
            "code": "BWL"
          },
          "team2": {
            "key": "horn",
            "name": "SV Horn",
            "code": "SVH"
          },
          "score1": 1,
          "score2": 4
        },
        {
          "date": "2017-05-08",
          "team1": {
            "key": "innsbruck",
            "name": "FC Wacker Innsbruck",
            "code": "FCW"
          },
          "team2": {
            "key": "lask",
            "name": "LASK Linz",
            "code": "ASK"
          },
          "score1": 2,
          "score2": 3
        },
        {
          "date": "2017-04-28",
          "team1": {
            "key": "ksv",
            "name": "Kapfenberger SV",
            "code": "KSV"
          },
          "team2": {
            "key": "alustenau",
            "name": "SC Austria Lustenau",
            "code": "ALU"
          },
          "score1": 2,
          "score2": 3
        },
        {
          "date": "2017-04-28",
          "team1": {
            "key": "fac",
            "name": "Floridsdorfer AC",
            "code": "FAC"
          },
          "team2": {
            "key": "liefering",
            "name": "FC Liefering",
            "code": "FCL"
          },
          "score1": 0,
          "score2": 3
        }
      ]
    },
    {
      "name": "Runde 32",
      "matches": [
        {
          "date": "2017-05-02",
          "team1": {
            "key": "liefering",
            "name": "FC Liefering",
            "code": "FCL"
          },
          "team2": {
            "key": "innsbruck",
            "name": "FC Wacker Innsbruck",
            "code": "FCW"
          },
          "score1": 0,
          "score2": 3
        },
        {
          "date": "2017-05-02",
          "team1": {
            "key": "lask",
            "name": "LASK Linz",
            "code": "ASK"
          },
          "team2": {
            "key": "wrneustadt",
            "name": "SC Wiener Neustadt",
            "code": "WRN"
          },
          "score1": 1,
          "score2": 0
        },
        {
          "date": "2017-05-02",
          "team1": {
            "key": "wattens",
            "name": "WSG Wattens",
            "code": "WAT"
          },
          "team2": {
            "key": "ksv",
            "name": "Kapfenberger SV",
            "code": "KSV"
          },
          "score1": 4,
          "score2": 1
        },
        {
          "date": "2017-05-02",
          "team1": {
            "key": "alustenau",
            "name": "SC Austria Lustenau",
            "code": "ALU"
          },
          "team2": {
            "key": "linz",
            "name": "FC Blau-Weiß Linz",
            "code": "BWL"
          },
          "score1": 1,
          "score2": 4
        },
        {
          "date": "2017-05-02",
          "team1": {
            "key": "horn",
            "name": "SV Horn",
            "code": "SVH"
          },
          "team2": {
            "key": "fac",
            "name": "Floridsdorfer AC",
            "code": "FAC"
          },
          "score1": 0,
          "score2": 2
        }
      ]
    },
    {
      "name": "Runde 33",
      "matches": [
        {
          "date": "2017-05-05",
          "team1": {
            "key": "wrneustadt",
            "name": "SC Wiener Neustadt",
            "code": "WRN"
          },
          "team2": {
            "key": "horn",
            "name": "SV Horn",
            "code": "SVH"
          },
          "score1": 3,
          "score2": 1
        },
        {
          "date": "2017-05-05",
          "team1": {
            "key": "linz",
            "name": "FC Blau-Weiß Linz",
            "code": "BWL"
          },
          "team2": {
            "key": "fac",
            "name": "Floridsdorfer AC",
            "code": "FAC"
          },
          "score1": 0,
          "score2": 0
        },
        {
          "date": "2017-05-05",
          "team1": {
            "key": "wattens",
            "name": "WSG Wattens",
            "code": "WAT"
          },
          "team2": {
            "key": "lask",
            "name": "LASK Linz",
            "code": "ASK"
          },
          "score1": 2,
          "score2": 0
        },
        {
          "date": "2017-05-05",
          "team1": {
            "key": "alustenau",
            "name": "SC Austria Lustenau",
            "code": "ALU"
          },
          "team2": {
            "key": "innsbruck",
            "name": "FC Wacker Innsbruck",
            "code": "FCW"
          },
          "score1": 2,
          "score2": 1
        },
        {
          "date": "2017-05-05",
          "team1": {
            "key": "ksv",
            "name": "Kapfenberger SV",
            "code": "KSV"
          },
          "team2": {
            "key": "liefering",
            "name": "FC Liefering",
            "code": "FCL"
          },
          "score1": 0,
          "score2": 3
        }
      ]
    },
    {
      "name": "Runde 34",
      "matches": [
        {
          "date": "2017-05-12",
          "team1": {
            "key": "liefering",
            "name": "FC Liefering",
            "code": "FCL"
          },
          "team2": {
            "key": "alustenau",
            "name": "SC Austria Lustenau",
            "code": "ALU"
          },
          "score1": 4,
          "score2": 1
        },
        {
          "date": "2017-05-12",
          "team1": {
            "key": "lask",
            "name": "LASK Linz",
            "code": "ASK"
          },
          "team2": {
            "key": "ksv",
            "name": "Kapfenberger SV",
            "code": "KSV"
          },
          "score1": 1,
          "score2": 1
        },
        {
          "date": "2017-05-12",
          "team1": {
            "key": "innsbruck",
            "name": "FC Wacker Innsbruck",
            "code": "FCW"
          },
          "team2": {
            "key": "linz",
            "name": "FC Blau-Weiß Linz",
            "code": "BWL"
          },
          "score1": 2,
          "score2": 1
        },
        {
          "date": "2017-05-12",
          "team1": {
            "key": "horn",
            "name": "SV Horn",
            "code": "SVH"
          },
          "team2": {
            "key": "wattens",
            "name": "WSG Wattens",
            "code": "WAT"
          },
          "score1": 2,
          "score2": 3
        },
        {
          "date": "2017-05-12",
          "team1": {
            "key": "fac",
            "name": "Floridsdorfer AC",
            "code": "FAC"
          },
          "team2": {
            "key": "wrneustadt",
            "name": "SC Wiener Neustadt",
            "code": "WRN"
          },
          "score1": 3,
          "score2": 0
        }
      ]
    },
    {
      "name": "Runde 35",
      "matches": [
        {
          "date": "2017-05-19",
          "team1": {
            "key": "liefering",
            "name": "FC Liefering",
            "code": "FCL"
          },
          "team2": {
            "key": "wattens",
            "name": "WSG Wattens",
            "code": "WAT"
          },
          "score1": 2,
          "score2": 3
        },
        {
          "date": "2017-05-19",
          "team1": {
            "key": "lask",
            "name": "LASK Linz",
            "code": "ASK"
          },
          "team2": {
            "key": "fac",
            "name": "Floridsdorfer AC",
            "code": "FAC"
          },
          "score1": 2,
          "score2": 2
        },
        {
          "date": "2017-05-19",
          "team1": {
            "key": "innsbruck",
            "name": "FC Wacker Innsbruck",
            "code": "FCW"
          },
          "team2": {
            "key": "horn",
            "name": "SV Horn",
            "code": "SVH"
          },
          "score1": 3,
          "score2": 0
        },
        {
          "date": "2017-05-19",
          "team1": {
            "key": "alustenau",
            "name": "SC Austria Lustenau",
            "code": "ALU"
          },
          "team2": {
            "key": "wrneustadt",
            "name": "SC Wiener Neustadt",
            "code": "WRN"
          },
          "score1": 2,
          "score2": 0
        },
        {
          "date": "2017-05-19",
          "team1": {
            "key": "ksv",
            "name": "Kapfenberger SV",
            "code": "KSV"
          },
          "team2": {
            "key": "linz",
            "name": "FC Blau-Weiß Linz",
            "code": "BWL"
          },
          "score1": 3,
          "score2": 2
        }
      ]
    },
    {
      "name": "Runde 36",
      "matches": [
        {
          "date": "2017-05-26",
          "team1": {
            "key": "wrneustadt",
            "name": "SC Wiener Neustadt",
            "code": "WRN"
          },
          "team2": {
            "key": "innsbruck",
            "name": "FC Wacker Innsbruck",
            "code": "FCW"
          },
          "score1": 1,
          "score2": 3
        },
        {
          "date": "2017-05-26",
          "team1": {
            "key": "linz",
            "name": "FC Blau-Weiß Linz",
            "code": "BWL"
          },
          "team2": {
            "key": "liefering",
            "name": "FC Liefering",
            "code": "FCL"
          },
          "score1": 0,
          "score2": 0
        },
        {
          "date": "2017-05-26",
          "team1": {
            "key": "wattens",
            "name": "WSG Wattens",
            "code": "WAT"
          },
          "team2": {
            "key": "alustenau",
            "name": "SC Austria Lustenau",
            "code": "ALU"
          },
          "score1": 2,
          "score2": 2
        },
        {
          "date": "2017-05-26",
          "team1": {
            "key": "horn",
            "name": "SV Horn",
            "code": "SVH"
          },
          "team2": {
            "key": "lask",
            "name": "LASK Linz",
            "code": "ASK"
          },
          "score1": 1,
          "score2": 2
        },
        {
          "date": "2017-05-26",
          "team1": {
            "key": "fac",
            "name": "Floridsdorfer AC",
            "code": "FAC"
          },
          "team2": {
            "key": "ksv",
            "name": "Kapfenberger SV",
            "code": "KSV"
          },
          "score1": 3,
          "score2": 1
        }
      ]
    }
  ]
}