{
  "name": "Österr. Erste Liga 2016/17",
  "clubs": [
    {
      "key": "wrneustadt",
      "name": "SC Wiener Neustadt",
      "code": "WRN"
    },
    {
      "key": "innsbruck",
      "name": "FC Wacker Innsbruck",
      "code": "FCW"
    },
    {
      "key": "alustenau",
      "name": "SC Austria Lustenau",
      "code": "ALU"
    },
    {
      "key": "ksv",
      "name": "Kapfenberger SV",
      "code": "KSV"
    },
    {
      "key": "liefering",
      "name": "FC Liefering",
      "code": "FCL"
    },
    {
      "key": "fac",
      "name": "Floridsdorfer AC",
      "code": "FAC"
    },
    {
      "key": "lask",
      "name": "LASK Linz",
      "code": "ASK"
    },
    {
      "key": "horn",
      "name": "SV Horn",
      "code": "SVH"
    },
    {
      "key": "linz",
      "name": "FC Blau-Weiß Linz",
      "code": "BWL"
    },
    {
      "key": "wattens",
      "name": "WSG Wattens",
      "code": "WAT"
    }
  ]
}