{
  "name": "Primera División 2016/17",
  "clubs": [
    {
      "key": "barcelona",
      "name": "Barcelona",
      "code": "BAR"
    },
    {
      "key": "espanyol",
      "name": "Espanyol",
      "code": "ESP"
    },
    {
      "key": "madrid",
      "name": "R. Madrid",
      "code": "RMD"
    },
    {
      "key": "atletico",
      "name": "Atlético",
      "code": "ATL"
    },
    {
      "key": "sevilla",
      "name": "Sevilla",
      "code": "SEV"
    },
    {
      "key": "valencia",
      "name": "Valencia",
      "code": "VAL"
    },
    {
      "key": "malaga",
      "name": "Málaga",
      "code": "MAG"
    },
    {
      "key": "athletic",
      "name": "Athletic",
      "code": "ATH"
    },
    {
      "key": "granada",
      "name": "Granada",
      "code": "GRA"
    },
    {
      "key": "celta",
      "name": "Celta",
      "code": "CEL"
    },
    {
      "key": "realsociedad",
      "name": "R. Sociedad",
      "code": "RSO"
    },
    {
      "key": "deportivo",
      "name": "Deportivo",
      "code": "DEP"
    },
    {
      "key": "eibar",
      "name": "Eibar",
      "code": null
    },
    {
      "key": "betis",
      "name": "Betis",
      "code": "BET"
    },
    {
      "key": "sporting",
      "name": "Sporting",
      "code": null
    },
    {
      "key": "laspalmas",
      "name": "Las Palmas",
      "code": null
    },
    {
      "key": "osasuna",
      "name": "Osasuna",
      "code": "OSA"
    },
    {
      "key": "villareal",
      "name": "Villarreal CF",
      "code": "VLL"
    },
    {
      "key": "alaves",
      "name": "Alavés",
      "code": null
    },
    {
      "key": "leganes",
      "name": "Club Deportivo Leganés",
      "code": null
    }
  ]
}