{
  "name": "French Ligue 1 2016/17",
  "clubs": [
    {
      "key": "paris",
      "name": "Paris Saint-Germain",
      "code": "PSG"
    },
    {
      "key": "lyon",
      "name": "Olympique Lyonnais",
      "code": "OL"
    },
    {
      "key": "monaco",
      "name": "AS Monaco FC",
      "code": "ASM"
    },
    {
      "key": "nice",
      "name": "OGC Nice",
      "code": "OGC"
    },
    {
      "key": "losc",
      "name": "Lille OSC",
      "code": "LOSC"
    },
    {
      "key": "asse",
      "name": "AS Saint-Etienne",
      "code": "ASSE"
    },
    {
      "key": "caen",
      "name": "SM Caen",
      "code": "SMC"
    },
    {
      "key": "rennes",
      "name": "Stade Rennais FC",
      "code": "REN"
    },
    {
      "key": "scoangers",
      "name": "Angers SCO",
      "code": "SCO"
    },
    {
      "key": "bastia",
      "name": "SC Bastia",
      "code": "SCB"
    },
    {
      "key": "bordeaux",
      "name": "Girondins de Bordeaux",
      "code": "BOR"
    },
    {
      "key": "montpellier",
      "name": "Montpellier HSC",
      "code": "MON"
    },
    {
      "key": "marseille",
      "name": "Olympique de Marseille",
      "code": "OM"
    },
    {
      "key": "nantes",
      "name": "FC Nantes",
      "code": "FCN"
    },
    {
      "key": "lorient",
      "name": "FC Lorient",
      "code": "FCL"
    },
    {
      "key": "guingamp",
      "name": "EA Guingamp",
      "code": "EAG"
    },
    {
      "key": "toulouse",
      "name": "Toulouse FC",
      "code": "TFC"
    },
    {
      "key": "nancy",
      "name": "AS Nancy-Loraine",
      "code": "ASN"
    },
    {
      "key": "dijon",
      "name": "Dijon FCO",
      "code": "DFC"
    },
    {
      "key": "metz",
      "name": "FC Metz",
      "code": "FCM"
    }
  ]
}
